Current (A),Voltage_B1(V),Voltage_B2(V),Voltage_B3(V)
0.001353,0.001829,0.001871,0.012856
0.026266,0.001829,0.001871,0.012856
0.026266,0.001005,0.001043,0.012026
0.001354,0.001829,0.001871,0.012857
0.026267,0.001005,0.001871,0.012857
0.026267,0.001829,0.001871,0.012857
0.001355,0.001829,0.001043,0.013689
0.051182,0.001830,0.001043,0.012027
0.026271,0.003478,0.001871,0.012858
0.026274,0.001830,0.001871,0.012027
0.026275,0.001006,0.001043,0.011196
0.026276,0.001830,0.001871,0.012859
0.026278,0.001830,0.001871,0.012859
0.026280,0.001006,0.001043,0.011197
0.026282,0.002654,0.001871,0.012028
0.051196,0.001830,0.001871,0.012028
0.026284,0.001006,0.001871,0.012029
0.026287,0.001830,0.002699,0.012860
0.026288,0.001830,0.001871,0.012029
0.026291,0.001006,0.001043,0.011198
0.001381,0.001830,0.001871,0.012030
0.026296,0.001831,0.001871,0.012030
0.026298,0.001006,0.001043,0.010368
0.051212,0.001831,0.001871,0.012030
0.026300,0.001007,0.001043,0.011199
0.026300,0.001007,0.001043,0.010368
0.026300,0.001831,0.001871,0.011200
0.026300,0.001007,0.001043,0.011200
0.051214,0.001007,0.001043,0.011200
0.026302,0.001831,0.001871,0.012031
0.026303,0.001007,0.001043,0.011201
0.026304,0.001007,0.001043,0.011201
0.001391,0.001007,0.001871,0.012032
0.001392,0.001007,0.001043,0.011201
0.001392,0.000183,0.001043,0.010371
0.026306,0.001008,0.001871,0.011202
0.051220,0.001008,0.001043,0.010371
0.051221,0.000184,0.001043,0.009540
0.026308,0.001008,0.001872,0.010371
0.026309,0.001008,0.001872,0.011203
0.051223,-0.000640,0.001043,0.010372
0.051224,0.000184,0.001872,0.011203
0.051226,0.001008,0.001872,0.011203
0.026313,0.001008,0.002700,0.011204
0.051226,0.000184,0.001044,0.010373
0.051226,0.001009,0.001872,0.011204
0.051228,0.001833,0.001872,0.011204
0.051229,0.001009,0.001872,0.010374
0.051230,0.000185,0.001044,0.010374
0.026318,0.001009,0.001872,0.011205
0.026318,0.001833,0.002700,0.011205
0.026319,0.000185,0.001044,0.009543
0.026319,0.001009,0.001044,0.012037
0.001405,0.001009,0.001872,0.011206
0.026319,0.000185,0.001044,0.010375
0.026319,0.000185,0.000216,0.010375
0.026320,0.001009,0.001044,0.011207
0.026320,0.001009,0.001044,0.010376
0.051234,0.000185,0.000216,0.008714
0.051235,0.001834,0.001872,0.011207
0.026322,0.001834,0.001044,0.010376
0.026325,0.001010,0.001044,0.009546
0.026327,0.001010,0.001044,0.009546
0.026327,0.001834,0.001044,0.010377
0.051240,0.001834,0.001044,0.009546
0.051240,0.000186,0.001044,0.008715
0.051240,0.001834,0.001872,0.010378
0.051240,0.001834,0.001872,0.010378
0.076154,0.001010,0.001044,0.010378
0.051241,0.000186,0.000216,0.008716
0.026328,0.001834,0.001872,0.010378
0.051242,0.001834,0.001872,0.010379
0.051242,0.001835,0.001044,0.009548
0.051243,0.001011,0.000216,0.008717
0.051243,0.001011,0.001044,0.010379
0.051245,0.001011,0.001044,0.010379
0.051247,0.001011,0.001044,0.010380
0.051248,0.000187,0.000216,0.009549
0.051250,0.000187,0.000216,0.010380
0.051252,0.001011,0.001044,0.011211
0.026340,0.001011,0.001044,0.011212
0.001427,0.000187,0.000216,0.009550
0.026341,0.000187,-0.000612,0.008719
0.001428,0.001011,0.000216,0.009550
0.051256,0.001011,0.000216,0.010382
0.001430,0.001011,0.000216,0.009551
0.026344,0.000187,0.000216,0.007889
0.001431,0.001011,0.000216,0.010382
0.026344,0.001835,0.000216,0.010382
0.051258,0.001011,0.000216,0.008720
0.051258,0.000187,0.000216,0.007890
0.026344,0.001012,0.000216,0.008721
0.026343,0.001012,0.000216,0.008721
0.051255,0.001012,0.000216,0.008721
0.026340,0.001012,0.000216,0.008722
0.076166,0.000188,0.000216,0.007891
0.051253,0.000188,0.000216,0.008722
0.026338,0.001012,0.000216,0.008722
0.026337,0.001012,0.000216,0.008722
0.026336,0.000188,-0.000612,0.007891
0.051248,0.000188,0.000216,0.008723
0.051248,-0.000636,-0.000612,0.007892
0.026336,-0.000636,0.000216,0.008723
0.026336,0.000188,0.000216,0.008723
0.026335,0.000188,0.000216,0.008724
0.051247,0.000188,0.000216,0.008724
0.051247,0.000188,-0.000612,0.007893
0.076159,-0.000636,0.000216,0.007893
0.076157,0.000188,0.001044,0.008725
0.051245,0.000188,0.000216,0.008725
0.051245,0.000188,0.000216,0.008725
0.026332,0.000188,0.000216,0.008725
0.051245,-0.000636,-0.000612,0.007894
0.026332,-0.000636,-0.000612,0.007894
0.051244,0.001013,0.000216,0.008726
0.051244,0.001013,0.000216,0.008726
0.076156,0.001013,0.000216,0.008726
0.076154,0.000189,-0.000612,0.007895
0.076154,0.000189,-0.000612,0.008726
0.051239,0.001013,0.000216,0.009558
0.051238,0.000189,0.000216,0.008727
0.076152,0.001013,0.000216,0.008727
0.076152,0.000189,0.000216,0.008727
0.076152,0.000189,-0.000612,0.007896
0.076153,-0.000635,-0.001441,0.007897
0.051241,0.001014,0.000216,0.008728
0.051241,0.001014,0.000216,0.008728
0.076155,0.000190,0.000216,0.008728
0.051242,0.001014,0.000216,0.008728
0.076156,0.000190,0.000216,0.007898
0.051243,0.000190,-0.000613,0.007898
0.076157,0.000190,-0.000613,0.007898
0.076158,0.000190,-0.000613,0.007898
0.076160,0.001014,0.000216,0.007898
0.051248,0.001014,-0.000613,0.007899
0.051250,0.000190,-0.000613,0.007899
0.076164,0.000190,-0.000613,0.008730
0.076165,0.000190,-0.000613,0.007899
0.076166,0.000190,-0.000613,0.007899
0.051253,0.000191,-0.000613,0.007899
0.051255,0.001015,-0.000613,0.007900
0.051256,0.000191,-0.000613,0.008731
0.076172,0.001015,0.000216,0.008731
0.076172,0.001015,-0.000613,0.007900
0.076172,0.001015,-0.000613,0.007901
0.051260,-0.000633,-0.000613,0.007901
0.076174,0.000191,-0.000613,0.007070
0.076176,0.000191,-0.000613,0.007901
0.051264,0.000191,-0.000613,0.007901
0.051266,0.000191,0.000215,0.007902
0.051268,0.000191,-0.000613,0.007902
0.051269,0.000191,-0.000613,0.007902
0.051271,0.000191,-0.000613,0.007902
0.051273,0.000191,-0.000613,0.007902
0.051275,-0.000633,-0.000613,0.007903
0.051276,0.000192,-0.000613,0.007903
0.051277,0.000192,-0.000613,0.007903
0.051279,0.000192,-0.000613,0.007903
0.051281,0.000192,-0.000613,0.007903
0.051282,0.000192,-0.000613,0.007904
0.051284,0.000192,-0.000613,0.007904
0.051286,0.000192,-0.000613,0.007904
0.051288,0.000192,-0.000613,0.007904
0.051290,0.000192,-0.000613,0.007904
0.051291,-0.000632,-0.001441,0.007905
0.051292,-0.000632,-0.001441,0.007074
0.051294,-0.000632,-0.001441,0.007074
0.076209,-0.000632,-0.001441,0.007074
0.051296,0.000192,-0.000613,0.007905
0.051298,-0.000632,-0.000613,0.007074
0.051299,0.000193,-0.001441,0.007906
0.051300,0.000193,-0.001441,0.007906
0.051302,0.000193,-0.000613,0.007906
0.076216,0.000193,-0.000613,0.007075
0.051304,0.000193,-0.000613,0.007075
0.051305,0.000193,0.000215,0.007075
0.076219,0.000193,-0.000613,0.007076
0.076220,-0.000631,-0.000613,0.007076
0.076221,-0.000631,-0.000613,0.007076
0.076221,-0.000631,-0.001441,0.007076
0.076223,-0.000631,-0.000613,0.007076
0.076225,0.000193,-0.000613,0.007907
0.076226,0.000193,-0.000613,0.007908
0.076227,-0.000631,-0.000613,0.007077
0.076228,-0.000631,-0.000613,0.007908
0.076230,-0.000630,-0.000613,0.007077
0.051317,0.000194,-0.000613,0.007077
0.076233,0.000194,-0.000613,0.007077
0.076236,0.000194,-0.000613,0.007077
0.076239,0.000194,-0.000613,0.007078
0.076242,-0.000630,-0.000613,0.007078
0.051330,-0.000630,-0.000613,0.006247
0.051330,0.000194,-0.000613,0.006247
0.051332,-0.000630,-0.000612,0.006247
0.051333,-0.000630,-0.000612,0.006247
0.076247,-0.000630,-0.000612,0.006247
0.076248,0.000195,-0.000612,0.006247
0.076249,-0.000629,-0.001440,0.006248
0.051337,-0.000629,-0.000612,0.006248
0.051338,-0.000629,-0.000612,0.006248
0.076252,-0.000629,-0.000612,0.006248
0.076253,-0.000629,-0.000612,0.006248
0.051342,-0.000629,-0.000612,0.006249
0.076257,0.000195,-0.000612,0.007080
0.076259,-0.000629,-0.000612,0.006249
0.076261,-0.000629,-0.000612,0.006249
0.076263,-0.000629,-0.000612,0.006249
0.076265,0.000195,-0.000612,0.006249
0.051353,0.000195,-0.000612,0.006250
0.076270,0.000195,-0.000612,0.006250
0.051358,-0.000629,-0.001440,0.006250
0.076273,-0.000629,-0.001440,0.006250
0.051362,-0.000629,-0.001440,0.006250
0.076277,-0.000629,-0.000612,0.006250
0.076279,-0.001453,-0.001440,0.006250
0.051368,-0.000628,-0.001440,0.005420
0.051370,-0.000628,-0.000612,0.006251
0.076285,-0.000628,-0.001440,0.006251
0.076287,-0.000628,-0.001440,0.007082
0.076289,-0.000628,-0.001440,0.006251
0.076290,-0.000628,-0.000612,0.006252
0.051378,-0.000628,-0.000612,0.006252
0.051380,0.000196,-0.000612,0.006252
0.051381,-0.000628,-0.000612,0.005421
0.051382,-0.001452,-0.001440,0.006252
0.051384,-0.000628,-0.001440,0.006252
0.051386,-0.001452,-0.001440,0.006253
0.051388,-0.000628,-0.001440,0.006253
0.051390,-0.000627,-0.001440,0.005422
0.051392,0.000197,-0.000612,0.006253
0.051393,-0.000627,-0.001440,0.005422
0.051395,-0.000627,-0.001440,0.005422
0.051396,-0.000627,-0.001440,0.005423
0.026485,-0.000627,-0.001440,0.005423
0.051400,-0.000627,-0.001440,0.006254
0.051402,-0.000627,-0.001440,0.006254
0.051404,-0.001451,-0.001440,0.005423
0.051406,-0.000627,-0.001440,0.004593
0.051409,-0.000627,-0.001440,0.005424
0.076323,-0.000626,-0.001440,0.004593
0.076325,-0.001450,-0.001440,0.004593
0.051413,-0.000626,-0.001440,0.005425
0.076328,-0.000626,-0.001440,0.005425
0.051417,-0.000626,-0.001440,0.004594
0.051419,-0.001450,-0.000612,0.005425
0.076333,-0.001450,-0.001440,0.005425
0.051423,-0.001450,-0.001440,0.004595
0.051425,-0.001450,-0.001440,0.004595
0.076340,-0.001450,-0.001440,0.004595
0.051430,-0.001450,-0.001440,0.005426
0.051431,-0.000625,-0.001440,0.005426
0.051433,-0.000625,-0.001440,0.004595
0.051436,-0.000625,-0.001440,0.004596
0.051437,-0.000625,-0.001440,0.004596
0.051439,-0.000625,-0.002268,0.005427
0.051440,-0.001449,-0.002268,0.004596
0.051441,-0.001449,-0.001440,0.004596
0.051442,-0.001449,-0.001440,0.004596
0.051443,-0.001449,-0.001440,0.004597
0.076357,-0.000625,-0.001440,0.004597
0.051446,-0.000625,-0.002268,0.004597
0.076360,-0.000625,-0.002268,0.004597
0.076363,-0.001449,-0.002268,0.004597
0.076366,-0.001449,-0.001440,0.004598
0.076368,-0.000624,-0.002268,0.003767
0.051457,-0.000624,-0.002268,0.003767
0.076372,-0.000624,-0.001440,0.004598
0.076374,-0.000624,-0.001440,0.004598
0.051463,-0.001448,-0.002268,0.004599
0.076377,-0.001448,-0.002268,0.004599
0.051465,-0.001448,-0.002268,0.004599
0.076378,-0.001448,-0.002268,0.004599
0.076378,-0.000624,-0.001439,0.005430
0.076379,-0.000624,-0.002268,0.004599
0.076380,-0.000624,-0.002268,0.004600
0.076381,-0.001448,-0.001439,0.004600
0.076382,-0.001448,-0.001439,0.004600
0.076384,-0.001448,-0.001439,0.004600
0.076385,-0.001448,-0.001439,0.004600
0.076386,-0.001447,-0.001439,0.004600
0.051475,-0.001447,-0.001439,0.004600
0.051477,-0.001447,-0.001439,0.004601
0.051478,-0.001447,-0.001439,0.004601
0.076392,-0.001447,-0.002267,0.004601
0.076393,-0.001447,-0.002267,0.004601
0.076394,-0.002271,-0.002267,0.004602
0.076394,-0.001447,-0.002267,0.003771
0.051482,-0.001447,-0.003095,0.004602
0.051483,-0.001447,-0.002267,0.004602
0.076397,-0.001447,-0.002267,0.004602
0.051485,-0.001447,-0.002267,0.004603
0.076399,-0.001447,-0.002267,0.004603
0.051486,-0.001447,-0.003095,0.003772
0.051487,-0.002271,-0.002267,0.003772
0.076400,-0.001447,-0.002267,0.003772
0.051487,-0.001446,-0.001439,0.004603
0.051487,-0.002271,-0.002267,0.004604
0.051488,-0.001446,-0.002267,0.004604
0.051488,-0.002270,-0.003095,0.004604
0.076401,-0.002270,-0.002267,0.004604
0.076400,-0.002270,-0.003095,0.003773
0.076400,-0.001446,-0.002267,0.003773
0.076401,-0.002270,-0.003095,0.003773
0.051489,-0.002270,-0.003095,0.003774
0.076403,-0.002270,-0.003095,0.003774
0.051489,-0.001446,-0.003095,0.003774
0.051489,-0.001446,-0.002267,0.003774
0.051491,-0.000621,-0.002267,0.004605
0.051493,-0.001445,-0.002267,0.003774
0.051495,-0.001445,-0.002267,0.003775
0.076410,-0.001445,-0.002267,0.003775
0.051498,-0.001445,-0.002267,0.003775
0.076412,-0.001445,-0.002267,0.003775
0.051501,-0.002269,-0.002267,0.003775
0.051503,-0.002269,-0.003095,0.003775
0.076418,-0.002269,-0.002267,0.003775
0.076419,-0.002269,-0.002267,0.002945
0.076422,-0.002269,-0.002267,0.002945
0.051510,-0.001445,-0.002267,0.003776
0.051512,-0.002269,-0.002267,0.004607
0.051513,-0.001444,-0.002267,0.004607
0.051515,-0.002269,-0.002267,0.003776
0.051518,-0.001444,-0.002267,0.003777
0.051519,-0.002268,-0.003095,0.003777
0.076432,-0.003092,-0.003095,0.003777
0.076433,-0.003092,-0.003095,0.002946
0.051521,-0.002268,-0.003095,0.002946
0.001696,-0.002268,-0.003095,0.002946
0.051525,-0.002268,-0.003095,0.002946
0.051526,-0.002268,-0.002266,0.003778
0.051526,-0.001444,-0.003095,0.003778
0.051527,-0.002268,-0.003094,0.003778
0.051527,-0.002268,-0.003094,0.002947
0.051528,-0.002268,-0.002266,0.002947
0.051529,-0.002268,-0.003094,0.002947
0.051529,-0.002267,-0.003094,0.002947
0.051530,-0.001443,-0.002266,0.002948
0.051531,-0.002267,-0.003094,0.002117
0.026618,-0.002267,-0.002266,0.002948
0.026620,-0.002267,-0.002266,0.002948
0.051534,-0.003091,-0.002266,0.002117
0.051535,-0.003091,-0.002266,0.002117
0.026623,-0.002267,-0.002266,0.002117
0.051536,-0.002267,-0.003094,0.002118
0.051536,-0.002267,-0.003094,0.001287
0.051537,-0.001443,-0.003094,0.002118
0.051537,-0.001442,-0.002266,0.002949
0.051537,-0.001442,-0.002266,0.002118
0.051538,-0.002266,-0.003094,0.002118
0.051538,-0.002266,-0.003094,0.002119
0.026626,-0.002266,-0.002266,0.002119
0.026627,-0.001442,-0.002266,0.002119
0.026627,-0.002266,-0.003094,0.002119
0.026627,-0.002266,-0.003094,0.001288
0.051542,-0.001442,-0.003094,0.002119
0.051544,-0.001442,-0.003094,0.002120
0.026631,-0.002266,-0.003922,0.001289
0.051545,-0.002266,-0.003094,0.002120
0.051545,-0.002265,-0.003094,0.001289
0.026633,-0.001441,-0.003094,0.002120
0.026633,-0.001441,-0.003094,0.002121
0.026634,-0.002265,-0.002266,0.002121
0.026635,-0.002265,-0.002266,0.002121
0.026636,-0.002265,-0.002266,0.002121
0.026638,-0.002265,-0.003094,0.001290
0.026640,-0.002265,-0.003094,0.001290
0.026642,-0.002265,-0.003094,0.001291
0.026644,-0.002265,-0.003094,0.002122
0.051558,-0.002265,-0.003094,0.002122
0.051559,-0.002264,-0.003093,0.002122
0.051561,-0.002264,-0.003093,0.002122
0.051564,-0.002264,-0.003093,0.002122
0.051566,-0.002264,-0.003093,0.002123
0.026652,-0.001440,-0.002265,0.002954
0.051567,-0.002264,-0.002265,0.002123
0.051569,-0.001440,-0.003093,0.002954
0.051572,-0.002264,-0.003093,0.002123
0.051574,-0.003088,-0.003093,0.001292
0.051575,-0.002264,-0.003093,0.002123
0.051576,-0.003088,-0.003921,0.002124
0.026666,-0.002263,-0.003093,0.001293
0.001753,-0.002263,-0.003921,0.001293
0.051581,-0.002263,-0.003093,0.002124
0.051583,-0.002263,-0.003093,0.002124
0.026671,-0.002263,-0.003921,0.002124
0.026673,-0.003087,-0.003921,0.001294
0.026674,-0.003087,-0.003921,0.002125
0.051588,-0.003087,-0.003921,0.002125
0.051588,-0.003087,-0.003921,0.002125
0.001763,-0.002263,-0.003093,0.002125
0.026677,-0.002263,-0.003093,0.001294
0.026678,-0.003087,-0.003093,0.001294
0.051592,-0.003087,-0.003921,0.001295
0.051593,-0.003087,-0.003921,0.000464
0.076506,-0.003086,-0.003921,0.000464
0.051594,-0.003086,-0.003921,0.000464
0.076508,-0.003086,-0.003921,0.000464
0.051597,-0.003086,-0.003921,0.000464
0.051600,-0.002262,-0.003093,0.000464
0.051602,-0.002262,-0.003093,0.000464
0.051604,-0.002262,-0.003921,0.000464
0.051605,-0.003086,-0.003921,0.001295
0.051605,-0.003086,-0.003921,0.000464
0.051605,-0.003086,-0.003921,0.000465
0.026692,-0.003085,-0.003921,0.000465
0.051606,-0.003085,-0.003921,0.000465
0.051608,-0.003085,-0.003921,0.000465
0.076523,-0.003085,-0.003093,0.000465
0.051610,-0.002261,-0.003093,0.001296
0.051611,-0.002261,-0.003093,0.000465
0.051613,-0.003085,-0.003921,0.000465
0.051616,-0.003085,-0.003921,0.000465
0.051618,-0.003085,-0.003921,0.000466
0.076533,-0.003085,-0.003921,0.000466
0.076535,-0.003085,-0.003921,0.000466
0.076536,-0.003085,-0.003921,0.000466
0.101450,-0.003084,-0.003093,0.000466
0.076539,-0.003084,-0.003921,0.000466
0.076540,-0.003084,-0.003093,0.000466
0.076541,-0.003084,-0.003093,0.000467
0.051630,-0.003084,-0.003093,0.000467
0.051632,-0.003084,-0.003921,0.001298
0.051634,-0.003084,-0.003093,0.001298
0.026722,-0.003908,-0.003921,0.000467
0.051636,-0.003084,-0.003921,0.000467
0.026725,-0.003084,-0.003921,0.000468
0.026727,-0.003084,-0.003093,0.000468
0.026728,-0.003084,-0.003093,0.000468
0.026730,-0.002259,-0.003093,0.001299
0.051644,-0.002259,-0.003093,0.001299
0.051644,-0.002259,-0.003093,0.001299
0.026732,-0.002259,-0.003093,0.001300
0.051647,-0.003083,-0.003093,0.000469
0.026735,-0.003083,-0.003921,-0.000362
0.051649,-0.002259,-0.003093,0.000469
0.026737,-0.003083,-0.003093,0.000469
0.051650,-0.003083,-0.003092,0.000469
0.051651,-0.003907,-0.003921,-0.000362
0.026738,-0.003907,-0.003921,-0.000362
0.051652,-0.003907,-0.003092,0.000469
0.051653,-0.003083,-0.003092,0.000470
0.026740,-0.003083,-0.003092,-0.000361
0.001827,-0.003083,-0.003921,-0.000361
0.026741,-0.003907,-0.003921,-0.001192
0.026742,-0.003083,-0.003092,0.000470
0.026743,-0.003907,-0.003092,-0.000361
0.026745,-0.003082,-0.003092,-0.000361
0.051659,-0.003082,-0.003092,-0.000361
0.051661,-0.003906,-0.003092,-0.000360
0.051661,-0.003906,-0.003920,-0.000360
0.051662,-0.003906,-0.003920,-0.000360
0.051663,-0.003906,-0.003920,-0.001191
0.051664,-0.003906,-0.003920,-0.000360
0.051665,-0.004730,-0.003920,-0.001191
0.051666,-0.003906,-0.003920,-0.001191
0.051668,-0.003906,-0.003920,-0.001190
0.051668,-0.003906,-0.003920,-0.001190
0.076583,-0.003906,-0.003092,-0.001190
0.051671,-0.003906,-0.003092,-0.001190
0.051672,-0.003906,-0.003092,-0.001190
0.051673,-0.003905,-0.003092,-0.001190
0.051675,-0.003905,-0.003920,-0.002020
0.051677,-0.003905,-0.003920,-0.001189
0.076592,-0.004729,-0.003920,-0.001189
0.051681,-0.003905,-0.003920,-0.001189
0.076595,-0.003905,-0.003920,-0.001189
0.051683,-0.003905,-0.003920,-0.001189
0.051685,-0.003905,-0.003920,-0.002020
0.051686,-0.003905,-0.003920,-0.001188
0.051687,-0.003905,-0.003920,-0.001188
0.051688,-0.003080,-0.003920,-0.001188
0.076602,-0.003080,-0.003920,-0.001188
0.051691,-0.003904,-0.003920,-0.001188
0.051692,-0.003080,-0.003920,-0.001188
0.051693,-0.003904,-0.003920,-0.001187
0.051694,-0.003904,-0.003920,-0.002018
0.051695,-0.004728,-0.003920,-0.002018
0.051696,-0.004728,-0.004748,-0.002018
0.076610,-0.004728,-0.004748,-0.002018
0.051698,-0.003904,-0.004748,-0.002018
0.051699,-0.003903,-0.003920,-0.002018
0.051700,-0.003903,-0.003920,-0.002018
0.076615,-0.003903,-0.003920,-0.002018
0.051702,-0.003903,-0.003920,-0.002017
0.051703,-0.004727,-0.003920,-0.002017
0.051704,-0.004727,-0.003920,-0.002017
0.051705,-0.004727,-0.003920,-0.002017
0.051705,-0.004727,-0.004748,-0.002017
0.051706,-0.004727,-0.003920,-0.002017
0.026794,-0.004727,-0.003920,-0.001186
0.051706,-0.004727,-0.003920,-0.002017
0.051707,-0.004727,-0.003920,-0.002017
0.051707,-0.004727,-0.003920,-0.002016
0.051708,-0.004727,-0.003920,-0.002016
0.051709,-0.004727,-0.003920,-0.002016
0.051710,-0.004727,-0.003920,-0.002016
0.051711,-0.004727,-0.003920,-0.002016
0.051713,-0.004726,-0.003920,-0.002016
0.051714,-0.004726,-0.004748,-0.002847
0.051715,-0.004726,-0.003920,-0.002016
0.051718,-0.004726,-0.004748,-0.002016
0.051718,-0.004726,-0.003920,-0.002847
0.076632,-0.003902,-0.004748,-0.002846
0.076632,-0.004726,-0.004748,-0.002015
0.051720,-0.003902,-0.004748,-0.002015
0.051720,-0.003902,-0.003920,-0.002015
0.076634,-0.003902,-0.004748,-0.002846
0.051721,-0.003902,-0.003920,-0.002846
0.051721,-0.003902,-0.004748,-0.002846
0.076634,-0.003902,-0.004748,-0.002846
0.051721,-0.003902,-0.004748,-0.002014
0.076636,-0.003902,-0.004748,-0.002014
0.051723,-0.003901,-0.003920,-0.001183
0.051724,-0.003901,-0.004748,-0.002014
0.051725,-0.003901,-0.004748,-0.002014
0.051725,-0.003901,-0.004748,-0.002014
0.051726,-0.003901,-0.004748,-0.002014
0.051727,-0.004725,-0.004748,-0.002013
0.051729,-0.004725,-0.005576,-0.002844
0.076644,-0.004725,-0.004748,-0.002844
0.076646,-0.004725,-0.004748,-0.002844
0.076646,-0.004725,-0.004748,-0.002013
0.051733,-0.004725,-0.004748,-0.002013
0.076646,-0.003901,-0.003920,-0.002844
0.051733,-0.003901,-0.003920,-0.002013
0.051733,-0.003901,-0.003920,-0.002013
0.051735,-0.004725,-0.003920,-0.002844
0.051735,-0.003901,-0.003920,-0.002843
0.076648,-0.004725,-0.003920,-0.002843
0.076649,-0.004725,-0.003920,-0.002012
0.076649,-0.004725,-0.004748,-0.002843
0.051736,-0.004724,-0.004748,-0.002843
0.076650,-0.004724,-0.004748,-0.002843
0.051739,-0.003900,-0.005576,-0.002843
0.076652,-0.003900,-0.004748,-0.002012
0.051740,-0.003900,-0.004748,-0.001180
0.051741,-0.003900,-0.004748,-0.002011
0.051742,-0.003900,-0.004748,-0.002011
0.051744,-0.003900,-0.003920,-0.002011
0.051745,-0.004724,-0.003920,-0.002011
0.051746,-0.004724,-0.003920,-0.002011
0.051747,-0.004724,-0.004748,-0.002842
0.026835,-0.004724,-0.003920,-0.002842
0.051749,-0.004724,-0.004748,-0.002842
0.051750,-0.004724,-0.004748,-0.002841
0.076664,-0.004723,-0.004748,-0.003672
0.051753,-0.004723,-0.003920,-0.002841
0.051754,-0.005548,-0.004748,-0.002841
0.051755,-0.004723,-0.004748,-0.002841
0.051756,-0.004723,-0.004748,-0.003672
0.051757,-0.004723,-0.004748,-0.003672
0.051758,-0.004723,-0.004748,-0.002840
0.051758,-0.003899,-0.003920,-0.002840
0.051759,-0.004723,-0.003920,-0.002840
0.051760,-0.004723,-0.003920,-0.002840
0.051760,-0.004723,-0.003920,-0.002840
0.051762,-0.004723,-0.004748,-0.003671
0.076676,-0.004723,-0.004748,-0.002840
0.051764,-0.004722,-0.004748,-0.003671
0.076679,-0.004722,-0.004748,-0.003671
0.076680,-0.004722,-0.004748,-0.003671
0.101594,-0.004722,-0.004748,-0.004502
0.076682,-0.005546,-0.004748,-0.003670
0.076683,-0.004722,-0.004748,-0.002839
0.076684,-0.004722,-0.004748,-0.002839
0.051771,-0.004722,-0.003919,-0.002839
0.076685,-0.004722,-0.004747,-0.002839
0.051774,-0.004721,-0.004747,-0.003670
0.051776,-0.004721,-0.004747,-0.003670
0.076690,-0.004721,-0.004747,-0.003670
0.076692,-0.005545,-0.004747,-0.003670
0.051779,-0.005545,-0.004747,-0.003669
0.076695,-0.004721,-0.004747,-0.003669
0.076696,-0.004721,-0.004747,-0.002838
0.051785,-0.004721,-0.004747,-0.003669
0.051786,-0.004721,-0.005575,-0.003669
0.076702,-0.005545,-0.005575,-0.004500
0.076703,-0.005544,-0.006403,-0.003669
0.076705,-0.005544,-0.005575,-0.003669
0.076707,-0.004720,-0.004747,-0.003668
0.076709,-0.004720,-0.004747,-0.002837
0.076711,-0.004720,-0.004747,-0.003668
0.076713,-0.006368,-0.005575,-0.004499
0.076714,-0.005544,-0.004747,-0.004499
0.076715,-0.005544,-0.005575,-0.003668
0.076715,-0.005544,-0.005575,-0.003668
0.051803,-0.003895,-0.004747,-0.002836
0.051804,-0.004719,-0.005575,-0.002836
0.076718,-0.004719,-0.005575,-0.003667
0.076719,-0.005543,-0.005575,-0.003667
0.076720,-0.005543,-0.005575,-0.003667
0.076721,-0.005543,-0.005575,-0.004498
0.076723,-0.004719,-0.005575,-0.003667
0.076725,-0.005543,-0.005575,-0.003667
0.076726,-0.005543,-0.004747,-0.003667
0.076727,-0.005543,-0.004747,-0.003666
0.076727,-0.005543,-0.005575,-0.003666
0.076728,-0.005543,-0.005575,-0.004497
0.076729,-0.005543,-0.005575,-0.004497
0.076730,-0.006367,-0.005575,-0.004497
0.076731,-0.005542,-0.004747,-0.003666
0.076732,-0.005542,-0.004747,-0.003666
0.076734,-0.006366,-0.005575,-0.003666
0.101648,-0.006366,-0.004746,-0.003666
0.076735,-0.006366,-0.005574,-0.004497
0.076736,-0.005542,-0.005574,-0.004496
0.076737,-0.004717,-0.004746,-0.003665
0.076738,-0.004717,-0.004746,-0.003665
0.051827,-0.005541,-0.005574,-0.004496
0.051829,-0.005541,-0.005574,-0.004496
0.051831,-0.006365,-0.005574,-0.005327
0.051832,-0.006365,-0.005574,-0.004496
0.076748,-0.005541,-0.004746,-0.004496
0.076751,-0.004717,-0.004746,-0.003664
0.076753,-0.006365,-0.005574,-0.004495
0.051841,-0.005541,-0.005574,-0.004495
0.076754,-0.005541,-0.005574,-0.005326
0.101669,-0.005541,-0.005574,-0.005326
0.076755,-0.004716,-0.004746,-0.003664
0.076755,-0.005540,-0.004746,-0.004495
0.076756,-0.006364,-0.005574,-0.004495
0.076757,-0.006364,-0.005574,-0.004495
0.076759,-0.006364,-0.005574,-0.004494
0.051847,-0.005540,-0.004746,-0.004494
0.076761,-0.004716,-0.004746,-0.004494
0.076763,-0.005540,-0.005574,-0.005325
0.076764,-0.006364,-0.005574,-0.005325
0.076767,-0.005540,-0.005574,-0.005325
0.076768,-0.005540,-0.004746,-0.005325
0.076769,-0.005539,-0.004746,-0.003662
0.076770,-0.006364,-0.005574,-0.004493
0.076771,-0.006363,-0.005574,-0.005324
0.076772,-0.006363,-0.004746,-0.005324
0.076773,-0.005539,-0.004746,-0.003662
0.051860,-0.006363,-0.004746,-0.004493
0.051861,-0.006363,-0.005574,-0.005324
0.051862,-0.007187,-0.005574,-0.006155
0.051863,-0.006363,-0.005574,-0.005323
0.051864,-0.005539,-0.004745,-0.004492
0.051864,-0.007187,-0.005574,-0.005323
0.051865,-0.006363,-0.005573,-0.005323
0.051866,-0.006363,-0.005573,-0.006154
0.076779,-0.005539,-0.004745,-0.004492
0.051867,-0.005538,-0.005573,-0.005322
0.051867,-0.006363,-0.005573,-0.005322
0.076780,-0.007187,-0.005573,-0.005322
0.051867,-0.006362,-0.005573,-0.005322
0.051868,-0.006362,-0.005573,-0.005322
0.076783,-0.006362,-0.005573,-0.005322
0.051872,-0.006362,-0.005573,-0.005322
0.051874,-0.005538,-0.005573,-0.005322
0.051875,-0.006362,-0.005573,-0.005321
0.051875,-0.006362,-0.005573,-0.005321
0.076789,-0.006362,-0.005573,-0.005321
0.051876,-0.005538,-0.005573,-0.004490
0.076792,-0.005538,-0.004745,-0.004490
0.076794,-0.006362,-0.005573,-0.005321
0.076796,-0.006362,-0.005573,-0.006152
0.076798,-0.005537,-0.004745,-0.004489
0.076800,-0.006361,-0.005573,-0.004489
0.076802,-0.007185,-0.006401,-0.006151
0.076803,-0.006361,-0.005573,-0.005320
0.051892,-0.004713,-0.004745,-0.005320
0.051894,-0.006361,-0.005573,-0.006151
0.076809,-0.006361,-0.005573,-0.006982
0.076810,-0.005537,-0.004745,-0.005320
0.076811,-0.005537,-0.005573,-0.005320
0.076811,-0.006361,-0.006401,-0.006150
0.101724,-0.006361,-0.005573,-0.006981
0.076812,-0.005536,-0.005572,-0.006150
0.076812,-0.006360,-0.005572,-0.006150
0.101727,-0.006360,-0.006400,-0.006981
0.076814,-0.005536,-0.006400,-0.006150
0.076816,-0.005536,-0.005572,-0.006150
0.101730,-0.006360,-0.006400,-0.006150
0.101731,-0.005536,-0.006400,-0.006980
0.076819,-0.004712,-0.005572,-0.005318
0.076820,-0.006360,-0.005572,-0.006149
0.101734,-0.006360,-0.005572,-0.006980
0.076822,-0.005536,-0.005572,-0.005318
0.076824,-0.006360,-0.006400,-0.006149
0.101738,-0.006360,-0.006400,-0.006980
0.101739,-0.006360,-0.006400,-0.006980
0.101742,-0.006359,-0.006400,-0.006149
0.101743,-0.006359,-0.006400,-0.006980
0.076831,-0.006359,-0.007228,-0.006979
0.076833,-0.005535,-0.005572,-0.006148
0.101748,-0.006359,-0.006400,-0.006979
0.101748,-0.006359,-0.006400,-0.007810
0.076836,-0.005535,-0.006400,-0.006148
0.076837,-0.005535,-0.006400,-0.006979
0.101750,-0.006359,-0.006400,-0.006979
0.076838,-0.005535,-0.005572,-0.006148
0.101752,-0.007183,-0.006400,-0.006979
0.076839,-0.007183,-0.005572,-0.006978
0.076840,-0.005535,-0.004743,-0.005316
0.101754,-0.007183,-0.006400,-0.006978
0.101754,-0.007183,-0.006400,-0.006978
0.076842,-0.005534,-0.005571,-0.005316
0.076843,-0.007183,-0.006400,-0.006978
0.076844,-0.007183,-0.006400,-0.006978
0.076845,-0.005534,-0.006400,-0.006146
0.101761,-0.007182,-0.006400,-0.007808
0.101762,-0.006358,-0.006399,-0.006977
0.101763,-0.006358,-0.006399,-0.006146
0.101763,-0.008006,-0.006399,-0.006977
0.101764,-0.006358,-0.006399,-0.006977
0.101765,-0.007182,-0.007228,-0.006977
0.101765,-0.007182,-0.007228,-0.006976
0.101766,-0.005534,-0.006399,-0.006145
0.101766,-0.007182,-0.007228,-0.006976
0.101766,-0.007182,-0.006399,-0.007807
0.101766,-0.006358,-0.005571,-0.006145
0.101767,-0.008006,-0.006399,-0.007807
0.101767,-0.006358,-0.006399,-0.006976
0.076855,-0.006358,-0.006399,-0.006976
0.101769,-0.007182,-0.007227,-0.007806
0.101770,-0.006357,-0.006399,-0.006975
0.101772,-0.008006,-0.008055,-0.007806
0.101774,-0.007181,-0.007227,-0.007806
0.076863,-0.005533,-0.006399,-0.006975
0.101777,-0.007181,-0.007227,-0.007806
0.076864,-0.007181,-0.006399,-0.007805
0.101778,-0.006357,-0.006399,-0.006974
0.101780,-0.007181,-0.007227,-0.007805
0.076867,-0.006357,-0.005571,-0.006974
0.101780,-0.008005,-0.007227,-0.007805
0.101780,-0.006357,-0.007227,-0.007805
0.076867,-0.006357,-0.007227,-0.007805
0.101780,-0.007181,-0.008055,-0.008635
0.076867,-0.006356,-0.007227,-0.006973
0.101781,-0.008005,-0.008055,-0.008635
0.101782,-0.007180,-0.007227,-0.008635
0.076870,-0.007180,-0.006399,-0.007804
0.101783,-0.008004,-0.008055,-0.007804
0.076870,-0.006356,-0.006399,-0.006972
0.101784,-0.007180,-0.007227,-0.007803
0.101785,-0.006356,-0.007227,-0.007803
0.101786,-0.006356,-0.007227,-0.007803
0.076873,-0.007180,-0.006399,-0.007803
0.101787,-0.006356,-0.006398,-0.006972
0.101788,-0.007180,-0.007227,-0.008634
0.101790,-0.006355,-0.006398,-0.007802
0.101792,-0.008004,-0.008055,-0.008633
0.101794,-0.006355,-0.007226,-0.006971
0.101795,-0.008004,-0.008055,-0.008633
0.101797,-0.007179,-0.008055,-0.008633
0.101799,-0.006355,-0.007226,-0.007802
0.101800,-0.007179,-0.007226,-0.008633
0.101802,-0.007179,-0.006398,-0.006970
0.126717,-0.008003,-0.008054,-0.008632
0.126718,-0.006355,-0.008054,-0.008632
0.101806,-0.007179,-0.008054,-0.008632
0.101806,-0.008003,-0.008054,-0.008632
0.101809,-0.006355,-0.007226,-0.006970
0.101810,-0.008003,-0.008882,-0.008632
0.101812,-0.006355,-0.008054,-0.006969
0.101814,-0.008003,-0.008882,-0.008631
0.076903,-0.007179,-0.008054,-0.008631
0.101817,-0.007179,-0.008054,-0.007800
0.101818,-0.008003,-0.008054,-0.008631
0.101819,-0.006354,-0.007226,-0.008631
0.101820,-0.008003,-0.008882,-0.009462
0.076908,-0.007178,-0.007226,-0.008631
0.076909,-0.008827,-0.008054,-0.009462
0.101822,-0.007178,-0.007226,-0.007799
0.101824,-0.008002,-0.008054,-0.009461
0.101825,-0.007178,-0.007226,-0.008630
0.101826,-0.008002,-0.008054,-0.009461
0.101827,-0.008002,-0.008054,-0.009461
0.101828,-0.007178,-0.008054,-0.008630
0.101830,-0.007178,-0.008054,-0.010292
0.076918,-0.006353,-0.008054,-0.008629
0.126745,-0.008002,-0.008054,-0.010291
0.101834,-0.006353,-0.007226,-0.007798
0.126748,-0.008002,-0.008054,-0.009460
0.126749,-0.006353,-0.007226,-0.008629
0.126750,-0.008002,-0.008054,-0.010291
0.126752,-0.007177,-0.007225,-0.008629
0.126753,-0.008826,-0.008054,-0.010291
0.101842,-0.007177,-0.008054,-0.008628
0.126757,-0.008825,-0.008882,-0.010290
0.101845,-0.008001,-0.008053,-0.008628
0.101845,-0.008001,-0.008053,-0.009459
0.101845,-0.008001,-0.007225,-0.009459
0.101845,-0.008001,-0.008053,-0.009459
0.101845,-0.008001,-0.007225,-0.008628
0.076930,-0.008825,-0.007225,-0.009459
0.101844,-0.008001,-0.008053,-0.009458
0.101845,-0.008000,-0.008053,-0.009458
0.101845,-0.008000,-0.007225,-0.010289
0.101846,-0.008824,-0.008053,-0.010289
0.101846,-0.008000,-0.007225,-0.009458
0.101847,-0.008000,-0.007225,-0.009458
0.126762,-0.008000,-0.007225,-0.009458
0.101850,-0.008000,-0.007225,-0.009457
0.101853,-0.007176,-0.007225,-0.009457
0.126769,-0.008000,-0.007225,-0.010288
0.101859,-0.007176,-0.007225,-0.010288
0.101861,-0.008000,-0.008053,-0.010288
0.126777,-0.008000,-0.007225,-0.010288
0.101864,-0.008000,-0.007225,-0.011119
0.101866,-0.007175,-0.006397,-0.009457
0.101868,-0.007999,-0.007225,-0.010288
0.076957,-0.007999,-0.006397,-0.010287
0.101872,-0.007999,-0.007225,-0.010287
0.101874,-0.007175,-0.007225,-0.010287
0.101876,-0.007999,-0.008053,-0.011118
0.076965,-0.007175,-0.007224,-0.010287
0.101881,-0.007999,-0.008053,-0.011118
0.101883,-0.007175,-0.006396,-0.010287
0.076971,-0.007999,-0.007224,-0.011118
0.076973,-0.007175,-0.006396,-0.009455
0.101889,-0.007999,-0.008052,-0.011117
0.076978,-0.007175,-0.007224,-0.010286
0.126806,-0.007999,-0.007224,-0.010286
0.101895,-0.007174,-0.007224,-0.009455
0.101897,-0.007999,-0.008052,-0.011117
0.101899,-0.006350,-0.007224,-0.010286
0.126813,-0.007998,-0.008052,-0.011117
0.126815,-0.007174,-0.008052,-0.010285
0.101903,-0.008822,-0.008052,-0.011116
0.101905,-0.007998,-0.008052,-0.009454
0.101908,-0.008822,-0.008052,-0.010285
0.101910,-0.007998,-0.007224,-0.010285
0.101912,-0.008822,-0.008052,-0.011116
0.101912,-0.007998,-0.007224,-0.010285
0.101914,-0.008822,-0.008052,-0.010284
0.077004,-0.008822,-0.006396,-0.009453
0.077006,-0.007998,-0.008052,-0.010284
0.101921,-0.007998,-0.008052,-0.011115
0.101923,-0.007998,-0.007224,-0.010284
0.126839,-0.007998,-0.008052,-0.011115
0.101928,-0.007998,-0.007224,-0.010284
0.126844,-0.008822,-0.008052,-0.011115
0.126846,-0.007174,-0.007224,-0.010283
0.101936,-0.008822,-0.008052,-0.010283
0.101938,-0.007998,-0.008052,-0.011114
0.077027,-0.007998,-0.008052,-0.011114
0.101944,-0.008822,-0.008052,-0.011945
0.101947,-0.007997,-0.007223,-0.011114
0.101950,-0.007997,-0.008051,-0.011114
0.101953,-0.007173,-0.008051,-0.010282
0.126869,-0.008822,-0.008879,-0.011944
0.101958,-0.007997,-0.008879,-0.011113
0.101960,-0.008822,-0.008879,-0.011113
0.101961,-0.007997,-0.008051,-0.011113
0.101963,-0.008821,-0.008051,-0.011113
0.101965,-0.008821,-0.008879,-0.011113
0.101968,-0.008821,-0.008051,-0.011112
0.101970,-0.008821,-0.008879,-0.011112
0.101972,-0.007997,-0.008051,-0.011112
0.101973,-0.008821,-0.008879,-0.011943
0.077063,-0.007997,-0.008051,-0.011112
0.101978,-0.008821,-0.008879,-0.011112
0.101980,-0.007997,-0.008879,-0.010280
0.126895,-0.008821,-0.008879,-0.011942
0.101985,-0.008821,-0.009707,-0.011111
0.101987,-0.007997,-0.008879,-0.011111
0.101991,-0.008821,-0.009707,-0.011942
0.101993,-0.007997,-0.009707,-0.011942
0.126910,-0.008821,-0.009707,-0.012773
0.101999,-0.008821,-0.008879,-0.011941
0.102001,-0.007996,-0.008050,-0.011941
0.126916,-0.008820,-0.008050,-0.012772
0.102005,-0.008820,-0.008878,-0.011941
0.102008,-0.008820,-0.008878,-0.012772
0.102010,-0.007996,-0.008878,-0.011941
0.102013,-0.008820,-0.008878,-0.011941
0.102017,-0.007996,-0.008878,-0.011940
0.102019,-0.008820,-0.008878,-0.011940
0.102022,-0.008820,-0.008050,-0.011109
0.102026,-0.008820,-0.008878,-0.011940
0.102029,-0.008820,-0.008878,-0.011940
0.102033,-0.007995,-0.008878,-0.011940
0.126950,-0.008820,-0.008878,-0.012771
0.102039,-0.008820,-0.008878,-0.011108
0.102042,-0.008819,-0.008878,-0.011939
0.102045,-0.008819,-0.008878,-0.011939
0.102048,-0.008819,-0.008878,-0.011939
0.102051,-0.008819,-0.008877,-0.011108
0.102054,-0.008819,-0.008877,-0.011107
0.126969,-0.008819,-0.008877,-0.011938
0.102058,-0.008819,-0.008049,-0.011107
0.102061,-0.008819,-0.008877,-0.011938
0.102064,-0.008819,-0.008877,-0.011107
0.077155,-0.009643,-0.008877,-0.011107
0.102071,-0.009643,-0.008877,-0.011938
0.077160,-0.008819,-0.008877,-0.011937
0.102077,-0.009643,-0.009705,-0.012768
0.102081,-0.008819,-0.008877,-0.011937
0.102084,-0.009643,-0.008877,-0.011937
0.102088,-0.009643,-0.008877,-0.011937
0.102092,-0.008818,-0.008877,-0.011937
0.102095,-0.008818,-0.008877,-0.012768
0.102097,-0.008818,-0.008876,-0.011937
0.077187,-0.009642,-0.008876,-0.012768
0.077190,-0.008818,-0.008876,-0.012767
0.102106,-0.007994,-0.008876,-0.012767
0.102109,-0.008818,-0.008876,-0.012767
0.102112,-0.007994,-0.008876,-0.011936
0.102116,-0.008818,-0.008876,-0.012767
0.077206,-0.007994,-0.008048,-0.011936
0.102123,-0.009642,-0.008876,-0.011936
0.102126,-0.008818,-0.008876,-0.011936
0.102129,-0.009642,-0.008876,-0.012767
0.077219,-0.009642,-0.008876,-0.012766
0.077221,-0.008817,-0.008876,-0.012766
0.077225,-0.008817,-0.008876,-0.012766
0.102141,-0.007993,-0.008048,-0.011935
0.102146,-0.009641,-0.008876,-0.013597
0.102150,-0.008817,-0.008876,-0.012766
0.102153,-0.008817,-0.008876,-0.012766
0.102156,-0.008817,-0.008876,-0.012766
0.102160,-0.008817,-0.008876,-0.012766
0.077252,-0.009641,-0.008876,-0.013597
0.102168,-0.008817,-0.008876,-0.012765
0.102173,-0.009641,-0.009704,-0.013596
0.102175,-0.008817,-0.008875,-0.012765
0.102180,-0.008817,-0.008875,-0.012765
0.102184,-0.009641,-0.009704,-0.012765
0.102187,-0.009640,-0.008875,-0.012765
0.102190,-0.009640,-0.009704,-0.012765
0.102193,-0.009640,-0.009703,-0.012765
0.102194,-0.009640,-0.009703,-0.012765
0.102198,-0.009640,-0.009703,-0.012764
0.102200,-0.009640,-0.009703,-0.012764
0.102203,-0.008816,-0.009703,-0.012764
0.102205,-0.008816,-0.008875,-0.012764
0.127121,-0.009640,-0.009703,-0.012764
0.102210,-0.009640,-0.008875,-0.012764
0.077297,-0.009639,-0.008875,-0.012764
0.102212,-0.008815,-0.008875,-0.013595
0.102213,-0.009639,-0.009703,-0.013594
0.102214,-0.008815,-0.008875,-0.013594
0.102216,-0.009639,-0.009703,-0.013594
0.102218,-0.008815,-0.009703,-0.013594
0.127133,-0.008815,-0.009703,-0.013594
0.102222,-0.008815,-0.008875,-0.012763
0.102224,-0.008814,-0.008875,-0.013594
0.102226,-0.009639,-0.008875,-0.013594
0.077315,-0.008814,-0.008875,-0.013593
0.102230,-0.009638,-0.008875,-0.014424
0.077318,-0.009638,-0.008875,-0.014424
0.102233,-0.009638,-0.008875,-0.013593
0.102236,-0.009638,-0.008875,-0.013593
0.077325,-0.009638,-0.008875,-0.013593
0.077327,-0.009638,-0.009703,-0.013593
0.102242,-0.009638,-0.009703,-0.013593
0.102243,-0.009638,-0.009703,-0.012761
0.102244,-0.009638,-0.009703,-0.013592
0.077333,-0.009637,-0.009703,-0.013592
0.077335,-0.009637,-0.009703,-0.013592
0.102251,-0.010461,-0.009703,-0.013592
0.102252,-0.009637,-0.009703,-0.013592
0.102255,-0.009637,-0.009702,-0.013592
0.102258,-0.009637,-0.009702,-0.013591
0.102260,-0.009637,-0.009702,-0.014422
0.077349,-0.009637,-0.009702,-0.013591
0.102264,-0.009637,-0.008874,-0.013591
0.077352,-0.010461,-0.009702,-0.014422
0.102268,-0.009637,-0.009702,-0.014422
0.102270,-0.009636,-0.009702,-0.014422
0.102271,-0.009636,-0.009702,-0.014421
0.102273,-0.009636,-0.010530,-0.014421
0.102274,-0.009636,-0.009702,-0.014421
0.077362,-0.010460,-0.009702,-0.014421
0.077362,-0.010460,-0.009702,-0.014421
0.102276,-0.010460,-0.009702,-0.014421
0.102277,-0.010460,-0.010530,-0.014420
0.102279,-0.010460,-0.010530,-0.015251
0.102280,-0.009636,-0.010530,-0.013589
0.102283,-0.009636,-0.009702,-0.013589
0.102286,-0.010460,-0.009702,-0.013589
0.077373,-0.010460,-0.009702,-0.014420
0.077375,-0.010460,-0.009702,-0.014420
0.077377,-0.010460,-0.009702,-0.014419
0.077379,-0.009635,-0.009702,-0.014419
0.077381,-0.010459,-0.009702,-0.014419
0.077384,-0.009635,-0.009702,-0.013588
0.102299,-0.010459,-0.009702,-0.014419
0.102301,-0.010459,-0.009702,-0.014419
0.102303,-0.009635,-0.009702,-0.014419
0.102306,-0.009635,-0.010530,-0.014419
0.102308,-0.009635,-0.009702,-0.014419
0.102310,-0.009635,-0.010530,-0.014418
0.077398,-0.010459,-0.010530,-0.014418
0.077401,-0.010459,-0.010530,-0.014418
0.102317,-0.010458,-0.009702,-0.014418
0.102319,-0.009634,-0.009702,-0.014418
0.077409,-0.010458,-0.009702,-0.014418
0.077411,-0.009634,-0.010530,-0.014418
0.102326,-0.010458,-0.010530,-0.014418
0.077415,-0.009634,-0.010530,-0.015249
0.077417,-0.010458,-0.010530,-0.014417
0.102332,-0.010458,-0.010530,-0.014417
0.077422,-0.010458,-0.009701,-0.015248
0.102338,-0.010457,-0.009701,-0.015248
0.077428,-0.009633,-0.009701,-0.015248
0.102344,-0.010457,-0.010530,-0.014417
0.102347,-0.010457,-0.009701,-0.014417
0.077435,-0.010457,-0.009701,-0.014416
0.077437,-0.010457,-0.009701,-0.014416
0.077440,-0.010457,-0.009701,-0.015247
0.077443,-0.010457,-0.009701,-0.014416
0.102358,-0.010457,-0.009701,-0.014416
0.077447,-0.010457,-0.009701,-0.015247
0.102362,-0.010457,-0.009701,-0.015247
0.077451,-0.010456,-0.009701,-0.015247
0.077452,-0.010456,-0.009701,-0.015246
0.102368,-0.010456,-0.009701,-0.015246
0.077456,-0.010456,-0.009701,-0.015246
0.077459,-0.010456,-0.010529,-0.014415
0.077462,-0.011280,-0.010529,-0.014415
0.077463,-0.010456,-0.010529,-0.014415
0.102377,-0.010456,-0.010529,-0.014415
0.077465,-0.011280,-0.009701,-0.016077
0.102380,-0.010456,-0.010529,-0.015245
0.102381,-0.011280,-0.009701,-0.015245
0.102383,-0.011280,-0.009700,-0.015245
0.102385,-0.010455,-0.009700,-0.015245
0.077474,-0.010455,-0.009700,-0.015245
0.102389,-0.011279,-0.010528,-0.015245
0.102391,-0.011279,-0.009700,-0.015245
0.102393,-0.011279,-0.010528,-0.015245
0.077481,-0.011279,-0.010528,-0.015245
0.102394,-0.011279,-0.010528,-0.015244
0.102396,-0.011279,-0.010528,-0.015244
0.102397,-0.011279,-0.010528,-0.015244
0.102399,-0.011278,-0.010528,-0.015244
0.102400,-0.010454,-0.010528,-0.015244
0.077488,-0.010454,-0.010528,-0.015244
0.077489,-0.011278,-0.010528,-0.016075
0.102403,-0.011278,-0.010528,-0.016075
0.077491,-0.011278,-0.010528,-0.015243
0.102406,-0.011278,-0.010528,-0.015243
0.102406,-0.010454,-0.010528,-0.016074
0.102406,-0.010454,-0.010528,-0.015243
0.127321,-0.010454,-0.010528,-0.016074
0.102408,-0.010453,-0.010528,-0.016074
0.102409,-0.010453,-0.011356,-0.015243
0.102409,-0.010453,-0.011356,-0.015242
0.102410,-0.010453,-0.010528,-0.016073
0.102410,-0.011277,-0.010527,-0.015242
0.102410,-0.011277,-0.010527,-0.016073
0.102410,-0.010453,-0.010527,-0.015242
0.102411,-0.010453,-0.010527,-0.015242
0.102412,-0.010453,-0.010527,-0.016073
0.102413,-0.010453,-0.011355,-0.016073
0.077502,-0.010453,-0.011355,-0.016073
0.102417,-0.010453,-0.011355,-0.015242
0.127332,-0.010452,-0.011355,-0.015242
0.102421,-0.010452,-0.011355,-0.016073
0.102422,-0.010452,-0.010527,-0.016073
0.102423,-0.011276,-0.010527,-0.016903
0.102424,-0.011276,-0.010527,-0.016903
0.102424,-0.011276,-0.010527,-0.016072
0.102424,-0.010452,-0.010527,-0.016072
0.102424,-0.010452,-0.010527,-0.016072
0.077510,-0.009628,-0.010527,-0.016072
0.102424,-0.010452,-0.010527,-0.016903
0.102424,-0.010452,-0.010527,-0.016903
0.102424,-0.010452,-0.010527,-0.016903
0.102426,-0.011276,-0.010527,-0.016071
0.102427,-0.010451,-0.010527,-0.016902
0.102427,-0.011275,-0.011355,-0.016071
0.102428,-0.010451,-0.011355,-0.016071
0.077516,-0.010451,-0.010526,-0.016071
0.077518,-0.010451,-0.011355,-0.016071
0.077519,-0.010451,-0.010526,-0.016902
0.102433,-0.010451,-0.010526,-0.016902
0.102436,-0.011275,-0.011354,-0.016902
0.102437,-0.011275,-0.010526,-0.016901
0.102439,-0.011275,-0.010526,-0.016901
0.102441,-0.011275,-0.010526,-0.016901
0.102441,-0.010451,-0.011354,-0.016901
0.102442,-0.010450,-0.011354,-0.016901
0.127356,-0.011275,-0.011354,-0.016901
0.102445,-0.010450,-0.011354,-0.016901
0.077533,-0.011274,-0.011354,-0.016900
0.102447,-0.010450,-0.011354,-0.016900
0.127361,-0.011274,-0.010526,-0.016900
0.102448,-0.011274,-0.011354,-0.016900
0.102448,-0.010450,-0.011354,-0.016900
0.077536,-0.010450,-0.011354,-0.016900
0.102450,-0.010450,-0.011354,-0.016900
0.077539,-0.010450,-0.011354,-0.016900
0.077541,-0.009625,-0.010526,-0.016899
0.077543,-0.010449,-0.010526,-0.016899
0.077545,-0.010449,-0.010525,-0.016899
0.102460,-0.011273,-0.010525,-0.016899
0.102460,-0.010449,-0.010525,-0.016899
0.102462,-0.010449,-0.010525,-0.016899
0.102463,-0.011273,-0.010525,-0.016899
0.102463,-0.011273,-0.010525,-0.016899
0.102464,-0.011273,-0.011353,-0.016898
0.127379,-0.010449,-0.010525,-0.016898
0.127380,-0.011273,-0.011353,-0.016898
0.102467,-0.011273,-0.010525,-0.016898
0.102468,-0.011273,-0.011353,-0.017729
0.127383,-0.011273,-0.011353,-0.017729
0.127385,-0.012097,-0.011353,-0.017729
0.102473,-0.011272,-0.011353,-0.017729
0.077562,-0.011272,-0.010525,-0.017729
0.102476,-0.011272,-0.011353,-0.017729
0.102478,-0.011272,-0.011353,-0.017728
0.077566,-0.011272,-0.011353,-0.017728
0.102480,-0.012096,-0.011353,-0.017728
0.102482,-0.012096,-0.011353,-0.017728
0.102483,-0.012096,-0.011353,-0.017728
0.102483,-0.012096,-0.011353,-0.017728
0.102483,-0.011272,-0.011353,-0.016897
0.102483,-0.012096,-0.011353,-0.016897
0.102484,-0.011271,-0.011353,-0.016896
0.102486,-0.012095,-0.011353,-0.016896
0.102488,-0.011271,-0.011353,-0.016896
0.077576,-0.012095,-0.012181,-0.017727
0.102490,-0.011271,-0.012181,-0.017727
0.102491,-0.012095,-0.012181,-0.017727
0.102492,-0.011271,-0.011353,-0.016896
0.102493,-0.012095,-0.011353,-0.017727
0.102495,-0.012095,-0.011353,-0.017727
0.102497,-0.012095,-0.011353,-0.017727
0.102497,-0.012095,-0.011353,-0.017726
0.102498,-0.011271,-0.011353,-0.017726
0.077586,-0.011271,-0.011353,-0.017726
0.102501,-0.011271,-0.011353,-0.017726
0.102501,-0.012095,-0.012181,-0.018557
0.102501,-0.011270,-0.012181,-0.017726
0.102501,-0.012095,-0.011353,-0.017726
0.127414,-0.012094,-0.011353,-0.017726
0.102502,-0.012094,-0.011353,-0.017726
0.127416,-0.011270,-0.011353,-0.017725
0.102503,-0.012094,-0.011353,-0.017725
0.127417,-0.012094,-0.011353,-0.017725
0.127417,-0.012918,-0.011353,-0.017725
0.127417,-0.012094,-0.012181,-0.017725
0.127419,-0.012094,-0.012181,-0.018556
0.127419,-0.012094,-0.012181,-0.018556
0.127420,-0.012094,-0.012181,-0.017725
0.127420,-0.012094,-0.012181,-0.017724
0.127420,-0.012094,-0.013009,-0.018555
0.127420,-0.012094,-0.012181,-0.018555
0.127421,-0.012094,-0.012181,-0.017724
0.127422,-0.012093,-0.012180,-0.018555
0.102509,-0.012093,-0.012180,-0.018555
0.102509,-0.012093,-0.012180,-0.017724
0.102511,-0.012093,-0.012180,-0.018555
0.102511,-0.011269,-0.011352,-0.018555
0.102512,-0.012093,-0.012180,-0.018555
0.102513,-0.012093,-0.012180,-0.018555
0.102514,-0.012093,-0.011352,-0.018554
0.102516,-0.012093,-0.010524,-0.017723
0.127429,-0.012093,-0.011352,-0.018554
0.127431,-0.012093,-0.011352,-0.018554
0.102518,-0.012093,-0.011352,-0.018554
0.127433,-0.012093,-0.012180,-0.019385
0.102520,-0.011268,-0.011352,-0.019385
0.127434,-0.011268,-0.011352,-0.019385
0.102522,-0.012092,-0.011352,-0.019385
0.127435,-0.012092,-0.012180,-0.019385
0.127435,-0.012092,-0.011352,-0.019384
0.102522,-0.012092,-0.011352,-0.019384
0.102522,-0.012092,-0.011352,-0.019384
0.127435,-0.012092,-0.011352,-0.019384
0.102522,-0.012092,-0.011352,-0.019384
0.127436,-0.012092,-0.012180,-0.019384
0.127436,-0.012091,-0.012180,-0.019384
0.127437,-0.012091,-0.013008,-0.020215
0.102524,-0.012091,-0.012180,-0.020215
0.102526,-0.012091,-0.012179,-0.019383
0.102528,-0.012091,-0.012179,-0.020214
0.127443,-0.012091,-0.012179,-0.019383
0.102531,-0.012091,-0.012179,-0.020214
0.102533,-0.012091,-0.012179,-0.019383
0.102534,-0.012091,-0.011351,-0.020214
0.127448,-0.012091,-0.012179,-0.020214
0.102536,-0.011266,-0.012179,-0.020214
0.102537,-0.012090,-0.012179,-0.020214
0.127452,-0.012090,-0.013007,-0.020213
0.127455,-0.012090,-0.012179,-0.020213
0.127456,-0.012090,-0.013007,-0.020213
0.127457,-0.012090,-0.012179,-0.019382
0.102545,-0.012090,-0.012179,-0.019382
0.127459,-0.012090,-0.012179,-0.019382
0.102547,-0.011266,-0.012179,-0.019382
0.127460,-0.012914,-0.012179,-0.018550
0.102548,-0.012090,-0.012179,-0.019381
0.102549,-0.012090,-0.012179,-0.020212
0.127463,-0.012090,-0.012179,-0.020212
0.127464,-0.012089,-0.012179,-0.019381
0.127465,-0.012089,-0.012179,-0.020212
0.127467,-0.012089,-0.011351,-0.020212
0.127468,-0.011265,-0.012179,-0.019381
0.152381,-0.012089,-0.012179,-0.020212
0.127469,-0.011265,-0.011350,-0.020212
0.127470,-0.012089,-0.011350,-0.020211
0.127473,-0.012089,-0.011350,-0.020211
0.127476,-0.012089,-0.012179,-0.020211
0.127478,-0.012089,-0.012178,-0.020211
0.127481,-0.012089,-0.012178,-0.020211
0.127484,-0.012089,-0.012178,-0.020211
0.127487,-0.012089,-0.012178,-0.020211
0.127490,-0.012913,-0.011350,-0.020211
0.127492,-0.012913,-0.012178,-0.020211
0.102581,-0.012089,-0.012178,-0.020211
0.127497,-0.012089,-0.012178,-0.020210
0.127499,-0.012088,-0.012178,-0.020210
0.127502,-0.012088,-0.011350,-0.019379
0.127503,-0.012088,-0.012178,-0.020210
0.102592,-0.012088,-0.012178,-0.020210
0.102593,-0.012088,-0.012178,-0.020210
0.127508,-0.012088,-0.012178,-0.021041
0.127510,-0.012088,-0.012178,-0.020210
0.127512,-0.012912,-0.012178,-0.020210
0.102601,-0.012088,-0.012178,-0.020210
0.102603,-0.012088,-0.012178,-0.020209
0.127518,-0.012088,-0.012178,-0.020209
0.102606,-0.012088,-0.011350,-0.020209
0.127520,-0.012087,-0.012178,-0.019378
0.127521,-0.012087,-0.012178,-0.020209
0.127522,-0.012087,-0.012178,-0.019378
0.127523,-0.012087,-0.012178,-0.020209
0.127524,-0.012087,-0.012178,-0.020209
0.102612,-0.012087,-0.012178,-0.021040
0.127526,-0.012087,-0.012178,-0.020209
0.127528,-0.011263,-0.012178,-0.020208
0.127529,-0.012087,-0.012178,-0.021039
0.127530,-0.012911,-0.013006,-0.021039
0.102619,-0.011262,-0.012178,-0.020208
0.127534,-0.012086,-0.013006,-0.021039
0.102621,-0.012086,-0.012178,-0.021039
0.127536,-0.011262,-0.013006,-0.021039
0.127538,-0.011262,-0.013006,-0.020208
0.127539,-0.012086,-0.013006,-0.021039
0.102627,-0.012086,-0.013006,-0.020207
0.102627,-0.012086,-0.013006,-0.020207
0.102628,-0.012086,-0.013006,-0.021038
0.102628,-0.012086,-0.012178,-0.021038
0.102630,-0.012086,-0.013006,-0.021038
0.102632,-0.012086,-0.012178,-0.020207
0.102634,-0.012085,-0.012178,-0.021038
0.127548,-0.012085,-0.013006,-0.021038
0.127549,-0.012909,-0.013006,-0.021037
0.127551,-0.012909,-0.013006,-0.021037
0.127552,-0.012085,-0.013006,-0.021037
0.127553,-0.012909,-0.013006,-0.021037
0.127555,-0.013733,-0.013006,-0.021037
0.127556,-0.012909,-0.013006,-0.020206
0.152471,-0.012909,-0.013006,-0.021037
0.127558,-0.012085,-0.013006,-0.020206
0.152473,-0.012909,-0.013006,-0.021037
0.127563,-0.012909,-0.013006,-0.021037
0.127565,-0.012909,-0.013006,-0.021037
0.152480,-0.012909,-0.012178,-0.021036
0.127569,-0.012909,-0.012178,-0.021036
0.127571,-0.012909,-0.013006,-0.021036
0.152486,-0.012909,-0.013006,-0.021036
0.127575,-0.012084,-0.013006,-0.020205
0.152489,-0.012908,-0.013006,-0.021036
0.152491,-0.012908,-0.013006,-0.021036
0.127579,-0.012084,-0.013006,-0.021036
0.127581,-0.012908,-0.012177,-0.021036
0.127583,-0.012084,-0.012177,-0.020204
0.127585,-0.012908,-0.013005,-0.021035
0.152500,-0.012908,-0.013005,-0.021035
0.127590,-0.012084,-0.012177,-0.021035
0.152506,-0.012908,-0.012177,-0.021866
0.127595,-0.012908,-0.012177,-0.021866
0.127598,-0.012908,-0.012177,-0.021035
0.127601,-0.012084,-0.012177,-0.021035
0.102691,-0.012084,-0.012177,-0.021035
0.127606,-0.012084,-0.012177,-0.021866
0.102696,-0.012908,-0.013005,-0.022697
0.102698,-0.012084,-0.012177,-0.021034
0.102700,-0.012908,-0.013005,-0.021865
0.127615,-0.012908,-0.013005,-0.022696
0.127617,-0.012083,-0.013005,-0.021865
0.102706,-0.012907,-0.013005,-0.021865
0.102709,-0.012083,-0.012177,-0.021034
0.127623,-0.012907,-0.013005,-0.021865
0.127624,-0.012907,-0.013005,-0.021865
0.102714,-0.012083,-0.013005,-0.021033
0.102716,-0.012083,-0.013833,-0.021033
0.102717,-0.012083,-0.013005,-0.021033
0.102720,-0.012907,-0.013005,-0.021033
0.127635,-0.012907,-0.013833,-0.021864
0.102724,-0.012083,-0.013005,-0.021033
0.127639,-0.012907,-0.013833,-0.021864
0.127642,-0.012082,-0.013005,-0.021033
0.102731,-0.012082,-0.013833,-0.021033
0.102733,-0.012906,-0.013833,-0.021032
0.102735,-0.012906,-0.013005,-0.021032
0.127650,-0.013730,-0.013833,-0.021032
0.127651,-0.012906,-0.013833,-0.021032
0.127653,-0.012082,-0.013005,-0.021032
0.127654,-0.012906,-0.013833,-0.021863
0.127657,-0.012906,-0.013005,-0.021031
0.152572,-0.012906,-0.013833,-0.021862
0.127661,-0.012906,-0.013833,-0.021862
0.127663,-0.012081,-0.013833,-0.021031
0.152578,-0.012906,-0.013833,-0.021862
0.127667,-0.012081,-0.013005,-0.021862
0.127669,-0.012905,-0.013833,-0.021862
0.127672,-0.012081,-0.013005,-0.021862
0.127673,-0.012081,-0.013005,-0.021030
0.127675,-0.012905,-0.013833,-0.021861
0.127676,-0.012081,-0.012177,-0.021030
0.152591,-0.012905,-0.013005,-0.021030
0.152593,-0.012905,-0.013005,-0.021030
0.127683,-0.012905,-0.013005,-0.021861
0.127686,-0.013729,-0.013005,-0.021861
0.102775,-0.012905,-0.013005,-0.021030
0.127691,-0.013729,-0.013005,-0.021030
0.127695,-0.012081,-0.013005,-0.021029
0.127698,-0.013729,-0.013004,-0.021860
0.127702,-0.012905,-0.013004,-0.021029
0.127705,-0.012080,-0.013004,-0.021029
0.127708,-0.013729,-0.013004,-0.021029
0.102797,-0.012904,-0.013004,-0.020198
0.127712,-0.012904,-0.013832,-0.021029
0.127713,-0.013729,-0.013832,-0.021029
0.127715,-0.012904,-0.013004,-0.020198
0.127717,-0.012904,-0.013832,-0.021028
0.127720,-0.012904,-0.013832,-0.021028
0.127722,-0.012904,-0.013832,-0.021028
0.127724,-0.012904,-0.013832,-0.021859
0.102813,-0.012904,-0.013832,-0.021859
0.102815,-0.012904,-0.013832,-0.022690
0.102818,-0.012904,-0.013832,-0.021859
0.102820,-0.013728,-0.013832,-0.022690
0.102823,-0.013728,-0.013832,-0.022689
0.102826,-0.012904,-0.013004,-0.021858
0.127741,-0.012904,-0.013832,-0.021858
0.127744,-0.012079,-0.013832,-0.021858
0.127747,-0.012903,-0.013832,-0.022689
0.127749,-0.012903,-0.013004,-0.022689
0.127750,-0.012079,-0.013004,-0.022689
0.152666,-0.012903,-0.013832,-0.022688
0.127756,-0.012903,-0.013832,-0.021857
0.152671,-0.012903,-0.013832,-0.022688
0.152674,-0.012079,-0.013004,-0.021857
0.127764,-0.012903,-0.013832,-0.022688
0.152680,-0.012903,-0.013832,-0.022688
0.127768,-0.012903,-0.013832,-0.022688
0.127771,-0.012903,-0.013004,-0.022687
0.127774,-0.012078,-0.013004,-0.021856
0.152689,-0.012903,-0.013832,-0.022687
0.127778,-0.012078,-0.013832,-0.021856
0.127780,-0.012902,-0.013832,-0.022687
0.102869,-0.013726,-0.013832,-0.022687
0.102870,-0.012902,-0.013832,-0.021856
0.127785,-0.012902,-0.013832,-0.022687
0.102873,-0.012078,-0.013832,-0.021855
0.102875,-0.012902,-0.014660,-0.022686
0.102877,-0.012902,-0.014660,-0.021855
0.127791,-0.012902,-0.013831,-0.021855
0.127793,-0.012902,-0.013831,-0.023517
0.127796,-0.012078,-0.013831,-0.022686
0.127800,-0.012902,-0.014659,-0.022686
0.127802,-0.012901,-0.014659,-0.021855
0.127805,-0.013726,-0.015487,-0.022685
0.127807,-0.012077,-0.013831,-0.021854
0.127809,-0.012901,-0.014659,-0.023516
0.127813,-0.012901,-0.014659,-0.023516
0.102902,-0.012901,-0.013831,-0.022685
0.127817,-0.013725,-0.014659,-0.022685
0.102907,-0.012901,-0.013831,-0.022685
0.127823,-0.012901,-0.014659,-0.023516
0.102912,-0.013725,-0.013831,-0.021854
0.127828,-0.013725,-0.014659,-0.022685
0.102918,-0.012900,-0.014659,-0.023516
0.127833,-0.012900,-0.013831,-0.022684
0.127835,-0.012900,-0.014659,-0.022684
0.102925,-0.012900,-0.013830,-0.021853
0.102927,-0.013724,-0.014658,-0.023515
0.102929,-0.012900,-0.013830,-0.022684
0.102932,-0.013724,-0.014658,-0.023515
0.102935,-0.012900,-0.013830,-0.022684
0.127850,-0.012900,-0.014658,-0.023515
0.102940,-0.012900,-0.014658,-0.023514
0.102943,-0.012900,-0.014658,-0.022683
0.127859,-0.012900,-0.014658,-0.023514
0.102948,-0.012075,-0.013830,-0.022683
0.102949,-0.013724,-0.013830,-0.023514
0.127865,-0.012899,-0.013002,-0.023514
0.127868,-0.013723,-0.013830,-0.022683
0.127870,-0.013723,-0.013830,-0.022683
0.102960,-0.012899,-0.013829,-0.022682
0.102962,-0.014547,-0.013829,-0.023513
0.127877,-0.012899,-0.013001,-0.021851
0.127880,-0.014547,-0.013829,-0.023513
0.127883,-0.012899,-0.013829,-0.021851
0.127885,-0.013723,-0.013829,-0.022682
0.102974,-0.013723,-0.013829,-0.021851
0.102975,-0.013723,-0.014657,-0.022682
0.102977,-0.013723,-0.013829,-0.022681
0.102979,-0.012898,-0.013829,-0.022681
0.127894,-0.013723,-0.014657,-0.023512
0.127895,-0.012898,-0.013829,-0.022681
0.127897,-0.013722,-0.014657,-0.022681
0.102985,-0.012898,-0.013829,-0.022681
0.127900,-0.013722,-0.013829,-0.023512
0.127902,-0.012898,-0.013001,-0.022681
0.127904,-0.012898,-0.013829,-0.024343
0.127907,-0.012898,-0.013001,-0.022680
0.127911,-0.013722,-0.013829,-0.023511
0.103002,-0.012074,-0.013001,-0.022680
0.127917,-0.013722,-0.013829,-0.023511
0.127920,-0.012898,-0.013829,-0.022680
0.127923,-0.012897,-0.013829,-0.024342
0.127924,-0.013722,-0.013829,-0.023510
0.127927,-0.013722,-0.013829,-0.022679
0.127930,-0.012897,-0.013829,-0.023510
0.127933,-0.012897,-0.013829,-0.023510
0.127936,-0.013721,-0.013829,-0.024341
0.127940,-0.012897,-0.013829,-0.023510
0.152857,-0.014545,-0.014658,-0.025172
0.127946,-0.012897,-0.013829,-0.023510
0.152862,-0.013721,-0.014658,-0.024341
0.152864,-0.012897,-0.013829,-0.023509
0.127954,-0.013721,-0.014657,-0.023509
0.103043,-0.013721,-0.013829,-0.023509
0.127958,-0.014545,-0.014657,-0.024340
0.127960,-0.013721,-0.013829,-0.023509
0.127962,-0.015369,-0.014657,-0.024340
0.103052,-0.013721,-0.013829,-0.023509
0.127968,-0.014545,-0.014657,-0.024340
0.127971,-0.013720,-0.013829,-0.023508
0.127975,-0.014544,-0.013829,-0.024339
0.127978,-0.013720,-0.013829,-0.022677
0.152895,-0.014544,-0.014657,-0.024339
0.127984,-0.013720,-0.013829,-0.023508
0.127988,-0.014544,-0.014657,-0.024339
0.127991,-0.013720,-0.013829,-0.023508
0.127993,-0.014544,-0.014657,-0.024339
0.127995,-0.013720,-0.014657,-0.023507
0.103084,-0.014544,-0.014657,-0.025169
0.103087,-0.013719,-0.013829,-0.024338
0.103090,-0.014544,-0.014657,-0.025169
0.103092,-0.013719,-0.013829,-0.024338
0.128007,-0.014543,-0.015485,-0.024338
0.128009,-0.013719,-0.014657,-0.023506
0.103098,-0.014543,-0.014657,-0.024337
0.103101,-0.013719,-0.013829,-0.024337
0.128016,-0.014543,-0.014657,-0.025168
0.103103,-0.012895,-0.013829,-0.023506
0.128019,-0.014543,-0.014657,-0.025168
0.103107,-0.013719,-0.013829,-0.023506
0.103110,-0.013719,-0.014657,-0.024337
0.128025,-0.013719,-0.014657,-0.024337
0.128026,-0.013719,-0.014657,-0.024336
0.103115,-0.013719,-0.013828,-0.024336
0.128029,-0.013719,-0.013828,-0.024336
0.128032,-0.014543,-0.014656,-0.025167
0.128034,-0.013718,-0.013828,-0.024336
0.128037,-0.014543,-0.014656,-0.025167
0.128039,-0.013718,-0.013828,-0.024336
0.128041,-0.014543,-0.014656,-0.025167
0.128043,-0.013718,-0.013828,-0.024335
0.128045,-0.015367,-0.014656,-0.025166
0.128048,-0.014543,-0.013828,-0.024335
0.152964,-0.015367,-0.014656,-0.025166
0.128054,-0.014542,-0.013828,-0.024335
0.128056,-0.014542,-0.013828,-0.025166
0.128058,-0.014542,-0.013828,-0.025166
0.128059,-0.013718,-0.013828,-0.024334
0.128059,-0.014542,-0.014656,-0.025996
0.128061,-0.014542,-0.014656,-0.025165
0.128062,-0.015366,-0.014656,-0.025996
0.128064,-0.014542,-0.014656,-0.025165
0.128065,-0.015366,-0.015484,-0.025165
0.128067,-0.013718,-0.014656,-0.024334
0.128069,-0.014542,-0.014656,-0.025165
0.152983,-0.013718,-0.013828,-0.024333
0.152984,-0.015366,-0.014656,-0.025164
0.128072,-0.014542,-0.013828,-0.024333
0.128073,-0.014542,-0.014656,-0.025164
0.128075,-0.014542,-0.013828,-0.025164
0.128078,-0.013718,-0.013828,-0.025164
0.128080,-0.015366,-0.014656,-0.025995
0.128082,-0.014542,-0.013828,-0.024333
0.128083,-0.015366,-0.014656,-0.025995
0.128085,-0.013718,-0.014656,-0.025163
0.128087,-0.015366,-0.014656,-0.025994
0.128088,-0.013717,-0.014656,-0.025163
0.128090,-0.014542,-0.014656,-0.025994
0.128092,-0.014542,-0.014656,-0.025994
0.128095,-0.014542,-0.014656,-0.025994
0.128097,-0.014541,-0.014656,-0.025994
0.128098,-0.013717,-0.014656,-0.025994
0.128100,-0.014541,-0.015484,-0.025993
0.128102,-0.013717,-0.014656,-0.025162
0.128104,-0.014541,-0.015484,-0.026824
0.128106,-0.014541,-0.015484,-0.025993
0.153020,-0.015365,-0.015484,-0.026824
0.128109,-0.014541,-0.015484,-0.026824
0.128111,-0.013717,-0.014656,-0.025993
0.153026,-0.015365,-0.014656,-0.026824
0.128114,-0.013717,-0.014656,-0.025993
0.153029,-0.015365,-0.015484,-0.026824
0.128117,-0.014541,-0.014655,-0.025992
0.153032,-0.014541,-0.015484,-0.026823
0.153034,-0.014541,-0.015484,-0.025992
0.128122,-0.014541,-0.015483,-0.025992
0.153035,-0.015365,-0.016312,-0.026823
0.128123,-0.013717,-0.014655,-0.025161
0.153038,-0.014541,-0.015483,-0.025992
0.128127,-0.014541,-0.015483,-0.025991
0.153043,-0.013716,-0.014655,-0.025991
0.177959,-0.015365,-0.015483,-0.026822
0.153049,-0.014541,-0.014655,-0.025160
0.153051,-0.015365,-0.014655,-0.026822
0.128140,-0.014540,-0.014655,-0.025991
0.128143,-0.014540,-0.014655,-0.025991
0.128145,-0.014540,-0.014655,-0.026822
0.128148,-0.013716,-0.014655,-0.025991
0.153063,-0.015364,-0.015483,-0.026822
0.128153,-0.013716,-0.014655,-0.025159
0.153069,-0.014540,-0.015483,-0.026821
0.153072,-0.014540,-0.014655,-0.026821
0.153074,-0.013716,-0.014655,-0.025990
0.153076,-0.015364,-0.015483,-0.027652
0.128165,-0.013716,-0.014655,-0.025990
0.128168,-0.014540,-0.015483,-0.025990
0.128170,-0.015364,-0.015483,-0.026821
0.128173,-0.014540,-0.014655,-0.025990
0.128175,-0.015364,-0.015483,-0.027652
0.128175,-0.014540,-0.014655,-0.025989
0.153090,-0.015364,-0.015483,-0.026820
0.153091,-0.014540,-0.015483,-0.026820
0.153092,-0.013715,-0.014655,-0.026820
0.153094,-0.015364,-0.015483,-0.027651
0.128184,-0.014540,-0.014655,-0.025988
0.178012,-0.015364,-0.015483,-0.026819
0.153100,-0.014539,-0.015483,-0.027650
0.128189,-0.014539,-0.014655,-0.026819
0.153104,-0.015364,-0.015483,-0.027650
0.153107,-0.014539,-0.014655,-0.027650
0.153109,-0.015363,-0.015483,-0.028481
0.153111,-0.014539,-0.015483,-0.027650
0.153113,-0.013715,-0.014655,-0.026819
0.153116,-0.015363,-0.015483,-0.028481
0.128205,-0.014539,-0.014655,-0.026818
0.178033,-0.014539,-0.015483,-0.027649
0.153123,-0.013715,-0.015483,-0.027649
0.153125,-0.013715,-0.014654,-0.026818
0.153128,-0.015363,-0.015483,-0.027649
0.153130,-0.014539,-0.014654,-0.026818
0.153131,-0.014539,-0.014654,-0.026818
0.153132,-0.015363,-0.014654,-0.027648
0.178047,-0.014539,-0.014654,-0.026817
0.178049,-0.016187,-0.015482,-0.028479
0.153140,-0.015363,-0.015482,-0.026817
0.153142,-0.014539,-0.015482,-0.027648
0.178058,-0.015363,-0.016310,-0.027648
0.153146,-0.014539,-0.015482,-0.026816
0.178062,-0.016187,-0.016310,-0.027647
0.153151,-0.014539,-0.015482,-0.027647
0.128241,-0.014539,-0.015482,-0.027647
0.153157,-0.016187,-0.016310,-0.027647
0.153160,-0.015363,-0.015482,-0.026816
0.153162,-0.014538,-0.015482,-0.027647
0.153166,-0.016187,-0.015482,-0.028478
0.128256,-0.014538,-0.015482,-0.027646
0.153173,-0.014538,-0.014654,-0.027646
0.153176,-0.015362,-0.016310,-0.028477
0.128266,-0.014538,-0.015482,-0.027646
0.128269,-0.014538,-0.015482,-0.027646
0.153185,-0.016187,-0.017138,-0.028477
0.153188,-0.015362,-0.015482,-0.027646
0.128278,-0.015362,-0.015482,-0.027646
0.128281,-0.016186,-0.016310,-0.028476
0.128283,-0.015362,-0.015482,-0.027645
0.153197,-0.015362,-0.016310,-0.028476
0.153199,-0.015362,-0.015481,-0.028476
0.128288,-0.015362,-0.015481,-0.027645
0.153202,-0.015362,-0.016309,-0.027644
0.153204,-0.015362,-0.015481,-0.027644
0.153206,-0.015362,-0.014653,-0.026813
0.178121,-0.016186,-0.015481,-0.028475
0.153209,-0.015362,-0.014653,-0.027644
0.153210,-0.015362,-0.014653,-0.027644
0.178125,-0.017010,-0.016309,-0.028475
0.153214,-0.016186,-0.015481,-0.028475
0.153216,-0.015361,-0.015481,-0.027643
0.153219,-0.016186,-0.016309,-0.028474
0.153221,-0.016186,-0.015481,-0.028474
0.153224,-0.015361,-0.015481,-0.027643
0.153227,-0.015361,-0.015481,-0.027643
0.178143,-0.017009,-0.016309,-0.029305
0.153232,-0.015361,-0.015481,-0.027643
0.153235,-0.015361,-0.015481,-0.027642
0.153238,-0.017009,-0.016309,-0.029304
0.153241,-0.015361,-0.015481,-0.028473
0.153244,-0.015361,-0.015481,-0.027642
0.153246,-0.015361,-0.015481,-0.029304
0.153249,-0.015361,-0.015481,-0.029304
0.128339,-0.014537,-0.015481,-0.027642
0.153255,-0.014537,-0.015481,-0.028473
0.178171,-0.017009,-0.016309,-0.029304
0.153261,-0.015361,-0.015481,-0.027641
0.153264,-0.014537,-0.016309,-0.027641
0.178181,-0.016185,-0.016309,-0.029303
0.153270,-0.015361,-0.016309,-0.028472
0.153274,-0.015361,-0.016309,-0.027641
0.153278,-0.016185,-0.017137,-0.029303
0.153281,-0.015361,-0.017137,-0.029303
0.128370,-0.015361,-0.016308,-0.028471
0.128372,-0.016185,-0.017965,-0.029302
0.153287,-0.017009,-0.017136,-0.029302
0.153288,-0.016185,-0.016308,-0.028471
0.153290,-0.016185,-0.016308,-0.028471
0.153292,-0.017009,-0.016308,-0.030133
0.153294,-0.016185,-0.015480,-0.028471
0.153297,-0.015361,-0.015480,-0.027639
0.153300,-0.016185,-0.015480,-0.029301
0.153303,-0.017009,-0.016308,-0.030132
0.153305,-0.015360,-0.015480,-0.028470
0.178221,-0.015360,-0.015480,-0.028470
0.178224,-0.017009,-0.016308,-0.029301
0.153313,-0.015360,-0.015480,-0.029301
0.153314,-0.014536,-0.015480,-0.028470
0.178230,-0.015360,-0.015480,-0.029300
0.178232,-0.016184,-0.015480,-0.030131
0.153321,-0.015360,-0.015480,-0.029300
0.153324,-0.015360,-0.014652,-0.027638
0.178240,-0.017008,-0.016308,-0.029300
0.178242,-0.015360,-0.014652,-0.027637
0.153332,-0.016184,-0.015480,-0.028468
0.203161,-0.016184,-0.015480,-0.029299
0.178251,-0.017008,-0.016308,-0.030130
0.178254,-0.015360,-0.015480,-0.029299
0.178257,-0.016184,-0.016308,-0.029299
0.178259,-0.015360,-0.015480,-0.029299
0.203175,-0.017832,-0.017136,-0.030961
0.153350,-0.015360,-0.016308,-0.029298
0.178266,-0.015360,-0.015480,-0.029298
0.153356,-0.017008,-0.016308,-0.029298
0.178272,-0.017008,-0.016308,-0.029298
0.178275,-0.015360,-0.016308,-0.028467
0.178277,-0.016184,-0.015480,-0.029298
0.178279,-0.017832,-0.016308,-0.030129
0.178281,-0.017008,-0.016308,-0.029297
0.178283,-0.017008,-0.016308,-0.029297
0.178285,-0.016184,-0.016308,-0.028466
0.178288,-0.017008,-0.017136,-0.029297
0.178291,-0.017008,-0.017136,-0.029297
0.153381,-0.016184,-0.016308,-0.028466
0.153382,-0.016184,-0.016308,-0.028466
0.153384,-0.017008,-0.016307,-0.029297
0.153387,-0.017008,-0.017135,-0.030127
0.153390,-0.015360,-0.016307,-0.028465
0.153393,-0.015360,-0.015479,-0.028465
0.153395,-0.016184,-0.015479,-0.029296
0.153398,-0.017008,-0.016307,-0.030958
0.153399,-0.015359,-0.015479,-0.029296
0.153401,-0.015359,-0.015479,-0.029296
0.153403,-0.015359,-0.015479,-0.029295
0.178319,-0.017008,-0.016307,-0.030957
0.153408,-0.016183,-0.016307,-0.029295
0.153409,-0.015359,-0.016307,-0.029295
0.153411,-0.015359,-0.016307,-0.028464
0.153414,-0.016183,-0.017135,-0.029295
0.153418,-0.016183,-0.017135,-0.029295
0.153420,-0.016183,-0.016307,-0.029294
0.153422,-0.015359,-0.015479,-0.029294
0.153424,-0.015359,-0.015479,-0.028463
0.128512,-0.017008,-0.016307,-0.030125
0.153427,-0.017008,-0.017135,-0.030125
0.128516,-0.016183,-0.016307,-0.029294
0.153430,-0.015359,-0.016307,-0.029293
0.153432,-0.016183,-0.016307,-0.029293
0.153433,-0.015359,-0.016307,-0.029293
0.153434,-0.017007,-0.017135,-0.030955
0.128523,-0.015359,-0.016307,-0.029293
0.128525,-0.017007,-0.016307,-0.029293
0.128528,-0.016183,-0.016307,-0.029293
0.153443,-0.016183,-0.016307,-0.029292
0.153444,-0.017832,-0.017135,-0.030954
0.153446,-0.017007,-0.016307,-0.030123
0.153448,-0.016183,-0.016307,-0.030123
0.153449,-0.016183,-0.015479,-0.030123
0.153451,-0.016183,-0.016307,-0.030123
0.178366,-0.017007,-0.016307,-0.030123
0.153455,-0.015359,-0.016307,-0.030123
0.153458,-0.016183,-0.016307,-0.030122
0.153459,-0.016183,-0.016307,-0.030122
0.153459,-0.017007,-0.016306,-0.030122
0.153461,-0.017831,-0.016306,-0.030122
0.153464,-0.017007,-0.016306,-0.030122
0.153466,-0.017007,-0.015478,-0.030122
0.153468,-0.016183,-0.015478,-0.030122
0.153470,-0.017007,-0.016306,-0.030121
0.153472,-0.017831,-0.016306,-0.030952
0.178387,-0.017831,-0.016306,-0.030952
0.178390,-0.016183,-0.016306,-0.030121
0.178393,-0.017007,-0.016306,-0.030121
0.153482,-0.016183,-0.015478,-0.030121
0.178398,-0.017007,-0.016306,-0.030952
0.153489,-0.017831,-0.017134,-0.031783
0.153492,-0.017007,-0.016306,-0.030951
0.153495,-0.017007,-0.016306,-0.030120
0.153496,-0.017007,-0.016306,-0.030951
0.153498,-0.017007,-0.016306,-0.030951
0.128587,-0.016183,-0.016306,-0.030951
0.153503,-0.017831,-0.017134,-0.031782
0.153505,-0.017007,-0.017134,-0.031782
0.153507,-0.016183,-0.017134,-0.030119
0.153509,-0.017007,-0.017134,-0.030119
0.153511,-0.016182,-0.017134,-0.030119
0.153514,-0.016182,-0.017134,-0.030119
0.153517,-0.017831,-0.017134,-0.030950
0.178431,-0.017007,-0.017134,-0.030950
0.178434,-0.017007,-0.017134,-0.030950
0.153522,-0.017006,-0.016306,-0.030949
0.178438,-0.017006,-0.016306,-0.030949
0.203354,-0.017006,-0.015477,-0.030949
0.178444,-0.017006,-0.016305,-0.030949
0.153533,-0.017006,-0.016305,-0.030949
0.153536,-0.017830,-0.017133,-0.031780
0.178451,-0.017006,-0.016305,-0.031780
0.153540,-0.017006,-0.015477,-0.030117
0.153543,-0.017006,-0.016305,-0.030948
0.153545,-0.017830,-0.016305,-0.030948
0.128634,-0.017006,-0.015477,-0.031779
0.153551,-0.017830,-0.016305,-0.031779
0.178467,-0.017830,-0.017133,-0.031779
0.153557,-0.017830,-0.016305,-0.030948
0.178473,-0.017006,-0.016305,-0.030117
0.203390,-0.017006,-0.015477,-0.030947
0.203393,-0.017006,-0.016305,-0.030947
0.178482,-0.017006,-0.016305,-0.031778
0.178485,-0.017006,-0.017133,-0.031778
0.178488,-0.017830,-0.017961,-0.031778
0.178490,-0.017830,-0.017133,-0.031778
0.178492,-0.017006,-0.016305,-0.031778
0.178495,-0.017006,-0.016305,-0.031778
0.178498,-0.017006,-0.016305,-0.031777
0.153588,-0.017006,-0.016305,-0.030946
0.178504,-0.017830,-0.016305,-0.030946
0.153595,-0.017005,-0.016305,-0.031777
0.178511,-0.017830,-0.016305,-0.031777
0.178513,-0.017830,-0.016305,-0.030946
0.178515,-0.017830,-0.016305,-0.030946
0.178518,-0.017830,-0.015476,-0.030114
0.153608,-0.017830,-0.016305,-0.030945
0.153611,-0.017830,-0.016305,-0.030945
0.153614,-0.017829,-0.015476,-0.030945
0.153615,-0.017005,-0.015476,-0.030945
0.153618,-0.017005,-0.016304,-0.030114
0.178534,-0.017829,-0.016304,-0.031776
0.178538,-0.017829,-0.016304,-0.031775
0.178541,-0.017829,-0.017133,-0.031775
0.153632,-0.017829,-0.016304,-0.031775
0.178548,-0.017005,-0.016304,-0.030944
0.178550,-0.017829,-0.017132,-0.030944
0.153641,-0.017829,-0.017132,-0.030944
0.178557,-0.017005,-0.017960,-0.030944
0.178560,-0.017005,-0.017132,-0.030943
0.153650,-0.017005,-0.017132,-0.030943
0.178567,-0.017005,-0.017960,-0.031774
0.178570,-0.017829,-0.017960,-0.031774
0.153659,-0.017005,-0.017960,-0.031774
0.178576,-0.017829,-0.017132,-0.031774
0.153667,-0.017005,-0.017132,-0.031774
0.153671,-0.017005,-0.017132,-0.031774
0.153672,-0.017005,-0.016304,-0.032605
0.153674,-0.017005,-0.017132,-0.031773
0.153677,-0.017005,-0.017132,-0.031773
0.153679,-0.017005,-0.016304,-0.031773
0.153681,-0.017005,-0.016304,-0.030942
0.153683,-0.017829,-0.017132,-0.032604
0.153685,-0.017829,-0.017132,-0.031773
0.178600,-0.017829,-0.017132,-0.031773
0.153690,-0.018653,-0.016304,-0.032604
0.153692,-0.017829,-0.016304,-0.033435
0.153693,-0.017829,-0.016304,-0.032603
0.153695,-0.017828,-0.017132,-0.031772
0.153697,-0.017828,-0.017960,-0.032603
0.153699,-0.017004,-0.017132,-0.031772
0.153701,-0.017004,-0.017960,-0.032603
0.153702,-0.017004,-0.017131,-0.032603
0.153704,-0.017828,-0.017131,-0.032603
0.153707,-0.017828,-0.017131,-0.032603
0.153709,-0.018652,-0.017959,-0.033433
0.153711,-0.018652,-0.017959,-0.032602
0.153712,-0.017828,-0.017959,-0.032602
0.153714,-0.017828,-0.017959,-0.032602
0.153717,-0.018652,-0.016303,-0.032602
0.153720,-0.018652,-0.017131,-0.032602
0.178635,-0.017828,-0.017131,-0.031770
0.178637,-0.018652,-0.017131,-0.032601
0.178640,-0.017828,-0.017131,-0.032601
0.153730,-0.017827,-0.017131,-0.032601
0.153731,-0.017827,-0.017131,-0.032601
0.178647,-0.017827,-0.017131,-0.032601
0.178649,-0.017827,-0.017131,-0.032601
0.178651,-0.017827,-0.017131,-0.033432
0.153740,-0.017827,-0.017959,-0.032601
0.153740,-0.017827,-0.017131,-0.032600
0.178655,-0.018651,-0.017959,-0.032600
0.178658,-0.017827,-0.017959,-0.031769
0.153746,-0.018651,-0.017131,-0.032600
0.153748,-0.017827,-0.016302,-0.032600
0.153750,-0.017827,-0.017130,-0.032600
0.153751,-0.017827,-0.017130,-0.032599
0.153754,-0.017827,-0.017130,-0.032599
0.153756,-0.017827,-0.017130,-0.031768
0.153758,-0.017827,-0.017958,-0.032599
0.178675,-0.017827,-0.017958,-0.032599
0.153764,-0.017827,-0.017130,-0.032599
0.153766,-0.017827,-0.017130,-0.031767
0.178682,-0.018651,-0.017958,-0.032598
0.153771,-0.018651,-0.017958,-0.032598
0.153775,-0.018651,-0.017130,-0.032598
0.153778,-0.017827,-0.017130,-0.032598
0.153781,-0.017827,-0.017958,-0.033429
0.153784,-0.017827,-0.017130,-0.033429
0.178700,-0.018651,-0.017958,-0.032598
0.153789,-0.018651,-0.017958,-0.032597
0.153791,-0.018651,-0.017958,-0.032597
0.153793,-0.017827,-0.017958,-0.032597
0.153796,-0.017827,-0.017130,-0.032597
0.178711,-0.017002,-0.017130,-0.031766
0.153800,-0.017827,-0.017130,-0.032597
0.153802,-0.018651,-0.016302,-0.032597
0.153804,-0.017827,-0.016302,-0.032596
0.153807,-0.017827,-0.016301,-0.032596
0.153809,-0.018651,-0.017130,-0.032596
0.178725,-0.018651,-0.017130,-0.032596
0.178726,-0.018651,-0.017958,-0.032596
0.153814,-0.018651,-0.017958,-0.032596
0.153816,-0.017827,-0.017129,-0.032596
0.153818,-0.018651,-0.017958,-0.032596
0.178732,-0.017827,-0.017957,-0.032595
0.178733,-0.018651,-0.017957,-0.032595
0.153822,-0.017827,-0.017957,-0.032595
0.178738,-0.017827,-0.017957,-0.032595
0.153827,-0.017003,-0.017129,-0.032595
0.178743,-0.017827,-0.017957,-0.033426
0.178744,-0.018651,-0.017957,-0.032594
0.153832,-0.017827,-0.017957,-0.033425
0.153835,-0.018651,-0.017957,-0.034256
0.153836,-0.017826,-0.017957,-0.033425
0.153838,-0.017826,-0.017957,-0.033425
0.178753,-0.018651,-0.017957,-0.033425
0.178755,-0.018651,-0.017957,-0.032594
0.178756,-0.019475,-0.017957,-0.033424
0.153844,-0.018650,-0.017957,-0.033424
0.153845,-0.018650,-0.017957,-0.033424
0.178760,-0.018650,-0.017957,-0.033424
0.178762,-0.018650,-0.017957,-0.033424
0.178764,-0.017826,-0.017128,-0.033424
0.178766,-0.017826,-0.017956,-0.033424
0.153854,-0.018650,-0.017956,-0.033423
0.178769,-0.018650,-0.017956,-0.032592
0.178771,-0.018650,-0.017956,-0.032592
0.153860,-0.018650,-0.017956,-0.032592
0.153863,-0.018650,-0.017956,-0.033423
0.153865,-0.018650,-0.017956,-0.033423
0.153866,-0.017826,-0.017956,-0.034254
0.153867,-0.018650,-0.017956,-0.033422
0.153870,-0.017826,-0.017956,-0.033422
0.153874,-0.018650,-0.017956,-0.034253
0.178789,-0.017826,-0.017956,-0.034253
0.153878,-0.017826,-0.017956,-0.033422
0.153880,-0.018650,-0.017956,-0.033422
0.153883,-0.018650,-0.017956,-0.033422
0.153885,-0.018650,-0.017956,-0.034253
0.153886,-0.018650,-0.017956,-0.033421
0.153888,-0.018650,-0.017956,-0.034252
0.153890,-0.018650,-0.017956,-0.034252
0.153892,-0.019474,-0.017956,-0.034252
0.153894,-0.019474,-0.017956,-0.034252
0.153896,-0.019474,-0.017956,-0.034252
0.178812,-0.018650,-0.017956,-0.034252
0.153902,-0.019474,-0.017956,-0.034251
0.178817,-0.019474,-0.017955,-0.034251
0.178820,-0.019474,-0.017955,-0.034251
0.153908,-0.018649,-0.017955,-0.034251
0.178823,-0.018649,-0.017955,-0.034251
0.178826,-0.019473,-0.017955,-0.034251
0.153915,-0.018649,-0.017127,-0.033419
0.178831,-0.019473,-0.017955,-0.034250
0.178833,-0.018649,-0.017955,-0.035081
0.178837,-0.019473,-0.018783,-0.035081
0.178839,-0.019473,-0.017955,-0.035081
0.178840,-0.018649,-0.017955,-0.034250
0.178841,-0.018649,-0.017955,-0.035081
0.178842,-0.018649,-0.017955,-0.035081
0.178844,-0.018649,-0.017955,-0.035080
0.153934,-0.019473,-0.017955,-0.034249
0.178848,-0.019473,-0.017955,-0.035080
0.178849,-0.019473,-0.017955,-0.035080
0.203764,-0.019473,-0.018783,-0.035080
0.178854,-0.018649,-0.018783,-0.034249
0.153943,-0.019473,-0.018783,-0.034249
0.178857,-0.019473,-0.017954,-0.034248
0.178858,-0.018649,-0.018782,-0.034248
0.153945,-0.018649,-0.018782,-0.034248
0.153946,-0.019473,-0.018782,-0.034248
0.153947,-0.019473,-0.018782,-0.034248
0.153947,-0.019473,-0.018782,-0.034248
0.153948,-0.019473,-0.017954,-0.034247
0.153948,-0.019473,-0.017954,-0.034247
0.153950,-0.020297,-0.018782,-0.035078
0.153952,-0.020297,-0.017954,-0.035078
0.153954,-0.019473,-0.017954,-0.034247
0.153955,-0.019473,-0.018782,-0.035078
0.153957,-0.019473,-0.018782,-0.034247
0.153958,-0.018648,-0.018782,-0.034246
0.178873,-0.019473,-0.018782,-0.034246
0.153962,-0.018648,-0.017954,-0.034246
0.178877,-0.018648,-0.018782,-0.033415
0.178878,-0.019472,-0.018782,-0.034246
0.153966,-0.018648,-0.018781,-0.034246
0.178882,-0.018648,-0.018781,-0.035077
0.153971,-0.018648,-0.018781,-0.035076
0.178886,-0.018648,-0.018781,-0.035076
0.178887,-0.018648,-0.017953,-0.035076
0.178889,-0.019472,-0.018781,-0.035076
0.153977,-0.018648,-0.017953,-0.035076
0.178891,-0.019472,-0.017953,-0.035076
0.178892,-0.018648,-0.017953,-0.035076
0.178894,-0.018648,-0.017953,-0.035076
0.178894,-0.019472,-0.017953,-0.034244
0.153982,-0.019472,-0.017953,-0.035075
0.178897,-0.019472,-0.018781,-0.035906
0.153984,-0.019472,-0.018781,-0.035075
0.203812,-0.019472,-0.018780,-0.034244
0.178899,-0.020296,-0.017952,-0.035075
0.178900,-0.019472,-0.018780,-0.034244
0.178901,-0.019472,-0.018780,-0.035075
0.178902,-0.019472,-0.018780,-0.035074
0.178903,-0.019472,-0.018780,-0.035074
0.178904,-0.019472,-0.018780,-0.035074
0.178905,-0.019472,-0.017952,-0.034243
0.178906,-0.019472,-0.018780,-0.035074
0.178907,-0.020296,-0.018780,-0.034243
0.178907,-0.019471,-0.018780,-0.035074
0.178908,-0.019471,-0.018780,-0.035073
0.178910,-0.019471,-0.018780,-0.035073
0.203824,-0.019471,-0.018780,-0.035073
0.178913,-0.019471,-0.018780,-0.035073
0.178915,-0.019471,-0.018779,-0.035073
0.178918,-0.018647,-0.018779,-0.034242
0.178920,-0.019471,-0.018779,-0.034242
0.178922,-0.018647,-0.018779,-0.033410
0.178923,-0.018647,-0.018779,-0.034241
0.178924,-0.018647,-0.018779,-0.034241
0.178925,-0.018647,-0.018779,-0.034241
0.178926,-0.019471,-0.018779,-0.034241
0.178927,-0.018647,-0.018779,-0.035072
0.178929,-0.018647,-0.018779,-0.035072
0.178930,-0.019471,-0.018779,-0.035072
0.178932,-0.018647,-0.018779,-0.035903
0.178933,-0.018647,-0.018779,-0.035902
0.154021,-0.018647,-0.018779,-0.035071
0.178937,-0.019471,-0.018779,-0.035902
0.178938,-0.019471,-0.018779,-0.035902
0.178941,-0.019471,-0.018779,-0.035902
0.178943,-0.018647,-0.019607,-0.035071
0.154031,-0.018647,-0.019607,-0.034240
0.178945,-0.019471,-0.019607,-0.034239
0.178946,-0.018647,-0.019607,-0.035070
0.178947,-0.018647,-0.018779,-0.034239
0.154035,-0.019471,-0.019607,-0.034239
0.178949,-0.019471,-0.019607,-0.035070
0.178950,-0.020295,-0.018779,-0.034239
0.178952,-0.019471,-0.018779,-0.034239
0.178953,-0.019471,-0.018779,-0.034239
0.178954,-0.019471,-0.019607,-0.035070
0.178955,-0.020295,-0.019607,-0.035069
0.178957,-0.020295,-0.019607,-0.035069
0.178958,-0.020295,-0.019607,-0.035069
0.154046,-0.019471,-0.019607,-0.035069
0.178961,-0.019471,-0.019607,-0.035069
0.178962,-0.020295,-0.019607,-0.035069
0.178965,-0.019471,-0.018779,-0.035900
0.154054,-0.018646,-0.018779,-0.035068
0.154056,-0.019471,-0.018778,-0.035068
0.154058,-0.019471,-0.018778,-0.035068
0.154060,-0.019471,-0.019607,-0.035068
0.154060,-0.019471,-0.018778,-0.035068
0.154061,-0.019471,-0.019606,-0.035068
0.154063,-0.019471,-0.018778,-0.035068
0.154064,-0.019470,-0.018778,-0.035067
0.154066,-0.019470,-0.018778,-0.035067
0.178980,-0.019470,-0.018778,-0.034236
0.178983,-0.019470,-0.018778,-0.034236
0.178984,-0.019470,-0.018778,-0.035067
0.203899,-0.019470,-0.018778,-0.035067
0.178987,-0.020294,-0.018778,-0.035067
0.178989,-0.020294,-0.018778,-0.035067
0.178992,-0.019470,-0.019606,-0.035066
0.178995,-0.020294,-0.019606,-0.035066
0.154083,-0.020294,-0.018778,-0.035066
0.178998,-0.019470,-0.019606,-0.035066
0.179000,-0.020294,-0.019606,-0.035897
0.179002,-0.019470,-0.018778,-0.035066
0.179005,-0.019470,-0.019606,-0.035065
0.179007,-0.019470,-0.019606,-0.035065
0.179009,-0.019470,-0.019606,-0.035065
0.179010,-0.019470,-0.018777,-0.035065
0.179012,-0.019470,-0.019606,-0.035065
0.179014,-0.018646,-0.018777,-0.035065
0.179015,-0.019470,-0.018777,-0.035065
0.179016,-0.019470,-0.019605,-0.035896
0.179017,-0.019470,-0.019605,-0.035895
0.179018,-0.019470,-0.019605,-0.035895
0.179019,-0.019469,-0.020433,-0.035895
0.179020,-0.019469,-0.019605,-0.035895
0.179021,-0.019469,-0.020433,-0.036726
0.154110,-0.019469,-0.019605,-0.035895
0.179023,-0.020293,-0.019605,-0.035894
0.179024,-0.019469,-0.020433,-0.035894
0.154113,-0.018645,-0.019605,-0.035894
0.154114,-0.018645,-0.019605,-0.035894
0.154115,-0.019469,-0.019605,-0.035063
0.154117,-0.019469,-0.019605,-0.035894
0.179032,-0.019469,-0.019605,-0.035894
0.154118,-0.019469,-0.019605,-0.035062
0.154120,-0.019469,-0.019605,-0.035893
0.154120,-0.020293,-0.019605,-0.035893
0.154121,-0.019469,-0.019605,-0.035893
0.179034,-0.019469,-0.019605,-0.035893
0.179036,-0.019469,-0.019605,-0.035893
0.154124,-0.020293,-0.019605,-0.036723
0.154124,-0.020293,-0.020433,-0.036723
0.179038,-0.018644,-0.019605,-0.035892
0.154125,-0.019468,-0.019605,-0.035892
0.154126,-0.019468,-0.019605,-0.035892
0.154127,-0.019468,-0.019605,-0.035891
0.154128,-0.019468,-0.019605,-0.035891
0.154129,-0.019468,-0.020433,-0.035891
0.154130,-0.019468,-0.020433,-0.035891
0.154131,-0.019468,-0.019605,-0.035891
0.154132,-0.019468,-0.019605,-0.035059
0.154133,-0.020292,-0.019605,-0.035890
0.154134,-0.020292,-0.019605,-0.035890
0.154136,-0.020292,-0.020433,-0.035890
0.154137,-0.020292,-0.020433,-0.035890
0.129224,-0.020292,-0.019605,-0.036721
0.154138,-0.021116,-0.020433,-0.036720
0.154140,-0.020292,-0.019605,-0.036720
0.154141,-0.020292,-0.019605,-0.036720
0.154142,-0.019467,-0.019605,-0.036720
0.154142,-0.020292,-0.019605,-0.036720
0.154143,-0.020291,-0.020433,-0.036720
0.154145,-0.019467,-0.019605,-0.035889
0.154146,-0.019467,-0.020433,-0.035888
0.179061,-0.020291,-0.020433,-0.036719
0.179063,-0.020291,-0.020433,-0.036719
0.154152,-0.020291,-0.020433,-0.036719
0.179067,-0.020291,-0.020433,-0.036719
0.154156,-0.020291,-0.020433,-0.036719
0.154156,-0.020291,-0.020432,-0.035888
0.129245,-0.020291,-0.019604,-0.036719
0.154160,-0.019467,-0.020432,-0.036719
0.179075,-0.019467,-0.020432,-0.036718
0.179078,-0.020291,-0.020432,-0.036718
0.179081,-0.019466,-0.020432,-0.035887
0.154171,-0.019466,-0.020432,-0.036718
0.154173,-0.019466,-0.020432,-0.035887
0.179089,-0.020290,-0.020432,-0.036718
0.179091,-0.020290,-0.021260,-0.036718
0.179093,-0.020290,-0.021260,-0.036718
0.179096,-0.020290,-0.020432,-0.037549
0.179099,-0.020290,-0.020432,-0.037548
0.179102,-0.020290,-0.020432,-0.037548
0.179106,-0.019466,-0.019604,-0.036717
0.179109,-0.020290,-0.020432,-0.036717
0.154198,-0.020290,-0.021260,-0.036717
0.154201,-0.020290,-0.020432,-0.036717
0.154204,-0.020290,-0.020432,-0.036717
0.179120,-0.020290,-0.021260,-0.037548
0.179123,-0.020290,-0.020432,-0.038379
0.179126,-0.020290,-0.021260,-0.038378
0.179129,-0.020290,-0.020432,-0.038378
0.179131,-0.020289,-0.021260,-0.037547
0.154221,-0.020289,-0.020432,-0.037547
0.154223,-0.020289,-0.020432,-0.037547
0.154225,-0.019465,-0.020432,-0.036716
0.179140,-0.019465,-0.019604,-0.037547
0.154228,-0.019465,-0.020432,-0.037547
0.179143,-0.019465,-0.020432,-0.038378
0.179146,-0.019465,-0.020432,-0.038378
0.179148,-0.019465,-0.020432,-0.037546
0.179149,-0.020289,-0.019604,-0.038377
0.179151,-0.020289,-0.020432,-0.038377
0.179152,-0.020289,-0.020432,-0.038377
0.179154,-0.020289,-0.020432,-0.038377
0.179156,-0.020289,-0.021260,-0.038377
0.179159,-0.020289,-0.020432,-0.038377
0.179161,-0.020288,-0.020432,-0.038377
0.179165,-0.020288,-0.020432,-0.037546
0.179167,-0.020288,-0.020432,-0.037545
0.179170,-0.020288,-0.020432,-0.037545
0.179171,-0.020288,-0.019604,-0.037545
0.179173,-0.020288,-0.020432,-0.038376
0.179174,-0.020288,-0.019603,-0.037545
0.204088,-0.020288,-0.020432,-0.037545
0.179176,-0.020288,-0.020431,-0.036714
0.179177,-0.020288,-0.019603,-0.036713
0.179179,-0.020288,-0.020431,-0.036713
0.204094,-0.021112,-0.020431,-0.036713
0.204097,-0.021112,-0.020431,-0.037544
0.179185,-0.021111,-0.020431,-0.037544
0.204100,-0.021111,-0.020431,-0.037544
0.179188,-0.021111,-0.020431,-0.037544
0.179189,-0.021111,-0.020431,-0.037544
0.154277,-0.021111,-0.020431,-0.037544
0.179191,-0.021111,-0.020431,-0.037543
0.179192,-0.020287,-0.019603,-0.037543
0.154281,-0.020287,-0.020431,-0.037543
0.179196,-0.020286,-0.020431,-0.038374
0.179199,-0.020286,-0.020431,-0.038374
0.179203,-0.020286,-0.020432,-0.038374
0.179206,-0.020286,-0.020432,-0.038374
0.179208,-0.020286,-0.020432,-0.037543
0.179210,-0.020286,-0.020432,-0.037543
0.179212,-0.021110,-0.020432,-0.038374
0.154301,-0.021110,-0.020432,-0.038374
0.179216,-0.021110,-0.021260,-0.038373
0.179219,-0.020285,-0.021260,-0.038373
0.179223,-0.020285,-0.021260,-0.038373
0.154312,-0.020285,-0.021260,-0.038373
0.154314,-0.020285,-0.021260,-0.038373
0.154315,-0.021109,-0.021260,-0.039204
0.179231,-0.021109,-0.020432,-0.039204
0.154321,-0.020285,-0.021260,-0.038373
0.179237,-0.020285,-0.020432,-0.038373
0.154326,-0.020284,-0.021260,-0.038373
0.154328,-0.020284,-0.020432,-0.038372
0.179244,-0.020284,-0.020432,-0.038372
0.179246,-0.020284,-0.021260,-0.038372
0.179247,-0.021108,-0.020432,-0.037541
0.179249,-0.020284,-0.020432,-0.037541
0.154338,-0.021108,-0.020432,-0.038372
0.154342,-0.021108,-0.021260,-0.038372
0.154345,-0.020284,-0.020432,-0.038372
0.154347,-0.021108,-0.021260,-0.038371
0.154349,-0.021108,-0.021260,-0.039202
0.129438,-0.021932,-0.021260,-0.039202
0.154353,-0.021107,-0.020432,-0.039202
0.129442,-0.021932,-0.021260,-0.038371
0.129444,-0.021107,-0.020432,-0.038371
0.129446,-0.021931,-0.021260,-0.039202
0.154362,-0.021107,-0.021260,-0.039202
0.154365,-0.021107,-0.020432,-0.039202
0.154369,-0.021107,-0.021260,-0.039201
0.129458,-0.020283,-0.020432,-0.038370
0.129461,-0.020283,-0.020432,-0.038370
0.129465,-0.021107,-0.021260,-0.038370
0.129470,-0.021107,-0.021260,-0.038370
0.129474,-0.020282,-0.020432,-0.038370
0.154390,-0.020282,-0.021260,-0.038370
0.154392,-0.021106,-0.021260,-0.038369
0.154394,-0.021106,-0.021260,-0.039200
0.154397,-0.020282,-0.020432,-0.038369
0.179313,-0.020282,-0.020432,-0.038369
0.154404,-0.021106,-0.020432,-0.039200
0.179319,-0.020282,-0.020432,-0.039200
0.154409,-0.021106,-0.020432,-0.039200
0.154413,-0.021106,-0.021260,-0.040031
0.179329,-0.021106,-0.021260,-0.039199
0.179331,-0.021106,-0.021260,-0.040030
0.154422,-0.021106,-0.021260,-0.039199
0.179339,-0.020281,-0.021260,-0.039199
0.179342,-0.021106,-0.021260,-0.039199
0.179344,-0.021106,-0.020432,-0.039199
0.179347,-0.021105,-0.021260,-0.039199
0.154437,-0.021105,-0.020432,-0.039198
0.179352,-0.021105,-0.020432,-0.039198
0.179354,-0.021105,-0.021260,-0.039198
0.179357,-0.021105,-0.020432,-0.039198
0.154446,-0.021105,-0.020432,-0.039198
0.179362,-0.021929,-0.020432,-0.039198
0.179364,-0.021105,-0.020432,-0.039198
0.179367,-0.021929,-0.020432,-0.040029
0.154457,-0.021929,-0.020432,-0.040028
0.154460,-0.021105,-0.020432,-0.040028
0.179375,-0.021105,-0.020432,-0.039197
0.179377,-0.021105,-0.021260,-0.040028
0.154466,-0.021105,-0.020432,-0.040028
0.154468,-0.021105,-0.020432,-0.040028
0.154470,-0.021104,-0.020432,-0.039197
0.179386,-0.021929,-0.020432,-0.039196
0.154476,-0.021928,-0.020432,-0.040027
0.179392,-0.021928,-0.020432,-0.040027
0.154483,-0.021104,-0.020432,-0.040027
0.179399,-0.021104,-0.021260,-0.040858
0.179401,-0.021928,-0.021260,-0.040858
0.179403,-0.021104,-0.020432,-0.040027
0.179405,-0.021104,-0.021260,-0.040027
0.154494,-0.021104,-0.021260,-0.040026
0.154496,-0.021104,-0.020431,-0.040026
0.179411,-0.021103,-0.020431,-0.040026
0.154499,-0.021103,-0.021260,-0.040026
0.154501,-0.021103,-0.021260,-0.040026
0.154504,-0.021103,-0.021260,-0.040026
0.154505,-0.021103,-0.021259,-0.040026
0.154506,-0.021103,-0.021259,-0.040025
0.179422,-0.021103,-0.021259,-0.040025
0.179423,-0.021103,-0.020431,-0.039194
0.179425,-0.021103,-0.020431,-0.039194
0.154514,-0.021103,-0.021259,-0.040025
0.154515,-0.021103,-0.021259,-0.040025
0.179429,-0.021103,-0.021259,-0.040025
0.179430,-0.021102,-0.021259,-0.040024
0.179432,-0.021102,-0.022087,-0.040855
0.154521,-0.021102,-0.022087,-0.040024
0.154524,-0.021102,-0.022087,-0.040024
0.154525,-0.021926,-0.022087,-0.040024
0.179441,-0.021926,-0.022087,-0.039192
0.179444,-0.021926,-0.022087,-0.040023
0.154534,-0.021926,-0.021259,-0.040023
0.154536,-0.021102,-0.021259,-0.040023
0.154537,-0.021101,-0.021259,-0.040023
0.154539,-0.021926,-0.021259,-0.040023
0.154542,-0.021925,-0.021259,-0.040023
0.154544,-0.021925,-0.021259,-0.040023
0.179459,-0.021925,-0.021259,-0.040022
0.154548,-0.021925,-0.021259,-0.040022
0.179462,-0.021925,-0.021258,-0.040022
0.154550,-0.021925,-0.021258,-0.040022
0.154552,-0.021925,-0.021258,-0.040022
0.154554,-0.021925,-0.020430,-0.040022
0.154556,-0.021100,-0.021258,-0.040022
0.154558,-0.021100,-0.022086,-0.040021
0.154559,-0.021924,-0.022086,-0.040021
0.179473,-0.021100,-0.022086,-0.040021
0.179475,-0.021924,-0.021258,-0.040021
0.154563,-0.021924,-0.021258,-0.040021
0.179480,-0.021924,-0.022086,-0.040021
0.179481,-0.021924,-0.021258,-0.039190
0.179484,-0.021924,-0.021258,-0.040020
0.179487,-0.021924,-0.021258,-0.040020
0.179488,-0.021924,-0.021258,-0.040020
0.179490,-0.021099,-0.021258,-0.040020
0.179492,-0.021924,-0.021258,-0.040020
0.179496,-0.021924,-0.021258,-0.040020
0.179498,-0.021099,-0.021258,-0.040020
0.179499,-0.021923,-0.022086,-0.040019
0.154588,-0.021099,-0.021258,-0.040019
0.154589,-0.021099,-0.021258,-0.040019
0.154591,-0.021099,-0.021258,-0.040019
0.179506,-0.021923,-0.021258,-0.040019
0.154594,-0.021923,-0.021258,-0.040019
0.179508,-0.021099,-0.021258,-0.040850
0.154597,-0.021923,-0.021258,-0.040849
0.154599,-0.021923,-0.021258,-0.040018
0.179513,-0.021923,-0.021258,-0.040849
0.179514,-0.021922,-0.022086,-0.040018
0.179516,-0.021922,-0.022086,-0.040018
0.179518,-0.021922,-0.022086,-0.040018
0.154607,-0.021922,-0.021257,-0.040018
0.179521,-0.021098,-0.021257,-0.040017
0.204435,-0.021098,-0.022086,-0.040848
0.179524,-0.021922,-0.021257,-0.040848
0.204440,-0.021922,-0.021257,-0.041679
0.179530,-0.021922,-0.021257,-0.041679
0.179533,-0.021098,-0.021257,-0.040848
0.154622,-0.021097,-0.021257,-0.040016
0.154625,-0.021922,-0.021257,-0.040016
0.154629,-0.021097,-0.021257,-0.040847
0.154632,-0.021097,-0.021257,-0.040847
0.179547,-0.021097,-0.021257,-0.040847
0.179550,-0.021097,-0.022085,-0.040847
0.154639,-0.021097,-0.022085,-0.040847
0.179553,-0.021921,-0.022085,-0.040847
0.154640,-0.021921,-0.022085,-0.040846
0.154643,-0.021921,-0.022085,-0.040846
0.154645,-0.021921,-0.021257,-0.040846
0.154647,-0.021921,-0.021257,-0.040846
0.154649,-0.021921,-0.021257,-0.040846
0.154652,-0.021096,-0.021257,-0.040846
0.154655,-0.021096,-0.022085,-0.040846
0.154658,-0.021920,-0.022085,-0.041677
0.154660,-0.021920,-0.022085,-0.040845
0.154661,-0.021096,-0.022085,-0.040845
0.154663,-0.021096,-0.021256,-0.040845
0.154665,-0.021920,-0.022084,-0.040845
0.179581,-0.022744,-0.022084,-0.040845
0.154672,-0.021920,-0.022084,-0.040845
0.154675,-0.021920,-0.022084,-0.040844
0.154677,-0.021920,-0.022084,-0.040844
0.154679,-0.021920,-0.022084,-0.041675
0.154682,-0.021920,-0.022084,-0.040844
0.154685,-0.022744,-0.022084,-0.040844
0.154688,-0.022744,-0.022912,-0.040844
0.179604,-0.022743,-0.022912,-0.041675
0.154695,-0.022743,-0.022912,-0.041674
0.154698,-0.021919,-0.022912,-0.041674
0.154699,-0.022743,-0.022912,-0.041674
0.154702,-0.022743,-0.022912,-0.041674
0.154704,-0.022743,-0.022912,-0.041674
0.154708,-0.022743,-0.022084,-0.041674
0.154710,-0.022743,-0.022912,-0.041674
0.154712,-0.022743,-0.022084,-0.041673
0.154715,-0.021919,-0.022084,-0.041673
0.154718,-0.022743,-0.022084,-0.041673
0.154719,-0.021918,-0.022084,-0.041673
0.154722,-0.021918,-0.022084,-0.041673
0.154725,-0.021918,-0.022084,-0.040842
0.154727,-0.022742,-0.022084,-0.040841
0.129816,-0.022742,-0.022084,-0.041672
0.154731,-0.022742,-0.022084,-0.041672
0.154733,-0.021918,-0.022083,-0.041672
0.154735,-0.021918,-0.022912,-0.041672
0.154737,-0.022742,-0.022083,-0.041672
0.179654,-0.021917,-0.022083,-0.041672
0.179655,-0.021917,-0.022083,-0.041671
0.179658,-0.022741,-0.022083,-0.042502
0.154748,-0.022741,-0.022083,-0.041671
0.179664,-0.022741,-0.022083,-0.041671
0.179668,-0.022741,-0.022083,-0.042502
0.154757,-0.022741,-0.022083,-0.041671
0.154760,-0.022741,-0.022083,-0.042502
0.179675,-0.022741,-0.022083,-0.041670
0.154764,-0.021917,-0.022083,-0.041670
0.154767,-0.021917,-0.022083,-0.041670
0.154769,-0.021916,-0.022083,-0.041670
0.154771,-0.021916,-0.022083,-0.042501
0.179688,-0.022740,-0.022083,-0.042501
0.154776,-0.021916,-0.022083,-0.041669
0.129866,-0.021916,-0.022083,-0.042500
0.179695,-0.022740,-0.022083,-0.041669
0.179697,-0.022740,-0.022083,-0.041669
0.179699,-0.022740,-0.022083,-0.041669
0.179702,-0.022740,-0.022911,-0.041669
0.154792,-0.023564,-0.022911,-0.041669
0.179707,-0.022740,-0.022911,-0.042500
0.179709,-0.022740,-0.022911,-0.041668
0.154797,-0.022740,-0.022911,-0.041668
0.154801,-0.022740,-0.022083,-0.041668
0.179717,-0.022740,-0.022083,-0.042499
0.179720,-0.021916,-0.022083,-0.041668
0.179724,-0.021915,-0.022083,-0.041668
0.179728,-0.021915,-0.022083,-0.041668
0.154817,-0.021915,-0.022083,-0.041668
0.179734,-0.022739,-0.022911,-0.042499
0.179738,-0.022739,-0.022911,-0.042498
0.154828,-0.023564,-0.022911,-0.042498
0.179745,-0.022739,-0.022911,-0.042498
0.179748,-0.022739,-0.022911,-0.041667
0.179751,-0.022739,-0.022911,-0.041667
0.179754,-0.021915,-0.022083,-0.041667
0.179756,-0.021915,-0.022083,-0.041667
0.179759,-0.021915,-0.022083,-0.042498
0.179761,-0.022739,-0.022911,-0.042498
0.179763,-0.022739,-0.022911,-0.041666
0.179766,-0.022739,-0.022911,-0.042497
0.179769,-0.022739,-0.022911,-0.042497
0.179770,-0.022739,-0.022911,-0.042497
0.154859,-0.022739,-0.022911,-0.042497
0.179775,-0.022738,-0.022082,-0.042497
0.179779,-0.022738,-0.022910,-0.042497
0.179781,-0.022738,-0.022910,-0.042497
0.179783,-0.021914,-0.022082,-0.042497
0.179786,-0.022738,-0.022082,-0.041665
0.179788,-0.022738,-0.022910,-0.041665
0.179789,-0.022738,-0.022910,-0.042496
0.179791,-0.022738,-0.022910,-0.043327
0.179794,-0.022738,-0.022910,-0.043327
0.204709,-0.022738,-0.022910,-0.042496
0.179799,-0.022738,-0.022910,-0.042496
0.179801,-0.022738,-0.022910,-0.042496
0.154891,-0.022738,-0.022910,-0.042496
0.154892,-0.022737,-0.022082,-0.041664
0.179807,-0.022737,-0.022910,-0.042495
0.179809,-0.022737,-0.022910,-0.043326
0.179810,-0.022737,-0.022910,-0.043326
0.179811,-0.023561,-0.022910,-0.043326
0.179813,-0.022737,-0.022910,-0.043326
0.179815,-0.022737,-0.022909,-0.043326
0.204729,-0.022737,-0.022909,-0.043326
0.204731,-0.023561,-0.022909,-0.043325
0.179821,-0.021913,-0.022081,-0.041663
0.179823,-0.021913,-0.022081,-0.042494
0.179827,-0.021913,-0.022909,-0.042494
0.179830,-0.022737,-0.022081,-0.043325
0.204747,-0.023561,-0.022909,-0.043325
0.204750,-0.023561,-0.022909,-0.044156
0.204754,-0.023561,-0.022909,-0.044156
0.179844,-0.023561,-0.023737,-0.043325
0.179848,-0.022737,-0.022909,-0.043324
0.154937,-0.021912,-0.022081,-0.043324
0.179853,-0.022737,-0.022909,-0.043324
0.179857,-0.023561,-0.022909,-0.044155
0.154947,-0.023561,-0.022909,-0.043324
0.179863,-0.023560,-0.022909,-0.043324
0.179866,-0.023560,-0.023737,-0.043324
0.179868,-0.023560,-0.022909,-0.043323
0.154957,-0.022736,-0.022081,-0.042492
0.154960,-0.022736,-0.022081,-0.043323
0.179875,-0.021912,-0.022909,-0.043323
0.154964,-0.022736,-0.023737,-0.043323
0.154966,-0.022736,-0.022909,-0.043323
0.154968,-0.022736,-0.022909,-0.043323
0.179884,-0.023560,-0.022909,-0.043323
0.154972,-0.022736,-0.022909,-0.042491
0.179888,-0.022736,-0.022909,-0.043322
0.179891,-0.023560,-0.022909,-0.043322
0.179893,-0.023560,-0.022909,-0.043322
0.204808,-0.023560,-0.022908,-0.043322
0.204811,-0.023560,-0.022908,-0.044153
0.179901,-0.022735,-0.022908,-0.043322
0.179904,-0.022735,-0.022080,-0.043322
0.154993,-0.022735,-0.022908,-0.043322
0.179910,-0.023559,-0.022908,-0.044153
0.179913,-0.023559,-0.022908,-0.044153
0.179915,-0.023559,-0.022908,-0.043321
0.204831,-0.023559,-0.022080,-0.044152
0.155007,-0.022735,-0.022080,-0.043321
0.155008,-0.022735,-0.022080,-0.043321
0.179925,-0.023559,-0.022908,-0.044152
0.179927,-0.023559,-0.022908,-0.044152
0.179929,-0.023559,-0.023736,-0.044152
0.179931,-0.022734,-0.023736,-0.044151
0.155021,-0.021910,-0.022908,-0.043320
0.204850,-0.023558,-0.023736,-0.043320
0.204853,-0.023558,-0.023736,-0.043320
0.179943,-0.024382,-0.022908,-0.043320
0.179944,-0.024382,-0.023736,-0.044151
0.179945,-0.023558,-0.022908,-0.043320
0.179948,-0.022734,-0.022080,-0.043319
0.179949,-0.023558,-0.023736,-0.044150
0.204864,-0.023558,-0.023736,-0.044150
0.155041,-0.024382,-0.022908,-0.044150
0.179956,-0.024382,-0.022908,-0.044150
0.155045,-0.023558,-0.022080,-0.043319
0.155047,-0.023558,-0.022079,-0.043319
0.155050,-0.023558,-0.022908,-0.044150
0.179966,-0.023558,-0.022908,-0.044149
0.179969,-0.023558,-0.022907,-0.044149
0.155058,-0.022734,-0.022079,-0.043318
0.179973,-0.022734,-0.022907,-0.043318
0.179975,-0.023558,-0.023735,-0.044149
0.179978,-0.023558,-0.023735,-0.044149
0.179981,-0.023558,-0.023735,-0.044149
0.155069,-0.022733,-0.022907,-0.043317
0.179985,-0.022733,-0.022907,-0.043317
0.155074,-0.023557,-0.022907,-0.044148
0.179988,-0.023557,-0.022907,-0.044148
0.179991,-0.023557,-0.022907,-0.044148
0.155081,-0.023557,-0.022907,-0.044148
0.179996,-0.022733,-0.022907,-0.043317
0.155085,-0.022733,-0.022907,-0.044148
0.180000,-0.023557,-0.022907,-0.044148
0.180002,-0.023557,-0.022907,-0.044148
0.180003,-0.023557,-0.022907,-0.044147
0.155093,-0.022733,-0.022079,-0.043316
0.180009,-0.023557,-0.022907,-0.044147
0.180011,-0.023557,-0.022907,-0.044978
0.180013,-0.023557,-0.023735,-0.044978
0.155102,-0.023557,-0.022907,-0.044978
0.155103,-0.022732,-0.022907,-0.043315
0.155105,-0.023557,-0.022907,-0.044146
0.180020,-0.023557,-0.023735,-0.044146
0.180022,-0.024381,-0.023735,-0.044146
0.155110,-0.022732,-0.022907,-0.044146
0.155111,-0.022732,-0.023735,-0.044146
0.180026,-0.023556,-0.023735,-0.044146
0.155116,-0.024380,-0.023735,-0.044977
0.180030,-0.022732,-0.023735,-0.044145
0.180032,-0.022732,-0.022907,-0.044976
0.180034,-0.024380,-0.023735,-0.044976
0.155123,-0.023556,-0.023735,-0.044145
0.155124,-0.023556,-0.023735,-0.044145
0.155127,-0.023556,-0.022907,-0.043314
0.155129,-0.023556,-0.023735,-0.044145
0.180044,-0.023556,-0.023735,-0.044976
0.155133,-0.023556,-0.023735,-0.044975
0.155135,-0.022731,-0.022907,-0.044144
0.155137,-0.022731,-0.022907,-0.044144
0.155140,-0.023555,-0.023735,-0.044975
0.155143,-0.024380,-0.023735,-0.044975
0.155144,-0.023555,-0.023735,-0.044975
0.155147,-0.023555,-0.022907,-0.044143
0.155148,-0.024379,-0.023735,-0.044974
0.155150,-0.024379,-0.023735,-0.044974
0.180065,-0.023555,-0.023735,-0.044974
0.180068,-0.022731,-0.022906,-0.044143
0.204983,-0.023555,-0.023735,-0.044974
0.204985,-0.023555,-0.024563,-0.044973
0.204987,-0.024379,-0.024563,-0.044973
0.180078,-0.022731,-0.022906,-0.043311
0.204993,-0.023555,-0.023734,-0.044973
0.204995,-0.025203,-0.023734,-0.044973
0.180083,-0.024379,-0.023734,-0.044973
0.180085,-0.022731,-0.022906,-0.043310
0.180085,-0.024379,-0.023734,-0.044972
0.180086,-0.024379,-0.023734,-0.044141
0.180087,-0.024379,-0.023734,-0.044972
0.155176,-0.023555,-0.022906,-0.044141
0.155177,-0.023555,-0.023734,-0.044972
0.180091,-0.024379,-0.023734,-0.045803
0.180092,-0.023555,-0.023734,-0.044972
0.155181,-0.023555,-0.023734,-0.044972
0.155183,-0.024379,-0.023734,-0.045803
0.180097,-0.024379,-0.023734,-0.044971
0.155185,-0.023555,-0.023734,-0.044140
0.155187,-0.024379,-0.024562,-0.044971
0.180104,-0.024379,-0.024562,-0.045802
0.180106,-0.024379,-0.023734,-0.044971
0.180108,-0.023555,-0.023734,-0.044971
0.180111,-0.024379,-0.024562,-0.045802
0.180113,-0.024379,-0.024562,-0.045802
0.180115,-0.023554,-0.023734,-0.044971
0.180117,-0.023554,-0.023734,-0.045802
0.180119,-0.024378,-0.023734,-0.045801
0.180119,-0.024378,-0.023734,-0.045801
0.180121,-0.023554,-0.022906,-0.044970
0.180123,-0.024378,-0.024562,-0.045801
0.180125,-0.024378,-0.023734,-0.045801
0.180126,-0.024378,-0.023734,-0.044970
0.155215,-0.023554,-0.023734,-0.044969
0.180130,-0.025202,-0.024562,-0.046632
0.180132,-0.024378,-0.023733,-0.045800
0.180133,-0.023554,-0.023733,-0.044969
0.205049,-0.024378,-0.024561,-0.045800
0.205050,-0.024378,-0.024561,-0.046631
0.180138,-0.022729,-0.022905,-0.044969
0.180141,-0.023553,-0.024561,-0.045800
0.180143,-0.024378,-0.024561,-0.045800
0.180145,-0.023553,-0.023733,-0.045800
0.180147,-0.023553,-0.023733,-0.044968
0.180149,-0.023553,-0.023733,-0.045799
0.180151,-0.024377,-0.023733,-0.045799
0.155239,-0.023553,-0.022905,-0.044968
0.180155,-0.024377,-0.023733,-0.045799
0.205070,-0.025201,-0.024561,-0.047461
0.180157,-0.023553,-0.022905,-0.045799
0.205073,-0.024377,-0.023733,-0.046629
0.205076,-0.025201,-0.023733,-0.046629
0.180166,-0.024377,-0.023733,-0.044967
0.180168,-0.024377,-0.023733,-0.044967
0.205083,-0.024377,-0.024561,-0.046629
0.205085,-0.024377,-0.023733,-0.046629
0.180174,-0.024377,-0.023733,-0.045798
0.180176,-0.025201,-0.023733,-0.045798
0.205091,-0.026025,-0.023733,-0.046629
0.180180,-0.024376,-0.022905,-0.044966
0.180182,-0.026025,-0.023733,-0.046628
0.205097,-0.025200,-0.023733,-0.045797
0.180186,-0.024376,-0.023733,-0.044966
0.180188,-0.025200,-0.024561,-0.045797
0.180190,-0.025200,-0.024561,-0.045797
0.180193,-0.023552,-0.023733,-0.044966
0.180196,-0.024376,-0.024561,-0.046627
0.180198,-0.025200,-0.024561,-0.045796
0.180200,-0.023551,-0.022905,-0.044965
0.180202,-0.024376,-0.023733,-0.046627
0.205117,-0.025200,-0.023733,-0.046627
0.155292,-0.023551,-0.022905,-0.045795
0.180208,-0.026024,-0.024561,-0.047458
0.180210,-0.025199,-0.024561,-0.046626
0.180212,-0.023551,-0.023733,-0.044964
0.180215,-0.025199,-0.024561,-0.046626
0.180217,-0.024375,-0.024561,-0.046626
0.155307,-0.023551,-0.023733,-0.045795
0.180223,-0.025199,-0.024561,-0.047457
0.180226,-0.024375,-0.023733,-0.046625
0.155316,-0.023551,-0.024561,-0.045794
0.180232,-0.025199,-0.025389,-0.047456
0.180234,-0.024375,-0.024561,-0.047456
0.180236,-0.023550,-0.023733,-0.045794
0.180238,-0.025199,-0.024561,-0.046625
0.180241,-0.024374,-0.024561,-0.046625
0.155330,-0.024374,-0.024561,-0.046624
0.180245,-0.025198,-0.025389,-0.046624
0.155335,-0.022726,-0.024561,-0.044962
0.180251,-0.024374,-0.025389,-0.046624
0.180254,-0.025198,-0.024561,-0.045793
0.180255,-0.024374,-0.023733,-0.044962
0.180258,-0.025198,-0.024561,-0.045793
0.180260,-0.025198,-0.024561,-0.045792
0.155350,-0.023550,-0.022905,-0.044130
0.180266,-0.026022,-0.024561,-0.046623
0.180269,-0.025198,-0.024561,-0.047454
0.180272,-0.024374,-0.023733,-0.045792
0.180273,-0.025198,-0.024561,-0.046623
0.180275,-0.024374,-0.023733,-0.045792
0.155363,-0.024374,-0.024561,-0.045791
0.180278,-0.025198,-0.024561,-0.046622
0.180280,-0.024373,-0.024561,-0.045791
0.180281,-0.025198,-0.024561,-0.046622
0.205196,-0.026022,-0.024561,-0.046622
0.205197,-0.024373,-0.024561,-0.045791
0.205199,-0.026022,-0.024561,-0.047453
0.180288,-0.026022,-0.025389,-0.046622
0.180289,-0.023549,-0.023733,-0.045790
0.180291,-0.025197,-0.024561,-0.046621
0.180293,-0.024373,-0.024561,-0.046621
0.180295,-0.023549,-0.023733,-0.045790
0.180297,-0.026021,-0.024561,-0.046621
0.180300,-0.024373,-0.023733,-0.046621
0.180301,-0.025197,-0.024561,-0.046620
0.180304,-0.024373,-0.024561,-0.045789
0.180306,-0.023548,-0.023733,-0.044958
0.205223,-0.025197,-0.024561,-0.047451
0.180312,-0.024372,-0.024561,-0.045789
0.180313,-0.024372,-0.023733,-0.045789
0.180314,-0.024372,-0.024561,-0.046619
0.180316,-0.024372,-0.024561,-0.045788
0.180318,-0.024372,-0.024561,-0.046619
0.180321,-0.026021,-0.024561,-0.046619
0.155411,-0.023548,-0.023732,-0.044957
0.180326,-0.024372,-0.024561,-0.046619
0.205241,-0.023548,-0.023732,-0.045787
0.180330,-0.024372,-0.024560,-0.046618
0.205246,-0.024372,-0.024560,-0.047449
0.155421,-0.023548,-0.023732,-0.045787
0.180336,-0.024372,-0.024560,-0.046618
0.180339,-0.023548,-0.023732,-0.045786
0.205253,-0.025196,-0.024560,-0.046617
0.205255,-0.025196,-0.024560,-0.047448
0.180344,-0.024372,-0.023732,-0.045786
0.205259,-0.026020,-0.024560,-0.047448
0.180347,-0.024371,-0.023732,-0.045786
0.205262,-0.026020,-0.024560,-0.047448
0.205264,-0.025196,-0.024560,-0.047447
0.205266,-0.024371,-0.024560,-0.045785
0.205267,-0.025195,-0.024560,-0.047447
0.205268,-0.024371,-0.023732,-0.045785
0.205270,-0.026020,-0.024560,-0.047447
0.205270,-0.026020,-0.024560,-0.047447
0.180359,-0.024371,-0.023732,-0.045784
0.205274,-0.026019,-0.024560,-0.047446
0.180362,-0.024371,-0.023732,-0.045784
0.205276,-0.026019,-0.024560,-0.047446
0.205278,-0.026019,-0.024560,-0.047446
0.205280,-0.025195,-0.024560,-0.046614
0.205282,-0.025195,-0.024560,-0.048276
0.180370,-0.024371,-0.023732,-0.046614
0.180373,-0.025195,-0.024560,-0.047445
0.205287,-0.026019,-0.024560,-0.047445
0.180376,-0.025195,-0.023731,-0.046614
0.205290,-0.026019,-0.024560,-0.048276
0.180378,-0.024370,-0.023731,-0.047444
0.205293,-0.025195,-0.024560,-0.048275
0.180382,-0.024370,-0.024560,-0.046613
0.180385,-0.024370,-0.024560,-0.045782
0.205301,-0.026019,-0.024560,-0.047444
0.180390,-0.024370,-0.024560,-0.046612
0.205305,-0.025194,-0.024560,-0.047443
0.180394,-0.024370,-0.024560,-0.046612
0.205310,-0.025194,-0.024559,-0.047443
0.180400,-0.025194,-0.024559,-0.046612
0.180403,-0.026018,-0.024559,-0.046612
0.180405,-0.026018,-0.024560,-0.048274
0.180406,-0.025194,-0.024559,-0.046611
0.180407,-0.026842,-0.025388,-0.047442
0.180409,-0.025194,-0.024559,-0.045780
0.205324,-0.026842,-0.025388,-0.047442
0.205326,-0.026018,-0.024559,-0.046610
0.180414,-0.026018,-0.025388,-0.047441
0.180416,-0.026018,-0.024559,-0.047441
0.180418,-0.025194,-0.024559,-0.047441
0.205333,-0.026018,-0.025387,-0.048272
0.180423,-0.025194,-0.024559,-0.046610
0.180426,-0.026018,-0.025387,-0.048272
0.180428,-0.025194,-0.024559,-0.046609
0.180429,-0.026842,-0.025387,-0.047440
0.180432,-0.026018,-0.024559,-0.047440
0.180434,-0.026842,-0.025387,-0.048271
0.180436,-0.026018,-0.024559,-0.047440
0.180438,-0.026018,-0.025387,-0.047439
0.205353,-0.026018,-0.024559,-0.048270
0.205356,-0.025193,-0.024559,-0.047439
0.230271,-0.026842,-0.025387,-0.048270
0.205360,-0.024369,-0.024559,-0.046608
0.205362,-0.026017,-0.025387,-0.048270
0.205364,-0.025193,-0.023731,-0.047438
0.205365,-0.026017,-0.024559,-0.049100
0.180453,-0.025193,-0.023731,-0.047438
0.205368,-0.026017,-0.025387,-0.048269
0.205369,-0.026017,-0.025387,-0.048269
0.205370,-0.026017,-0.026215,-0.047438
0.230284,-0.026017,-0.024559,-0.048268
0.205374,-0.026017,-0.024559,-0.047437
0.205375,-0.026017,-0.024559,-0.047437
0.180463,-0.026017,-0.025387,-0.047437
0.205379,-0.026017,-0.025387,-0.048268
0.180467,-0.025193,-0.024559,-0.046605
0.205382,-0.026841,-0.024559,-0.048267
0.205383,-0.026017,-0.023731,-0.047436
0.205384,-0.027665,-0.025387,-0.049098
0.205386,-0.026841,-0.024559,-0.047436
0.205389,-0.026841,-0.025387,-0.048267
0.205390,-0.026017,-0.025387,-0.047436
0.205392,-0.027665,-0.026215,-0.048266
0.180481,-0.026017,-0.024559,-0.047435
0.205395,-0.026841,-0.025387,-0.048266
0.205397,-0.026017,-0.024559,-0.047435
0.205398,-0.026841,-0.025387,-0.048266
0.180486,-0.026017,-0.024559,-0.047435
0.205403,-0.026841,-0.025387,-0.049097
0.180491,-0.026841,-0.024559,-0.047434
0.180494,-0.026841,-0.025387,-0.048265
0.180495,-0.026016,-0.025387,-0.048265
0.155584,-0.026016,-0.026215,-0.048265
0.180498,-0.026841,-0.025387,-0.048265
0.180500,-0.026016,-0.025387,-0.048264
0.180502,-0.026016,-0.025387,-0.048264
0.180503,-0.026016,-0.025387,-0.049095
0.180505,-0.026016,-0.024559,-0.048264
0.180507,-0.026840,-0.025387,-0.049095
0.180510,-0.026016,-0.024559,-0.048263
0.180513,-0.026840,-0.025387,-0.049925
0.180515,-0.026016,-0.024559,-0.048263
0.180518,-0.026840,-0.025387,-0.048263
0.180521,-0.026016,-0.024559,-0.047431
0.180523,-0.026840,-0.025387,-0.049093
0.180525,-0.026016,-0.024559,-0.048262
0.205441,-0.026840,-0.025387,-0.049093
0.180530,-0.026840,-0.024558,-0.048262
0.205445,-0.026840,-0.024558,-0.048261
0.205448,-0.026840,-0.024558,-0.049092
0.180539,-0.026016,-0.025386,-0.049092
0.205456,-0.026016,-0.025386,-0.049092
0.205458,-0.026016,-0.025386,-0.048261
0.205461,-0.026840,-0.025386,-0.048261
0.205462,-0.026016,-0.024558,-0.048260
0.230377,-0.026840,-0.024558,-0.049091
0.205464,-0.026016,-0.025386,-0.048260
0.205466,-0.026016,-0.024558,-0.049091
0.205468,-0.026840,-0.024558,-0.049091
0.205469,-0.026015,-0.024558,-0.048259
0.205470,-0.026015,-0.025386,-0.049090
0.180559,-0.025191,-0.024558,-0.049090
0.180561,-0.026015,-0.025386,-0.049090
0.205476,-0.025191,-0.024558,-0.049090
0.205478,-0.026015,-0.025386,-0.049090
0.180567,-0.025191,-0.024557,-0.048259
0.205482,-0.026015,-0.025385,-0.049090
0.180571,-0.026015,-0.025385,-0.048258
0.180572,-0.026839,-0.025385,-0.049089
0.155661,-0.026015,-0.025385,-0.048258
0.205491,-0.026015,-0.025385,-0.049089
0.180580,-0.025191,-0.025385,-0.047426
0.180582,-0.026015,-0.025385,-0.048257
0.180583,-0.026015,-0.025385,-0.048257
0.205498,-0.026015,-0.025385,-0.049919
0.155673,-0.025191,-0.024557,-0.049088
0.180588,-0.026015,-0.025385,-0.049088
0.180590,-0.025191,-0.025385,-0.048256
0.180592,-0.025191,-0.024557,-0.048256
0.205507,-0.026015,-0.025385,-0.049087
0.180596,-0.026015,-0.024557,-0.048256
0.205510,-0.026839,-0.025385,-0.049087
0.205511,-0.026015,-0.025385,-0.049087
0.230426,-0.026839,-0.025385,-0.049086
0.205516,-0.025190,-0.024557,-0.048255
0.180603,-0.026015,-0.026213,-0.049917
0.180605,-0.026014,-0.025385,-0.049086
0.205521,-0.026839,-0.026213,-0.049917
0.205523,-0.026839,-0.025384,-0.049086
0.230438,-0.026838,-0.026212,-0.049085
0.205527,-0.026014,-0.025384,-0.049085
0.230442,-0.026838,-0.027040,-0.049085
0.205531,-0.026014,-0.025384,-0.049085
0.230446,-0.026014,-0.025384,-0.049916
0.205534,-0.026014,-0.025384,-0.049085
0.205536,-0.026838,-0.025384,-0.049915
0.180624,-0.026838,-0.025384,-0.049915
0.205539,-0.026838,-0.025384,-0.049084
0.205539,-0.026838,-0.025384,-0.049915
0.205539,-0.026838,-0.025384,-0.049084
0.205540,-0.027662,-0.025384,-0.049084
0.205542,-0.026014,-0.024555,-0.049083
0.205544,-0.027662,-0.025383,-0.049914
0.205545,-0.026014,-0.024555,-0.049083
0.205546,-0.026838,-0.025383,-0.049914
0.180635,-0.026014,-0.025383,-0.049083
0.205549,-0.026838,-0.025383,-0.049083
0.205551,-0.026838,-0.026211,-0.049914
0.180639,-0.026014,-0.025383,-0.049082
0.205554,-0.026838,-0.025383,-0.049913
0.180641,-0.026013,-0.025383,-0.049913
0.205557,-0.026838,-0.026211,-0.050744
0.205558,-0.026013,-0.025383,-0.049913
0.205559,-0.027662,-0.026211,-0.050744
0.205560,-0.026013,-0.025383,-0.049913
0.205561,-0.026837,-0.025383,-0.050743
0.205562,-0.026837,-0.026211,-0.050743
0.205563,-0.026013,-0.026211,-0.049912
0.205565,-0.026837,-0.026211,-0.050743
0.205567,-0.026837,-0.025383,-0.049912
0.230481,-0.027661,-0.026211,-0.050743
0.205570,-0.026013,-0.025383,-0.049912
0.205573,-0.027661,-0.026211,-0.050743
0.205575,-0.026837,-0.026211,-0.049911
0.205577,-0.026837,-0.026211,-0.049911
0.205578,-0.027661,-0.026211,-0.050742
0.205579,-0.026837,-0.025382,-0.049911
0.230494,-0.027661,-0.027039,-0.049911
0.230494,-0.026837,-0.026210,-0.049911
0.205582,-0.026837,-0.026210,-0.050742
0.205583,-0.026013,-0.026210,-0.049910
0.205584,-0.026837,-0.027038,-0.050741
0.205585,-0.026013,-0.026210,-0.049910
0.205587,-0.026837,-0.027038,-0.050741
0.205588,-0.026013,-0.026210,-0.049910
0.205589,-0.026012,-0.025382,-0.049078
0.205590,-0.026837,-0.027038,-0.049909
0.205593,-0.026012,-0.026210,-0.049909
0.205595,-0.026837,-0.027038,-0.050740
0.205597,-0.026012,-0.025382,-0.049909
0.205598,-0.026836,-0.027038,-0.050740
0.180686,-0.026836,-0.027038,-0.049909
0.205601,-0.026012,-0.026210,-0.050740
0.205602,-0.026836,-0.027038,-0.050740
0.205604,-0.026836,-0.026210,-0.050739
0.205605,-0.027660,-0.026209,-0.050739
0.205606,-0.026836,-0.025381,-0.050739
0.230520,-0.027660,-0.026209,-0.050739
0.205608,-0.026012,-0.025381,-0.050739
0.230522,-0.026836,-0.025381,-0.050739
0.230523,-0.026836,-0.026209,-0.050739
0.205611,-0.026012,-0.026209,-0.049907
0.205612,-0.026836,-0.026209,-0.050738
0.205614,-0.026836,-0.026209,-0.049907
0.230529,-0.027660,-0.027037,-0.050738
0.205616,-0.026836,-0.026209,-0.050738
0.230531,-0.026836,-0.026209,-0.051569
0.205619,-0.026836,-0.026209,-0.050738
0.180708,-0.026011,-0.026209,-0.049906
0.205625,-0.027660,-0.026209,-0.050737
0.205627,-0.026011,-0.026209,-0.049906
0.205630,-0.027660,-0.027037,-0.050737
0.205634,-0.026835,-0.027037,-0.050737
0.205636,-0.026835,-0.027037,-0.050737
0.205639,-0.026835,-0.027037,-0.050737
0.205642,-0.026835,-0.027037,-0.049905
0.205645,-0.027659,-0.027037,-0.051568
0.180735,-0.026835,-0.027037,-0.050736
0.205651,-0.027659,-0.027865,-0.050736
0.205653,-0.026835,-0.027037,-0.050736
0.205654,-0.026011,-0.026208,-0.050736
0.205655,-0.026835,-0.027036,-0.050736
0.205656,-0.026010,-0.027036,-0.050736
0.205659,-0.026835,-0.027036,-0.051566
0.205662,-0.026010,-0.026208,-0.051566
0.205664,-0.026834,-0.027036,-0.052397
0.205667,-0.026834,-0.027036,-0.051566
0.205668,-0.026834,-0.027036,-0.051566
0.205670,-0.027658,-0.027036,-0.051566
0.205673,-0.026834,-0.027036,-0.050735
0.230588,-0.027658,-0.027036,-0.051566
0.205677,-0.027658,-0.027036,-0.050734
0.205679,-0.027658,-0.027036,-0.050734
0.205682,-0.027658,-0.027036,-0.051565
0.205684,-0.026834,-0.027036,-0.050734
0.205687,-0.027658,-0.027036,-0.051565
0.205689,-0.027658,-0.026208,-0.051565
0.230604,-0.026834,-0.027036,-0.051565
0.230606,-0.026834,-0.027036,-0.051565
0.205694,-0.026834,-0.026208,-0.050734
0.230609,-0.027658,-0.027036,-0.051564
0.205696,-0.026834,-0.026208,-0.050733
0.205699,-0.027658,-0.027036,-0.051564
0.205701,-0.026833,-0.027036,-0.051564
0.180790,-0.026833,-0.027036,-0.050733
0.205704,-0.027658,-0.027036,-0.051564
0.205706,-0.026833,-0.027036,-0.050733
0.205708,-0.027657,-0.027036,-0.050733
0.230623,-0.027657,-0.027035,-0.050732
0.205711,-0.026833,-0.027035,-0.049901
0.230625,-0.027657,-0.027864,-0.051563
0.230626,-0.026009,-0.027035,-0.050732
0.205713,-0.026833,-0.027035,-0.050732
0.205714,-0.026833,-0.027035,-0.050732
0.205716,-0.026833,-0.027035,-0.051563
0.205719,-0.027657,-0.027863,-0.051563
0.205721,-0.026833,-0.027035,-0.050731
0.205723,-0.027657,-0.027035,-0.051562
0.230638,-0.027657,-0.027035,-0.051562
0.230639,-0.026832,-0.027035,-0.051562
0.230641,-0.027656,-0.027035,-0.051562
0.205729,-0.026832,-0.027035,-0.051562
0.230644,-0.026832,-0.027863,-0.051561
0.205732,-0.026008,-0.027035,-0.050730
0.205732,-0.026832,-0.027035,-0.050730
0.205733,-0.027656,-0.027863,-0.051561
0.205734,-0.026832,-0.027034,-0.050730
0.205734,-0.026832,-0.027034,-0.051561
0.205735,-0.026008,-0.027034,-0.051561
0.205736,-0.026832,-0.027034,-0.052392
0.205737,-0.027656,-0.027862,-0.052391
0.205738,-0.027656,-0.027034,-0.051560
0.205739,-0.027656,-0.027862,-0.052391
0.230653,-0.026832,-0.027862,-0.051560
0.230654,-0.027656,-0.027862,-0.052391
0.205741,-0.026831,-0.027862,-0.051560
0.230656,-0.027656,-0.027862,-0.052391
0.205745,-0.027656,-0.027034,-0.051559
0.230657,-0.027655,-0.027862,-0.052390
0.230657,-0.027655,-0.027862,-0.052390
0.230658,-0.027655,-0.027862,-0.051559
0.230658,-0.027655,-0.027862,-0.051559
0.230657,-0.028479,-0.027862,-0.051559
0.230656,-0.027655,-0.027862,-0.050728
0.205742,-0.027655,-0.027862,-0.051558
0.230656,-0.027655,-0.027862,-0.051558
0.205744,-0.027655,-0.027034,-0.051558
0.230658,-0.028479,-0.027862,-0.052389
0.205746,-0.028479,-0.027033,-0.051558
0.230660,-0.028479,-0.027862,-0.051558
0.205748,-0.027655,-0.027033,-0.051557
0.230662,-0.027655,-0.027033,-0.051557
0.230662,-0.028479,-0.027033,-0.052388
0.230663,-0.027655,-0.027033,-0.051557
0.230664,-0.028479,-0.027861,-0.052388
0.205752,-0.028479,-0.027033,-0.051557
0.205752,-0.027654,-0.027033,-0.051557
0.205752,-0.028479,-0.027861,-0.052387
0.205753,-0.027654,-0.027033,-0.051556
0.205754,-0.028479,-0.027033,-0.052387
0.205755,-0.027654,-0.027033,-0.052387
0.230669,-0.028478,-0.027033,-0.052387
0.230669,-0.028478,-0.027861,-0.052387
0.205757,-0.027654,-0.027861,-0.052386
0.205757,-0.028478,-0.027861,-0.052386
0.205757,-0.028478,-0.027861,-0.052386
0.205758,-0.027654,-0.027861,-0.051555
0.230670,-0.028478,-0.027861,-0.053217
0.205758,-0.028478,-0.027033,-0.051555
0.205759,-0.028478,-0.027033,-0.051555
0.230673,-0.028478,-0.027032,-0.052385
0.205762,-0.027654,-0.027032,-0.052385
0.230676,-0.028478,-0.027032,-0.052385
0.205764,-0.028478,-0.027032,-0.052385
0.230678,-0.028478,-0.027032,-0.052385
0.230679,-0.028477,-0.027860,-0.053216
0.205766,-0.028477,-0.027032,-0.052385
0.205766,-0.028477,-0.027860,-0.053216
0.205767,-0.027653,-0.027032,-0.052384
0.205768,-0.027653,-0.027032,-0.052384
0.205769,-0.027653,-0.027860,-0.053215
0.205770,-0.027653,-0.027032,-0.052384
0.205771,-0.028477,-0.027032,-0.052384
0.205771,-0.027653,-0.027032,-0.052384
0.180859,-0.027653,-0.027032,-0.053214
0.205775,-0.028477,-0.027032,-0.053214
0.230692,-0.027653,-0.027032,-0.053214
0.205780,-0.028477,-0.027032,-0.052383
0.180868,-0.027653,-0.027032,-0.052383
0.205782,-0.027652,-0.027032,-0.053214
0.205783,-0.027652,-0.027032,-0.053214
0.230697,-0.027652,-0.027032,-0.052382
0.205785,-0.027652,-0.027032,-0.053213
0.205787,-0.027652,-0.026204,-0.053213
0.205788,-0.027652,-0.027032,-0.053213
0.205788,-0.027652,-0.026204,-0.052382
0.205789,-0.027652,-0.027032,-0.053213
0.230703,-0.027652,-0.027032,-0.052382
0.230704,-0.027652,-0.027032,-0.052381
0.205791,-0.027652,-0.027032,-0.052381
0.205792,-0.027652,-0.027860,-0.052381
0.230707,-0.027652,-0.027860,-0.052381
0.205794,-0.027652,-0.027032,-0.051550
0.205795,-0.028476,-0.027860,-0.052381
0.230710,-0.027652,-0.027032,-0.052381
0.205799,-0.027652,-0.027032,-0.052381
0.230714,-0.027652,-0.027031,-0.053212
0.230716,-0.028476,-0.027031,-0.052381
0.205803,-0.028476,-0.027859,-0.052380
0.205804,-0.027651,-0.027859,-0.052380
0.205806,-0.027651,-0.027859,-0.053211
0.230721,-0.027651,-0.027859,-0.053211
0.230723,-0.027651,-0.027031,-0.052380
0.205810,-0.027651,-0.027859,-0.053211
0.205812,-0.027651,-0.027859,-0.053211
0.230727,-0.027651,-0.027859,-0.053211
0.230730,-0.027651,-0.027859,-0.053211
0.205818,-0.027651,-0.027859,-0.053211
0.205819,-0.027651,-0.027859,-0.052379
0.230734,-0.027651,-0.027859,-0.053210
0.205823,-0.027651,-0.027859,-0.052379
0.230737,-0.028475,-0.027859,-0.052379
0.230740,-0.029299,-0.027859,-0.053210
0.230741,-0.027651,-0.028687,-0.053210
0.230741,-0.027651,-0.028687,-0.053210
0.205829,-0.028475,-0.028687,-0.053210
0.205829,-0.028475,-0.027859,-0.052378
0.230744,-0.028475,-0.027859,-0.053209
0.205831,-0.028475,-0.027031,-0.053209
0.230746,-0.028475,-0.027031,-0.053209
0.230746,-0.028475,-0.027859,-0.054040
0.230747,-0.028475,-0.027030,-0.052378
0.230749,-0.027651,-0.027858,-0.052378
0.205838,-0.028475,-0.027858,-0.053209
0.205840,-0.028475,-0.027858,-0.053208
0.205843,-0.028475,-0.027858,-0.053208
0.205845,-0.027651,-0.027858,-0.053208
0.205848,-0.028475,-0.027858,-0.053208
0.205849,-0.028475,-0.027858,-0.054039
0.205852,-0.028475,-0.027858,-0.054039
0.205855,-0.028475,-0.027030,-0.053208
0.205857,-0.028475,-0.027030,-0.053208
0.230772,-0.028475,-0.027030,-0.054039
0.205861,-0.028475,-0.027030,-0.053207
0.230775,-0.028475,-0.027858,-0.054038
0.230777,-0.028474,-0.027858,-0.053207
0.230778,-0.028474,-0.027858,-0.053207
0.230780,-0.028474,-0.027858,-0.053207
0.205868,-0.027650,-0.027857,-0.054038
0.205869,-0.028474,-0.027857,-0.054038
0.205871,-0.027650,-0.027857,-0.054038
0.205873,-0.028474,-0.027029,-0.054037
0.205876,-0.028474,-0.027029,-0.054037
0.180966,-0.027650,-0.027029,-0.054037
0.180969,-0.027650,-0.027857,-0.054037
0.205884,-0.028474,-0.027857,-0.054037
0.180973,-0.028474,-0.027857,-0.054037
0.205888,-0.028474,-0.027857,-0.054037
0.205889,-0.028474,-0.027029,-0.054037
0.205890,-0.028474,-0.027029,-0.054037
0.205891,-0.028474,-0.027857,-0.054036
0.205892,-0.028474,-0.027029,-0.054036
0.205894,-0.028474,-0.027857,-0.054036
0.205896,-0.028474,-0.027857,-0.054036
0.205899,-0.028474,-0.027857,-0.054867
0.205901,-0.028474,-0.027857,-0.054036
0.205903,-0.028474,-0.027857,-0.054036
0.230819,-0.028474,-0.027857,-0.054036
0.205907,-0.028474,-0.027028,-0.054035
0.205909,-0.029298,-0.027856,-0.054866
0.205911,-0.029298,-0.027028,-0.054035
0.205912,-0.029298,-0.027028,-0.054866
0.230826,-0.029298,-0.027028,-0.054035
0.205914,-0.029298,-0.027856,-0.054035
0.230827,-0.028474,-0.027856,-0.054035
0.230830,-0.028474,-0.027028,-0.054035
0.230830,-0.028474,-0.027028,-0.054034
0.230831,-0.028474,-0.027028,-0.054034
0.205919,-0.029298,-0.027856,-0.054034
0.205920,-0.029298,-0.027856,-0.054034
0.230834,-0.029297,-0.027856,-0.054034
0.205923,-0.029297,-0.027856,-0.054865
0.230838,-0.028473,-0.027856,-0.054034
0.230839,-0.028473,-0.027856,-0.054865
0.205926,-0.028473,-0.027028,-0.054033
0.205926,-0.029297,-0.027856,-0.054864
0.205928,-0.028473,-0.027028,-0.054864
0.230843,-0.029297,-0.027856,-0.054864
0.205930,-0.028473,-0.027028,-0.054864
0.205931,-0.029297,-0.027856,-0.054864
0.205932,-0.028473,-0.027027,-0.054864
0.205932,-0.028473,-0.027856,-0.054033
0.205932,-0.029297,-0.027856,-0.054864
0.205933,-0.029297,-0.027856,-0.054863
0.205934,-0.029297,-0.028684,-0.054863
0.181022,-0.028473,-0.028684,-0.054032
0.205936,-0.028472,-0.028684,-0.054863
0.205937,-0.029297,-0.027855,-0.054863
0.205939,-0.029296,-0.027855,-0.054032
0.205940,-0.028472,-0.028683,-0.054863
0.205941,-0.028472,-0.028683,-0.054031
0.205942,-0.028472,-0.028683,-0.054031
0.230856,-0.029296,-0.028683,-0.054862
0.230857,-0.029296,-0.027855,-0.054862
0.230858,-0.028472,-0.027855,-0.054031
0.205945,-0.029296,-0.027855,-0.054031
0.230859,-0.029296,-0.027855,-0.054862
0.230860,-0.029296,-0.027855,-0.054031
0.205947,-0.028472,-0.027855,-0.054030
0.230861,-0.028472,-0.027855,-0.054030
0.230862,-0.029296,-0.027855,-0.054861
0.230862,-0.029296,-0.027855,-0.054861
0.230862,-0.030120,-0.027855,-0.054861
0.230863,-0.029295,-0.027855,-0.054861
0.230865,-0.029295,-0.027855,-0.054861
0.230866,-0.029295,-0.027855,-0.054861
0.205953,-0.030119,-0.027855,-0.054860
0.230866,-0.029295,-0.027855,-0.054860
0.230866,-0.030119,-0.027855,-0.055691
0.230866,-0.030119,-0.027855,-0.054860
0.205953,-0.030119,-0.027855,-0.055691
0.205954,-0.030119,-0.027855,-0.054860
0.230867,-0.029295,-0.028683,-0.054860
0.230869,-0.030119,-0.028683,-0.055691
0.230869,-0.029295,-0.028683,-0.054028
0.230871,-0.029295,-0.028683,-0.054859
0.230872,-0.029295,-0.027855,-0.054859
0.230874,-0.029295,-0.028683,-0.055690
0.205962,-0.029295,-0.028683,-0.054859
0.205963,-0.029295,-0.027855,-0.054859
0.205965,-0.029295,-0.027855,-0.054859
0.205965,-0.029294,-0.027855,-0.054859
0.205967,-0.030119,-0.027854,-0.054858
0.230881,-0.029294,-0.027854,-0.054858
0.205969,-0.030119,-0.027854,-0.054858
0.205969,-0.030118,-0.027854,-0.054858
0.230883,-0.029294,-0.027854,-0.054027
0.230885,-0.029294,-0.028682,-0.054858
0.205973,-0.029294,-0.027854,-0.054858
0.205974,-0.028470,-0.027854,-0.054858
0.230889,-0.029294,-0.027026,-0.054857
0.230891,-0.029294,-0.027854,-0.054857
0.205980,-0.029294,-0.027854,-0.054857
0.205981,-0.029294,-0.027854,-0.054857
0.205981,-0.029294,-0.027026,-0.054857
0.230895,-0.029294,-0.027854,-0.054857
0.230896,-0.028470,-0.027854,-0.054857
0.205983,-0.029294,-0.028682,-0.055688
0.205984,-0.028470,-0.027854,-0.055688
0.205984,-0.029294,-0.027854,-0.055687
0.205986,-0.029294,-0.027854,-0.055687
0.205989,-0.029294,-0.027854,-0.055687
0.230903,-0.029294,-0.027854,-0.055687
0.230904,-0.028470,-0.027854,-0.055687
0.230906,-0.028469,-0.027854,-0.055687
0.205995,-0.029294,-0.027854,-0.055687
0.205997,-0.029293,-0.027854,-0.054855
0.230912,-0.029293,-0.027854,-0.055686
0.230914,-0.029293,-0.027854,-0.055686
0.230915,-0.029293,-0.027854,-0.054855
0.230916,-0.029293,-0.027854,-0.054855
0.230918,-0.029293,-0.028682,-0.054855
0.206006,-0.029293,-0.027854,-0.054855
0.206007,-0.029293,-0.028682,-0.054855
0.206008,-0.029293,-0.028682,-0.055686
0.206010,-0.029293,-0.028682,-0.055685
0.206013,-0.029293,-0.028682,-0.055685
0.206014,-0.030117,-0.028682,-0.055685
0.230927,-0.030117,-0.028682,-0.055685
0.230929,-0.029293,-0.028682,-0.055685
0.230931,-0.029293,-0.027853,-0.055685
0.206020,-0.029293,-0.027853,-0.054854
0.206022,-0.029293,-0.027853,-0.054853
0.206023,-0.029292,-0.028681,-0.055684
0.230939,-0.029292,-0.028681,-0.055684
0.230941,-0.029292,-0.028681,-0.055684
0.230943,-0.029292,-0.028681,-0.055684
0.230944,-0.029292,-0.028681,-0.055684
0.230946,-0.029292,-0.028681,-0.054853
0.206035,-0.029292,-0.028681,-0.055684
0.230950,-0.028468,-0.028681,-0.055684
0.230952,-0.029292,-0.028681,-0.055684
0.230955,-0.028468,-0.027853,-0.055684
0.230958,-0.028468,-0.028681,-0.055683
0.230959,-0.029292,-0.028681,-0.055683
0.230961,-0.029292,-0.028681,-0.055683
0.255877,-0.029292,-0.028681,-0.055683
0.255880,-0.029292,-0.028681,-0.055683
0.230969,-0.029292,-0.027853,-0.055683
0.230970,-0.029292,-0.028681,-0.055683
0.230971,-0.029291,-0.027852,-0.055683
0.230972,-0.029291,-0.028681,-0.055683
0.230975,-0.029291,-0.027852,-0.055683
0.230976,-0.028467,-0.027852,-0.055682
0.230978,-0.029291,-0.027852,-0.055682
0.255892,-0.028467,-0.028680,-0.055682
0.255893,-0.028467,-0.028680,-0.055682
0.230980,-0.028467,-0.027852,-0.056513
0.230981,-0.028467,-0.027852,-0.055682
0.230983,-0.028466,-0.027852,-0.055682
0.230985,-0.029291,-0.028680,-0.055682
0.230987,-0.028466,-0.028680,-0.055682
0.255902,-0.028466,-0.028680,-0.055681
0.255903,-0.028466,-0.027852,-0.055681
0.230991,-0.029290,-0.027852,-0.057343
0.280819,-0.028466,-0.027851,-0.056512
0.255907,-0.028466,-0.028680,-0.056512
0.255910,-0.028466,-0.028679,-0.056512
0.255913,-0.028466,-0.027851,-0.056512
0.231001,-0.028466,-0.028679,-0.056512
0.255915,-0.028466,-0.028679,-0.056512
0.255916,-0.028465,-0.028679,-0.055680
0.231005,-0.028465,-0.029507,-0.055680
0.231006,-0.029289,-0.029507,-0.056511
0.231008,-0.029289,-0.029507,-0.056511
0.255923,-0.030113,-0.030335,-0.056511
0.255925,-0.029289,-0.029507,-0.056511
0.255927,-0.029289,-0.029507,-0.057342
0.231016,-0.029289,-0.028679,-0.057342
0.231017,-0.029289,-0.028679,-0.056510
0.231018,-0.029289,-0.028678,-0.056510
0.231020,-0.029289,-0.029506,-0.056510
0.231022,-0.029289,-0.028678,-0.056510
0.231024,-0.029289,-0.029506,-0.056510
0.231026,-0.029289,-0.029506,-0.056510
0.231028,-0.029289,-0.029506,-0.056510
0.231028,-0.029288,-0.028678,-0.056510
0.255942,-0.029288,-0.029506,-0.056510
0.255943,-0.029288,-0.028678,-0.057340
0.255946,-0.029288,-0.028678,-0.057340
0.255948,-0.029288,-0.028678,-0.057340
0.255950,-0.029288,-0.028678,-0.057340
0.231038,-0.029288,-0.029506,-0.057340
0.206126,-0.029288,-0.029506,-0.057340
0.231040,-0.030112,-0.029506,-0.057340
0.231042,-0.030112,-0.029506,-0.057339
0.231042,-0.030112,-0.029506,-0.056508
0.231044,-0.029288,-0.028677,-0.057339
0.231046,-0.029288,-0.028677,-0.057339
0.231048,-0.029288,-0.028677,-0.057339
0.231050,-0.029288,-0.028677,-0.057339
0.231051,-0.030112,-0.028677,-0.057339
0.231051,-0.029288,-0.028677,-0.056507
0.231052,-0.030112,-0.028677,-0.056507
0.206140,-0.030112,-0.028677,-0.056507
0.231056,-0.030111,-0.028677,-0.057338
0.206144,-0.030111,-0.028677,-0.058169
0.206146,-0.029287,-0.028677,-0.057338
0.206148,-0.029287,-0.028677,-0.057338
0.206150,-0.029287,-0.028677,-0.057338
0.231065,-0.030111,-0.029505,-0.057337
0.206155,-0.030111,-0.028677,-0.057337
0.231072,-0.030111,-0.028677,-0.057337
0.231074,-0.030111,-0.028677,-0.057337
0.231075,-0.030111,-0.028677,-0.057337
0.206164,-0.030111,-0.028677,-0.057337
0.206166,-0.030110,-0.028677,-0.057337
0.255995,-0.030110,-0.029505,-0.057337
0.231085,-0.029286,-0.028677,-0.057337
0.256000,-0.029286,-0.028677,-0.057337
0.231089,-0.030110,-0.028677,-0.057337
0.231091,-0.030110,-0.028677,-0.057336
0.231093,-0.029286,-0.028676,-0.057336
0.231094,-0.030110,-0.028676,-0.057336
0.231095,-0.030110,-0.028676,-0.058167
0.206184,-0.029286,-0.028676,-0.057336
0.231099,-0.029286,-0.028676,-0.056505
0.206188,-0.029285,-0.029504,-0.056505
0.206190,-0.029285,-0.029504,-0.057336
0.231104,-0.029285,-0.029504,-0.057336
0.231105,-0.030109,-0.029504,-0.057336
0.231107,-0.030109,-0.029504,-0.057335
0.231109,-0.030109,-0.029504,-0.057335
0.231110,-0.030109,-0.029504,-0.056504
0.231110,-0.030109,-0.029504,-0.057335
0.206197,-0.030109,-0.029504,-0.057335
0.231113,-0.030109,-0.029504,-0.057335
0.231114,-0.030109,-0.029504,-0.057335
0.231114,-0.030109,-0.029504,-0.058166
0.256028,-0.030108,-0.029504,-0.058166
0.231115,-0.030108,-0.029504,-0.057335
0.231117,-0.030108,-0.029503,-0.057334
0.256032,-0.030932,-0.029503,-0.057334
0.256033,-0.030108,-0.029503,-0.058165
0.231120,-0.030932,-0.029503,-0.058165
0.231123,-0.030108,-0.029503,-0.058165
0.231124,-0.030108,-0.029503,-0.058165
0.231125,-0.030108,-0.029503,-0.058165
0.231126,-0.030932,-0.030331,-0.058165
0.206216,-0.030107,-0.029503,-0.058165
0.231131,-0.030107,-0.030331,-0.058165
0.231131,-0.030107,-0.029503,-0.058165
0.231132,-0.030107,-0.029503,-0.058165
0.231133,-0.030107,-0.029503,-0.058165
0.231135,-0.030107,-0.029503,-0.057334
0.231136,-0.030107,-0.029503,-0.057333
0.231136,-0.030107,-0.029503,-0.058164
0.256050,-0.030107,-0.029503,-0.057333
0.256050,-0.030107,-0.028675,-0.058164
0.256051,-0.030931,-0.029503,-0.058164
0.256052,-0.030931,-0.029503,-0.058164
0.256053,-0.030931,-0.029503,-0.058164
0.256055,-0.030106,-0.029503,-0.057333
0.231142,-0.030106,-0.028675,-0.057333
0.231144,-0.030106,-0.029503,-0.058164
0.256059,-0.030106,-0.029503,-0.057332
0.256061,-0.030106,-0.028675,-0.058163
0.256063,-0.030106,-0.029503,-0.058163
0.231152,-0.030106,-0.029503,-0.058163
0.256066,-0.030106,-0.029503,-0.058163
0.256067,-0.030106,-0.029502,-0.058163
0.231154,-0.030106,-0.029502,-0.058163
0.231154,-0.030106,-0.029502,-0.058163
0.256069,-0.030930,-0.029502,-0.058994
0.231157,-0.030106,-0.029502,-0.058163
0.231159,-0.030106,-0.029502,-0.058163
0.231161,-0.030105,-0.029502,-0.057332
0.231163,-0.030105,-0.028674,-0.058163
0.231165,-0.030105,-0.028674,-0.058163
0.231166,-0.030929,-0.029502,-0.058994
0.231168,-0.030929,-0.029502,-0.058994
0.231169,-0.030929,-0.029502,-0.058993
0.231169,-0.030105,-0.029502,-0.058993
0.256083,-0.030105,-0.029502,-0.058993
0.231171,-0.030105,-0.029502,-0.058993
0.231170,-0.030105,-0.030330,-0.058993
0.256083,-0.030929,-0.030329,-0.058993
0.256084,-0.030929,-0.030329,-0.058993
0.256085,-0.030929,-0.029501,-0.058162
0.256087,-0.030929,-0.029501,-0.058162
0.256088,-0.030929,-0.029501,-0.058162
0.256090,-0.030929,-0.030329,-0.058993
0.231180,-0.030104,-0.029501,-0.058162
0.256093,-0.030104,-0.030329,-0.058992
0.231183,-0.030104,-0.030329,-0.058992
0.256098,-0.030928,-0.029501,-0.058992
0.231186,-0.030104,-0.029501,-0.058992
0.231188,-0.030928,-0.029501,-0.058992
0.231191,-0.030928,-0.030329,-0.059823
0.231192,-0.030928,-0.029501,-0.059823
0.231195,-0.030928,-0.029501,-0.058992
0.256110,-0.030928,-0.029501,-0.058161
0.256112,-0.030928,-0.029501,-0.058992
0.231201,-0.030104,-0.029501,-0.058991
0.231204,-0.030928,-0.029501,-0.059822
0.231206,-0.030928,-0.028672,-0.059822
0.231209,-0.030103,-0.029500,-0.059822
0.231210,-0.030103,-0.029500,-0.058991
0.256124,-0.030927,-0.029500,-0.058991
0.231211,-0.030927,-0.030328,-0.059822
0.231213,-0.030103,-0.029500,-0.059822
0.256128,-0.030103,-0.030328,-0.059822
0.256129,-0.030103,-0.029500,-0.058990
0.231218,-0.030927,-0.030328,-0.059821
0.231219,-0.030103,-0.030328,-0.058990
0.231221,-0.030103,-0.030328,-0.059821
0.231223,-0.030927,-0.029500,-0.058990
0.256137,-0.030103,-0.029500,-0.059821
0.231226,-0.030103,-0.029500,-0.059821
0.231227,-0.030103,-0.029500,-0.059821
0.256142,-0.030927,-0.030328,-0.059821
0.256144,-0.030103,-0.029500,-0.058990
0.256146,-0.030927,-0.030328,-0.059821
0.256147,-0.030927,-0.030328,-0.059821
0.256149,-0.030927,-0.030328,-0.058989
0.231238,-0.030102,-0.029500,-0.058989
0.231240,-0.030102,-0.030328,-0.059820
0.231241,-0.030102,-0.029499,-0.058989
0.231241,-0.030102,-0.030328,-0.058989
0.231242,-0.030926,-0.030327,-0.058989
0.231243,-0.030102,-0.029499,-0.058989
0.256156,-0.030102,-0.029499,-0.058989
0.256157,-0.030926,-0.030327,-0.058989
0.256159,-0.030926,-0.029499,-0.058988
0.256160,-0.030926,-0.030327,-0.058988
0.231248,-0.030926,-0.030327,-0.059819
0.231249,-0.030102,-0.029499,-0.059819
0.231250,-0.030926,-0.030327,-0.059819
0.206340,-0.030102,-0.030327,-0.059819
0.206342,-0.030102,-0.029499,-0.059819
0.231257,-0.030926,-0.030327,-0.059819
0.231260,-0.030926,-0.029499,-0.059819
0.256175,-0.030101,-0.030327,-0.059819
0.256178,-0.030101,-0.030327,-0.059819
0.231267,-0.030101,-0.030327,-0.058987
0.256182,-0.030925,-0.030327,-0.059818
0.231271,-0.030925,-0.030327,-0.059818
0.231273,-0.031749,-0.030327,-0.059818
0.231278,-0.030925,-0.030327,-0.059818
0.231282,-0.030925,-0.030327,-0.059818
0.231285,-0.031749,-0.030327,-0.059818
0.231287,-0.031749,-0.030327,-0.060649
0.231288,-0.031749,-0.030327,-0.060649
0.231290,-0.030925,-0.030327,-0.059818
0.231291,-0.031749,-0.030327,-0.060648
0.231293,-0.031749,-0.030327,-0.059817
0.231295,-0.030924,-0.031155,-0.060648
0.231298,-0.030924,-0.030326,-0.059817
0.231300,-0.030924,-0.030326,-0.059817
0.256214,-0.030924,-0.030326,-0.060648
0.231302,-0.030924,-0.030326,-0.059817
0.231304,-0.030924,-0.030326,-0.059816
0.231305,-0.030924,-0.030326,-0.060647
0.231307,-0.030924,-0.029498,-0.060647
0.231310,-0.030924,-0.030326,-0.059816
0.231312,-0.030924,-0.031154,-0.060647
0.231313,-0.030924,-0.030326,-0.059816
0.231315,-0.030100,-0.031154,-0.060647
0.231316,-0.030100,-0.030326,-0.059816
0.231317,-0.030099,-0.029498,-0.059816
0.256232,-0.030924,-0.030326,-0.059815
0.231322,-0.030099,-0.030326,-0.059815
0.231324,-0.030923,-0.031154,-0.059815
0.231327,-0.030923,-0.031154,-0.059815
0.231329,-0.030099,-0.031154,-0.059815
0.231331,-0.030923,-0.031154,-0.060646
0.231333,-0.030923,-0.030326,-0.059815
0.231335,-0.030923,-0.031154,-0.059815
0.231336,-0.030923,-0.031154,-0.060646
0.256251,-0.030923,-0.031154,-0.058983
0.256253,-0.030923,-0.031154,-0.059814
0.231343,-0.030922,-0.030326,-0.059814
0.256257,-0.030922,-0.031154,-0.060645
0.256259,-0.030922,-0.031154,-0.059814
0.281172,-0.030922,-0.031154,-0.060645
0.256259,-0.030922,-0.031154,-0.059814
0.256260,-0.031746,-0.031154,-0.059814
0.231347,-0.031746,-0.031154,-0.059814
0.256262,-0.030922,-0.031154,-0.060645
0.256262,-0.030922,-0.030325,-0.060644
0.231350,-0.030922,-0.030325,-0.059813
0.256265,-0.030922,-0.031153,-0.059813
0.231354,-0.030922,-0.030325,-0.059813
0.256267,-0.031746,-0.031153,-0.059813
0.231355,-0.031746,-0.031153,-0.059813
0.231356,-0.031746,-0.031153,-0.060644
0.256270,-0.030922,-0.031153,-0.060644
0.256271,-0.030922,-0.031153,-0.060644
0.256272,-0.030921,-0.031153,-0.059813
0.281189,-0.030921,-0.031153,-0.059812
0.256278,-0.030921,-0.031981,-0.060643
0.256281,-0.030097,-0.031153,-0.059812
0.256282,-0.030921,-0.031153,-0.060643
0.256284,-0.030921,-0.030325,-0.059812
0.256286,-0.030097,-0.031153,-0.059812
0.231375,-0.030097,-0.031153,-0.058981
0.231377,-0.030921,-0.031153,-0.060643
0.256292,-0.030921,-0.031153,-0.060643
0.231381,-0.030921,-0.031152,-0.059811
0.256297,-0.030921,-0.030324,-0.060642
0.256299,-0.030096,-0.030324,-0.060642
0.256301,-0.030096,-0.031152,-0.060642
0.256302,-0.030920,-0.030324,-0.060642
0.256305,-0.030920,-0.031152,-0.061473
0.256308,-0.030920,-0.031152,-0.061473
0.256311,-0.030920,-0.031152,-0.061473
0.256315,-0.030920,-0.031152,-0.060641
0.256319,-0.030920,-0.031152,-0.061472
0.256321,-0.031744,-0.031152,-0.061472
0.231410,-0.030920,-0.031152,-0.059810
0.231412,-0.030920,-0.031152,-0.061472
0.256327,-0.030919,-0.031980,-0.061472
0.256329,-0.030919,-0.031152,-0.060641
0.256331,-0.030919,-0.031152,-0.060641
0.256333,-0.030919,-0.031152,-0.060640
0.256335,-0.031743,-0.031151,-0.060640
0.256337,-0.031743,-0.031151,-0.059809
0.256338,-0.031743,-0.031979,-0.060640
0.231424,-0.030919,-0.031151,-0.061471
0.231425,-0.030919,-0.031151,-0.061471
0.231426,-0.030919,-0.031979,-0.061471
0.231426,-0.030919,-0.031151,-0.060640
0.231428,-0.031743,-0.031151,-0.061471
0.231430,-0.030094,-0.031151,-0.060640
0.231432,-0.030918,-0.031979,-0.060639
0.231434,-0.030918,-0.031151,-0.061470
0.231437,-0.031743,-0.031151,-0.061470
0.256352,-0.031743,-0.031151,-0.061470
0.231440,-0.031742,-0.031151,-0.061470
0.231442,-0.031742,-0.031151,-0.062301
0.256356,-0.030918,-0.031151,-0.062301
0.231444,-0.030918,-0.031151,-0.061470
0.231446,-0.030918,-0.031151,-0.062301
0.256361,-0.030918,-0.031151,-0.061469
0.256362,-0.031742,-0.031979,-0.061469
0.231451,-0.030918,-0.031150,-0.060638
0.231453,-0.031742,-0.031979,-0.061469
0.256368,-0.031742,-0.031979,-0.062300
0.256370,-0.030918,-0.031978,-0.062300
0.256372,-0.030918,-0.031150,-0.062300
0.231461,-0.030093,-0.031150,-0.061469
0.256376,-0.030918,-0.031150,-0.062300
0.256379,-0.030918,-0.030322,-0.061468
0.256380,-0.031742,-0.031150,-0.062299
0.256382,-0.031742,-0.030322,-0.061468
0.256385,-0.031742,-0.031150,-0.062299
0.231474,-0.031741,-0.030322,-0.062299
0.231477,-0.031741,-0.031150,-0.062299
0.231479,-0.031741,-0.031150,-0.062299
0.256393,-0.030917,-0.031150,-0.061468
0.231481,-0.031741,-0.031150,-0.062299
0.231481,-0.031741,-0.030322,-0.061467
0.256397,-0.031741,-0.031150,-0.062298
0.256398,-0.031741,-0.031150,-0.062298
0.256401,-0.030917,-0.031150,-0.062298
0.231491,-0.031741,-0.031150,-0.062298
0.231493,-0.030916,-0.030322,-0.061467
0.256409,-0.031740,-0.031150,-0.062298
0.231498,-0.031740,-0.031150,-0.062298
0.256412,-0.031740,-0.031150,-0.060635
0.256415,-0.031740,-0.031150,-0.062297
0.256418,-0.031740,-0.031150,-0.061466
0.281334,-0.031740,-0.031150,-0.061466
0.256423,-0.031740,-0.031150,-0.061466
0.256425,-0.032564,-0.031978,-0.062297
0.231514,-0.031740,-0.031978,-0.062297
0.256429,-0.030916,-0.031150,-0.061466
0.256431,-0.031740,-0.031978,-0.062297
0.256433,-0.030915,-0.031149,-0.062297
0.256436,-0.031740,-0.031978,-0.062297
0.256437,-0.031739,-0.031978,-0.062297
0.256439,-0.030915,-0.031978,-0.062296
0.231526,-0.031739,-0.031978,-0.062296
0.231528,-0.030915,-0.031978,-0.061465
0.256443,-0.031739,-0.031977,-0.062296
0.231532,-0.030915,-0.031977,-0.061465
0.281359,-0.032563,-0.031977,-0.061465
0.256447,-0.031739,-0.031149,-0.061465
0.256448,-0.030915,-0.031149,-0.061465
0.231536,-0.031739,-0.031149,-0.062296
0.256450,-0.030915,-0.031149,-0.062296
0.256450,-0.031739,-0.031977,-0.062296
0.231537,-0.031739,-0.031149,-0.061464
0.231537,-0.030914,-0.031149,-0.062295
0.256450,-0.031739,-0.031977,-0.062295
0.231537,-0.030914,-0.031149,-0.061464
0.256449,-0.031738,-0.031977,-0.062295
0.231536,-0.030914,-0.031977,-0.061464
0.256449,-0.031738,-0.031977,-0.063126
0.231537,-0.031738,-0.031977,-0.063126
0.256449,-0.030914,-0.031977,-0.062295
0.256449,-0.031738,-0.031977,-0.063126
0.256450,-0.030914,-0.031149,-0.062295
0.256450,-0.031738,-0.031977,-0.063126
0.256451,-0.030914,-0.031977,-0.062294
0.256452,-0.031738,-0.032805,-0.063125
0.231539,-0.030914,-0.031977,-0.062294
0.256452,-0.030914,-0.032805,-0.063125
0.256451,-0.030914,-0.032805,-0.062294
0.256450,-0.031738,-0.031977,-0.062294
0.256451,-0.031738,-0.031977,-0.063125
0.231540,-0.031737,-0.031977,-0.062294
0.231540,-0.032562,-0.031977,-0.063125
0.231541,-0.031737,-0.031149,-0.062294
0.256456,-0.031737,-0.031977,-0.063124
0.231543,-0.031737,-0.031977,-0.063124
0.256457,-0.031737,-0.031977,-0.062293
0.256456,-0.032561,-0.031977,-0.063124
0.256456,-0.031737,-0.031149,-0.062293
0.256456,-0.032561,-0.031149,-0.063124
0.231542,-0.031737,-0.031149,-0.062293
0.256456,-0.032561,-0.031977,-0.063124
0.256456,-0.031737,-0.031149,-0.062293
0.256456,-0.031737,-0.031149,-0.063124
0.256456,-0.031737,-0.031149,-0.063124
0.256457,-0.031737,-0.031149,-0.063123
0.256456,-0.031737,-0.031977,-0.063123
0.256456,-0.031737,-0.031977,-0.063123
0.256455,-0.032561,-0.031977,-0.063123
0.256454,-0.030912,-0.031148,-0.062292
0.256455,-0.031736,-0.031977,-0.063123
0.231541,-0.030912,-0.031976,-0.062292
0.256455,-0.031736,-0.031976,-0.063123
0.256456,-0.031736,-0.031976,-0.063123
0.256456,-0.030912,-0.031976,-0.063122
0.231545,-0.031736,-0.031976,-0.063122
0.231547,-0.031736,-0.031976,-0.063122
0.256461,-0.031736,-0.031976,-0.063122
0.231549,-0.030912,-0.031976,-0.063122
0.231550,-0.032560,-0.031976,-0.063122
0.231550,-0.031736,-0.031148,-0.062291
0.231551,-0.031736,-0.031976,-0.063122
0.231551,-0.030912,-0.031976,-0.063122
0.231552,-0.031736,-0.032804,-0.063953
0.231553,-0.030912,-0.031976,-0.062290
0.256466,-0.031736,-0.031976,-0.063121
0.231554,-0.030911,-0.031976,-0.062290
0.231555,-0.031736,-0.031976,-0.063952
0.231556,-0.031735,-0.031976,-0.063121
0.231556,-0.031735,-0.031976,-0.063952
0.231556,-0.031735,-0.031976,-0.063121
0.256470,-0.031735,-0.031976,-0.063952
0.256470,-0.031735,-0.031976,-0.063120
0.231558,-0.031735,-0.031976,-0.063120
0.231559,-0.031735,-0.031976,-0.063951
0.256475,-0.030911,-0.031976,-0.063120
0.256475,-0.032559,-0.032804,-0.063951
0.256475,-0.031735,-0.031976,-0.063120
0.256475,-0.032559,-0.032804,-0.063951
0.256476,-0.030910,-0.031976,-0.062288
0.256476,-0.031735,-0.032804,-0.063950
0.256476,-0.031734,-0.032804,-0.063119
0.256476,-0.031734,-0.032804,-0.063950
0.231563,-0.031734,-0.031976,-0.063119
0.231563,-0.032558,-0.031976,-0.063950
0.256476,-0.031734,-0.031976,-0.063950
0.256478,-0.032558,-0.032804,-0.063950
0.256479,-0.032558,-0.031976,-0.063119
0.256479,-0.032558,-0.032804,-0.063949
0.256479,-0.032558,-0.031976,-0.063118
0.256479,-0.033382,-0.032804,-0.063949
0.231567,-0.032558,-0.031976,-0.063118
0.256480,-0.032558,-0.032804,-0.063949
0.256481,-0.031734,-0.031976,-0.063118
0.256482,-0.032558,-0.032804,-0.063949
0.256483,-0.031734,-0.031976,-0.063117
0.281397,-0.032558,-0.032804,-0.063948
0.256485,-0.031734,-0.031976,-0.063117
0.256485,-0.032558,-0.032804,-0.063948
0.256484,-0.031734,-0.031976,-0.063117
0.256485,-0.031734,-0.032804,-0.063117
0.256486,-0.032558,-0.032804,-0.063117
0.256486,-0.032558,-0.032804,-0.063948
0.256488,-0.031734,-0.032804,-0.063116
0.256489,-0.031734,-0.032803,-0.063947
0.281402,-0.032558,-0.031975,-0.063947
0.256490,-0.031734,-0.031975,-0.063116
0.281404,-0.032558,-0.032804,-0.063947
0.281405,-0.031734,-0.031975,-0.063116
0.281406,-0.032558,-0.032804,-0.063947
0.281407,-0.031734,-0.031975,-0.062285
0.281408,-0.032558,-0.032803,-0.063947
0.256495,-0.030909,-0.031975,-0.063116
0.281409,-0.032558,-0.032803,-0.063947
0.281409,-0.031733,-0.031975,-0.063115
0.281410,-0.032557,-0.033632,-0.063946
0.256496,-0.030909,-0.032803,-0.063115
0.281412,-0.032557,-0.032803,-0.063946
0.281413,-0.031733,-0.031975,-0.063115
0.281414,-0.032557,-0.032803,-0.063946
0.281416,-0.031733,-0.032803,-0.063115
0.281416,-0.032557,-0.032803,-0.063946
0.281416,-0.033381,-0.032803,-0.063946
0.256503,-0.032557,-0.032803,-0.063114
0.281418,-0.032557,-0.032803,-0.063945
0.281419,-0.031732,-0.031975,-0.063945
0.281420,-0.032556,-0.032803,-0.063945
0.256507,-0.031732,-0.031975,-0.063114
0.256508,-0.032556,-0.032803,-0.063945
0.281424,-0.031732,-0.032803,-0.063114
0.256512,-0.032556,-0.033631,-0.064776
0.256514,-0.031732,-0.033631,-0.063944
0.281429,-0.033380,-0.033630,-0.065606
0.256517,-0.032556,-0.032802,-0.063944
0.256518,-0.033380,-0.033630,-0.064775
0.281433,-0.031732,-0.032802,-0.063944
0.281434,-0.033380,-0.033630,-0.063944
0.256522,-0.031732,-0.032802,-0.063112
0.281435,-0.033380,-0.033630,-0.064774
0.256523,-0.031731,-0.032802,-0.063943
0.281437,-0.033380,-0.033630,-0.064774
0.256526,-0.032556,-0.032802,-0.063112
0.256528,-0.032555,-0.033630,-0.064774
0.256530,-0.031731,-0.032802,-0.063112
0.256533,-0.032555,-0.033630,-0.064774
0.256534,-0.032555,-0.032802,-0.063943
0.281447,-0.032555,-0.032802,-0.064773
0.281447,-0.031731,-0.031974,-0.063942
0.281448,-0.032555,-0.032802,-0.064773
0.281449,-0.031731,-0.031974,-0.063942
0.281449,-0.032555,-0.032802,-0.064773
0.256536,-0.031731,-0.031974,-0.063942
0.256538,-0.032555,-0.032802,-0.064773
0.256539,-0.032555,-0.032802,-0.064773
0.256540,-0.031730,-0.031973,-0.063941
0.281454,-0.032555,-0.032802,-0.065603
0.256540,-0.031730,-0.032802,-0.064772
0.281454,-0.032554,-0.032801,-0.065603
0.256542,-0.031730,-0.032801,-0.063941
0.281456,-0.032554,-0.033630,-0.065603
0.256544,-0.031730,-0.032801,-0.063941
0.256546,-0.032554,-0.032801,-0.063941
0.281461,-0.032554,-0.032801,-0.064771
0.281463,-0.032554,-0.032801,-0.064771
0.281465,-0.032554,-0.032801,-0.064771
0.256553,-0.031730,-0.032801,-0.064771
0.281469,-0.033378,-0.032801,-0.065602
0.256556,-0.031730,-0.032801,-0.063940
0.281471,-0.033378,-0.032801,-0.065602
0.256559,-0.031730,-0.031973,-0.063939
0.281474,-0.033378,-0.032801,-0.065602
0.281474,-0.031729,-0.031973,-0.063939
0.281474,-0.032554,-0.033629,-0.065601
0.281475,-0.031729,-0.032801,-0.064770
0.281476,-0.032554,-0.032801,-0.064770
0.256564,-0.031729,-0.032801,-0.063939
0.281478,-0.032553,-0.032801,-0.064770
0.281479,-0.032553,-0.032801,-0.064770
0.281479,-0.031729,-0.032801,-0.063938
0.281480,-0.033377,-0.033629,-0.065600
0.281481,-0.031729,-0.031973,-0.064769
0.281483,-0.033377,-0.032801,-0.066431
0.256572,-0.032553,-0.032801,-0.064769
0.281486,-0.033377,-0.033629,-0.066431
0.281487,-0.031729,-0.031973,-0.064769
0.281489,-0.032553,-0.032801,-0.064769
0.281489,-0.033377,-0.033629,-0.065600
0.281490,-0.031729,-0.031973,-0.064768
0.281491,-0.033377,-0.032801,-0.066430
0.281492,-0.032553,-0.031973,-0.065599
0.281493,-0.032553,-0.032801,-0.066430
0.281494,-0.033377,-0.032801,-0.065599
0.256582,-0.031729,-0.031973,-0.064768
0.256584,-0.033377,-0.032801,-0.066430
0.281498,-0.031729,-0.031973,-0.064768
0.281499,-0.033377,-0.032801,-0.066430
0.281498,-0.032553,-0.031973,-0.064767
0.256585,-0.031729,-0.032801,-0.065598
0.281498,-0.032553,-0.033629,-0.066429
0.256586,-0.031729,-0.032801,-0.064767
0.281500,-0.032553,-0.033629,-0.065598
0.256587,-0.031729,-0.032801,-0.064767
0.281500,-0.032553,-0.032801,-0.065598
0.281501,-0.032553,-0.032801,-0.066429
0.256589,-0.031729,-0.032801,-0.065597
0.281502,-0.033377,-0.033629,-0.066428
0.256590,-0.031729,-0.031973,-0.064766
0.256590,-0.033377,-0.033629,-0.065597
0.231677,-0.031728,-0.032801,-0.064766
0.256592,-0.032553,-0.032801,-0.065597
0.256592,-0.032553,-0.032801,-0.065597
0.256592,-0.031728,-0.031973,-0.064765
0.281507,-0.032553,-0.032801,-0.066427
0.256593,-0.031728,-0.031973,-0.064765
0.256594,-0.031728,-0.031973,-0.064765
0.256595,-0.032552,-0.032801,-0.065596
0.256595,-0.031728,-0.031973,-0.063934
0.256596,-0.033376,-0.033629,-0.066427
0.256596,-0.032552,-0.032801,-0.064765
0.256597,-0.033376,-0.032801,-0.066426
0.256598,-0.032552,-0.031972,-0.064764
0.256599,-0.032552,-0.031972,-0.064764
0.256600,-0.033376,-0.032801,-0.065595
0.231688,-0.032552,-0.032801,-0.064764
0.281515,-0.033376,-0.032801,-0.066426
0.256603,-0.031728,-0.031972,-0.065594
0.256605,-0.032552,-0.032800,-0.066425
0.256606,-0.033376,-0.032800,-0.066425
0.231694,-0.032552,-0.031972,-0.065594
0.231695,-0.033376,-0.032800,-0.066425
0.256610,-0.032552,-0.032800,-0.064763
0.256611,-0.033376,-0.032800,-0.065594
0.281525,-0.033376,-0.033628,-0.066424
0.256611,-0.032552,-0.032800,-0.063931
0.256613,-0.033376,-0.033628,-0.066424
0.256615,-0.032552,-0.032800,-0.065593
0.256615,-0.032552,-0.031972,-0.064762
0.281528,-0.034200,-0.033628,-0.066424
0.231703,-0.032551,-0.032800,-0.064762
0.256617,-0.033376,-0.033628,-0.065592
0.256618,-0.033375,-0.033628,-0.065592
0.256620,-0.032551,-0.032800,-0.065592
0.281534,-0.033375,-0.033628,-0.065592
0.256623,-0.033375,-0.033628,-0.066423
0.256624,-0.032551,-0.032800,-0.064761
0.281538,-0.033375,-0.034456,-0.066423
0.256627,-0.032551,-0.033628,-0.065592
0.256628,-0.032551,-0.032799,-0.064760
0.256629,-0.034199,-0.034456,-0.067253
0.256630,-0.033375,-0.033627,-0.066422
0.256631,-0.033375,-0.033627,-0.066422
0.256632,-0.033375,-0.033627,-0.066422
0.231720,-0.032551,-0.032799,-0.066422
0.231722,-0.033375,-0.034455,-0.067253
0.231724,-0.032551,-0.032799,-0.065590
0.256639,-0.032551,-0.032799,-0.066421
0.256641,-0.033375,-0.034455,-0.067252
0.256643,-0.031726,-0.033627,-0.064759
0.256645,-0.032550,-0.032799,-0.066421
0.256647,-0.032550,-0.032799,-0.067252
0.256648,-0.031726,-0.032799,-0.065590
0.256649,-0.032550,-0.032799,-0.066421
0.256650,-0.033375,-0.033627,-0.066421
0.256652,-0.032550,-0.032799,-0.065589
0.256654,-0.032550,-0.033627,-0.066420
0.281569,-0.033374,-0.033627,-0.067251
0.256658,-0.032550,-0.032799,-0.066420
0.281572,-0.034198,-0.033627,-0.067251
0.281573,-0.033374,-0.032799,-0.066420
0.256661,-0.033374,-0.032798,-0.066420
0.256662,-0.034198,-0.033627,-0.067251
0.256665,-0.033374,-0.033627,-0.066420
0.256666,-0.033374,-0.032798,-0.066420
0.281580,-0.034198,-0.033626,-0.068082
0.256668,-0.033374,-0.033626,-0.067250
0.256669,-0.033374,-0.032798,-0.066419
0.281584,-0.034198,-0.034454,-0.068081
0.256671,-0.033374,-0.032798,-0.066419
0.256672,-0.033374,-0.032798,-0.066419
0.281587,-0.034198,-0.033626,-0.067250
0.256674,-0.032550,-0.032798,-0.065587
0.281588,-0.033374,-0.032798,-0.066418
0.281590,-0.034198,-0.033626,-0.068080
0.281592,-0.033374,-0.032798,-0.067249
0.281594,-0.033374,-0.032798,-0.067249
0.281595,-0.034198,-0.034454,-0.068080
0.256683,-0.033374,-0.032798,-0.066418
0.256685,-0.033374,-0.033626,-0.068080
0.256687,-0.034198,-0.033626,-0.068911
0.256688,-0.033374,-0.032798,-0.067248
0.281602,-0.033373,-0.033626,-0.067248
0.281602,-0.034198,-0.033626,-0.068079
0.256689,-0.032549,-0.033626,-0.067248
0.231778,-0.033373,-0.032798,-0.067248
0.256693,-0.034197,-0.034454,-0.068079
0.256694,-0.032549,-0.032797,-0.066417
0.256696,-0.034197,-0.033626,-0.067248
0.231784,-0.034197,-0.033625,-0.068078
0.256698,-0.033373,-0.033625,-0.067247
0.256700,-0.033373,-0.033625,-0.068078
0.256701,-0.035021,-0.034453,-0.068909
0.231789,-0.033373,-0.033625,-0.067247
0.256703,-0.034197,-0.033625,-0.067247
0.281618,-0.035845,-0.034453,-0.068909
0.256706,-0.034197,-0.033625,-0.067246
0.256708,-0.033373,-0.033625,-0.066415
0.281622,-0.034197,-0.034453,-0.068077
0.256709,-0.034197,-0.033625,-0.066415
0.256710,-0.033373,-0.032797,-0.066415
0.256711,-0.034197,-0.033625,-0.067246
0.281626,-0.035021,-0.034453,-0.068077
0.256715,-0.033372,-0.033625,-0.067246
0.256716,-0.033372,-0.032796,-0.067246
0.256717,-0.035021,-0.033624,-0.067245
0.256719,-0.033372,-0.032796,-0.067245
0.256721,-0.032548,-0.033624,-0.067245
0.256723,-0.034196,-0.034452,-0.068076
0.256724,-0.033372,-0.033624,-0.068076
0.256725,-0.032548,-0.033624,-0.066414
0.256726,-0.033372,-0.032796,-0.067245
0.256727,-0.034196,-0.034452,-0.068076
0.256727,-0.032548,-0.033624,-0.068075
0.256728,-0.032548,-0.033624,-0.067244
0.256729,-0.032548,-0.033624,-0.068075
0.256730,-0.034196,-0.034452,-0.068075
0.231817,-0.033372,-0.032796,-0.066413
0.256730,-0.032548,-0.032795,-0.067243
0.256732,-0.034196,-0.033624,-0.068905
0.256735,-0.033372,-0.033624,-0.068074
0.256737,-0.032548,-0.033623,-0.067243
0.256738,-0.032547,-0.033623,-0.067243
0.256738,-0.034196,-0.033623,-0.068905
0.256740,-0.032547,-0.032795,-0.067242
0.281655,-0.032547,-0.033623,-0.067242
0.281657,-0.034196,-0.034451,-0.068904
0.256745,-0.034196,-0.033623,-0.068073
0.281659,-0.033371,-0.033623,-0.067242
0.281661,-0.032547,-0.033623,-0.067242
0.281663,-0.034195,-0.034451,-0.068904
0.281664,-0.032547,-0.033623,-0.067242
0.281666,-0.032547,-0.033623,-0.068072
0.281668,-0.033371,-0.034451,-0.068072
0.281670,-0.034195,-0.035279,-0.068903
0.281672,-0.032547,-0.033623,-0.068072
0.281675,-0.033371,-0.033623,-0.068903
0.281677,-0.034195,-0.034451,-0.068903
0.281679,-0.035019,-0.035279,-0.068903
0.281681,-0.034195,-0.034451,-0.068072
0.281683,-0.033371,-0.034450,-0.068071
0.281683,-0.034195,-0.034450,-0.068902
0.306597,-0.035019,-0.034450,-0.069733
0.256771,-0.033371,-0.033622,-0.068902
0.256773,-0.033371,-0.034450,-0.068902
0.256775,-0.033371,-0.034450,-0.068902
0.256777,-0.035019,-0.034450,-0.068902
0.256779,-0.033371,-0.033622,-0.068071
0.256782,-0.033370,-0.033622,-0.068902
0.281697,-0.034195,-0.034450,-0.068902
0.281699,-0.035019,-0.034450,-0.069733
0.281702,-0.033370,-0.033622,-0.068070
0.256790,-0.033370,-0.033622,-0.068070
0.256792,-0.033370,-0.033622,-0.068070
0.281708,-0.035019,-0.034450,-0.069732
0.281710,-0.035019,-0.034450,-0.068070
0.256799,-0.034194,-0.033621,-0.067239
0.281715,-0.034194,-0.034449,-0.068069
0.281717,-0.035018,-0.035278,-0.068900
0.306632,-0.034194,-0.034449,-0.068900
0.281721,-0.034194,-0.034449,-0.068069
0.281722,-0.033370,-0.034449,-0.068069
0.306638,-0.035018,-0.034449,-0.069731
0.256813,-0.034194,-0.034449,-0.068900
0.281728,-0.034194,-0.033621,-0.068900
0.281730,-0.034194,-0.034449,-0.068900
0.281732,-0.034194,-0.034449,-0.068900
0.281734,-0.035842,-0.035277,-0.070562
0.281736,-0.034194,-0.034449,-0.068899
0.281739,-0.034194,-0.035277,-0.068899
0.281741,-0.034194,-0.034449,-0.068899
0.281741,-0.035842,-0.035277,-0.068899
0.256830,-0.035842,-0.034449,-0.068899
0.281745,-0.034194,-0.034448,-0.068899
0.281747,-0.035018,-0.034448,-0.068899
0.281750,-0.035018,-0.034448,-0.068899
0.281752,-0.035842,-0.035276,-0.070561
0.281754,-0.034194,-0.034448,-0.068899
0.281756,-0.034193,-0.034448,-0.068067
0.281758,-0.034193,-0.034448,-0.067236
0.281760,-0.035018,-0.034448,-0.068898
0.281761,-0.036666,-0.035276,-0.068898
0.256850,-0.035017,-0.034448,-0.068067
0.256852,-0.035842,-0.034448,-0.068067
0.281767,-0.035841,-0.034448,-0.068067
0.256857,-0.035841,-0.036104,-0.069729
0.256858,-0.035841,-0.035276,-0.068898
0.256860,-0.035017,-0.034448,-0.068897
0.256862,-0.035017,-0.034448,-0.068897
0.256863,-0.035017,-0.034448,-0.068897
0.281778,-0.035841,-0.034448,-0.070559
0.256866,-0.035841,-0.034447,-0.069728
0.256868,-0.035017,-0.034447,-0.069728
0.281783,-0.035017,-0.033619,-0.068897
0.256871,-0.035017,-0.033619,-0.068897
0.281786,-0.035841,-0.035275,-0.070559
0.281787,-0.035017,-0.034447,-0.069727
0.281789,-0.034193,-0.034447,-0.068896
0.281790,-0.034193,-0.033619,-0.068896
0.281791,-0.035017,-0.034447,-0.068896
0.281792,-0.035841,-0.035275,-0.069727
0.256880,-0.035017,-0.035275,-0.069727
0.256881,-0.035017,-0.034447,-0.069727
0.256882,-0.034193,-0.034447,-0.068896
0.281797,-0.034192,-0.034447,-0.068064
0.281797,-0.035017,-0.034447,-0.069727
0.281798,-0.035017,-0.034447,-0.068895
0.281798,-0.034192,-0.035275,-0.068895
0.256884,-0.034192,-0.035275,-0.068895
0.281798,-0.034192,-0.034447,-0.068895
0.281799,-0.034192,-0.034447,-0.068895
0.306712,-0.035016,-0.035275,-0.069726
0.281800,-0.035016,-0.035275,-0.069726
0.281800,-0.035016,-0.034447,-0.069726
0.256887,-0.034192,-0.033619,-0.068895
0.281801,-0.034192,-0.034447,-0.068894
0.281803,-0.033368,-0.033619,-0.068894
0.281804,-0.034192,-0.034447,-0.068894
0.281804,-0.034192,-0.034447,-0.069725
0.281804,-0.033367,-0.034447,-0.068063
0.281805,-0.033367,-0.034447,-0.068894
0.281807,-0.034191,-0.034447,-0.068894
0.281809,-0.035016,-0.035275,-0.069725
0.281811,-0.035840,-0.036103,-0.069725
0.281813,-0.035015,-0.035275,-0.068894
0.281815,-0.034191,-0.034447,-0.068893
0.281816,-0.034191,-0.034447,-0.068893
0.281817,-0.035015,-0.034447,-0.069724
0.281818,-0.035839,-0.034447,-0.069724
0.281819,-0.035839,-0.034447,-0.069724
0.281820,-0.035015,-0.034447,-0.068893
0.281821,-0.034191,-0.033619,-0.069724
0.281821,-0.034191,-0.034447,-0.069724
0.256909,-0.034191,-0.034447,-0.069724
0.281823,-0.034191,-0.035275,-0.070555
0.281823,-0.035015,-0.034447,-0.070555
0.281823,-0.034191,-0.034447,-0.069724
0.281823,-0.034191,-0.034447,-0.069723
0.281823,-0.034191,-0.034447,-0.069723
0.256910,-0.034191,-0.034447,-0.070554
0.256911,-0.035015,-0.034447,-0.070554
0.281825,-0.035839,-0.035275,-0.071385
0.281826,-0.034191,-0.034447,-0.070554
0.256913,-0.034191,-0.034447,-0.069723
0.256914,-0.034191,-0.034447,-0.070554
0.281828,-0.034191,-0.034447,-0.069723
0.281829,-0.034191,-0.034447,-0.069723
0.281829,-0.034191,-0.035275,-0.071385
0.256917,-0.035839,-0.035275,-0.071384
0.256918,-0.035015,-0.034447,-0.070553
0.256919,-0.035015,-0.033619,-0.069722
0.256919,-0.034190,-0.033619,-0.069722
0.256920,-0.035015,-0.033619,-0.069722
0.281833,-0.034191,-0.034447,-0.069722
0.281835,-0.035839,-0.036103,-0.070553
0.256922,-0.035015,-0.035275,-0.070553
0.256923,-0.034191,-0.034447,-0.069721
0.281838,-0.034191,-0.034447,-0.069721
0.256926,-0.034191,-0.034447,-0.070552
0.256927,-0.034191,-0.034447,-0.069721
0.256929,-0.035015,-0.035275,-0.070552
0.281842,-0.035839,-0.034447,-0.070552
0.256930,-0.035839,-0.034447,-0.070552
0.256931,-0.035015,-0.034447,-0.070552
0.256932,-0.035839,-0.033619,-0.070552
0.281846,-0.035015,-0.034447,-0.070551
0.281847,-0.034190,-0.034447,-0.070551
0.281847,-0.035015,-0.034447,-0.070551
0.281847,-0.035839,-0.035275,-0.071382
0.256935,-0.035839,-0.035276,-0.070551
0.281849,-0.035839,-0.034447,-0.071382
0.281849,-0.035839,-0.034447,-0.070551
0.256937,-0.035839,-0.034447,-0.070551
0.281851,-0.035014,-0.033619,-0.069720
0.256938,-0.035014,-0.034447,-0.070550
0.256939,-0.035014,-0.034447,-0.069719
0.256940,-0.035839,-0.034447,-0.070550
0.256940,-0.036663,-0.035276,-0.070550
0.256940,-0.036663,-0.035276,-0.070550
0.281855,-0.035839,-0.035276,-0.071381
0.256942,-0.034190,-0.034448,-0.069719
0.256944,-0.035014,-0.035276,-0.070550
0.256946,-0.034190,-0.035276,-0.070550
0.256947,-0.034190,-0.035276,-0.070549
0.281861,-0.035014,-0.035276,-0.070549
0.256949,-0.035014,-0.034448,-0.070549
0.256951,-0.035839,-0.035276,-0.071380
0.256952,-0.035839,-0.035276,-0.071380
0.256952,-0.036663,-0.035276,-0.071380
0.256953,-0.035014,-0.034448,-0.070549
0.256953,-0.035014,-0.034448,-0.071380
0.256953,-0.035014,-0.034448,-0.070549
0.281867,-0.035839,-0.034448,-0.070549
0.256954,-0.035838,-0.034448,-0.070549
0.256955,-0.035838,-0.034448,-0.071379
0.256956,-0.036663,-0.035276,-0.072210
0.256956,-0.035838,-0.035276,-0.071379
0.256957,-0.035838,-0.035276,-0.071379
0.256959,-0.035014,-0.035276,-0.070548
0.256960,-0.035014,-0.035276,-0.071379
0.256960,-0.035014,-0.035276,-0.071379
0.256960,-0.035014,-0.036104,-0.070547
0.281875,-0.035014,-0.035276,-0.070547
0.256961,-0.035838,-0.036104,-0.071378
0.256962,-0.035838,-0.036104,-0.071378
0.281876,-0.035838,-0.036104,-0.071378
0.281877,-0.035838,-0.036104,-0.071378
0.256965,-0.035838,-0.036104,-0.071378
0.281879,-0.035838,-0.035276,-0.071378
0.281880,-0.035838,-0.035276,-0.070547
0.256968,-0.035838,-0.035276,-0.071378
0.256969,-0.035838,-0.036104,-0.070546
0.281884,-0.036662,-0.036104,-0.071377
0.256971,-0.035838,-0.035276,-0.071377
0.256972,-0.035838,-0.036104,-0.072208
0.256973,-0.036662,-0.036104,-0.072208
0.281887,-0.035838,-0.035276,-0.072208
0.281888,-0.035838,-0.036104,-0.072208
0.256976,-0.035838,-0.036104,-0.072208
0.256977,-0.034190,-0.035276,-0.071377
0.281891,-0.035014,-0.035276,-0.071377
0.281892,-0.035838,-0.036104,-0.072208
0.256979,-0.036662,-0.036104,-0.072207
0.256979,-0.035838,-0.036104,-0.072207
0.256979,-0.036662,-0.036104,-0.071376
0.281894,-0.035838,-0.036104,-0.071376
0.281894,-0.035838,-0.035276,-0.072207
0.281893,-0.036662,-0.036104,-0.072207
0.281893,-0.036662,-0.035276,-0.072207
0.281893,-0.036662,-0.036104,-0.072207
0.281894,-0.036662,-0.036104,-0.072207
0.281893,-0.036662,-0.036104,-0.072207
0.256981,-0.036662,-0.036933,-0.072207
0.256983,-0.036662,-0.036105,-0.072206
0.256983,-0.036662,-0.036105,-0.072206
0.281898,-0.037486,-0.036105,-0.073037
0.256987,-0.036662,-0.035276,-0.071375
0.256988,-0.036662,-0.035277,-0.072206
0.281902,-0.036662,-0.036105,-0.072206
0.281904,-0.036662,-0.036105,-0.072206
0.281906,-0.036662,-0.036105,-0.072206
0.281907,-0.036662,-0.036105,-0.071375
0.281907,-0.035837,-0.036105,-0.071375
0.281908,-0.036661,-0.036105,-0.072206
0.281909,-0.036661,-0.036105,-0.072205
0.256997,-0.036661,-0.036105,-0.072205
0.256998,-0.036661,-0.035277,-0.071374
0.256998,-0.036661,-0.036105,-0.071374
0.281911,-0.036661,-0.036105,-0.072205
0.281912,-0.037485,-0.036105,-0.072205
0.281913,-0.036661,-0.036105,-0.072205
0.256998,-0.037485,-0.036105,-0.071374
0.281912,-0.036661,-0.036105,-0.072205
0.256998,-0.037485,-0.035277,-0.071373
0.256998,-0.036661,-0.036105,-0.071373
0.281912,-0.036661,-0.036105,-0.072204
0.256998,-0.036661,-0.036105,-0.072204
0.256998,-0.037485,-0.036105,-0.071373
0.256998,-0.036661,-0.036105,-0.071373
0.256998,-0.036661,-0.035277,-0.072204
0.256998,-0.036661,-0.036105,-0.072204
0.256998,-0.036661,-0.035277,-0.071373
0.256998,-0.036661,-0.036105,-0.071373
0.281912,-0.035837,-0.036105,-0.071373
0.281912,-0.036661,-0.036105,-0.071373
0.256999,-0.036661,-0.036105,-0.071372
0.257000,-0.036661,-0.036105,-0.072203
0.232087,-0.035837,-0.036105,-0.072203
0.257001,-0.036661,-0.036105,-0.072203
0.257001,-0.036661,-0.036105,-0.072203
0.257001,-0.035837,-0.036105,-0.072203
0.257001,-0.036661,-0.036105,-0.072203
0.257001,-0.035836,-0.036105,-0.072203
0.257001,-0.035836,-0.036105,-0.072203
0.257002,-0.036661,-0.036105,-0.072203
0.257003,-0.035836,-0.036105,-0.072203
0.257005,-0.036661,-0.036105,-0.072203
0.232092,-0.036660,-0.036105,-0.073034
0.257007,-0.036660,-0.036105,-0.073033
0.257007,-0.036660,-0.036105,-0.072202
0.257007,-0.036660,-0.036105,-0.073033
0.257007,-0.036660,-0.036105,-0.073033
0.232094,-0.036660,-0.036933,-0.073033
0.232095,-0.036660,-0.036933,-0.072202
0.232096,-0.036660,-0.036933,-0.072202
0.257010,-0.036660,-0.036933,-0.073033
0.257010,-0.036660,-0.036105,-0.073033
0.257011,-0.036660,-0.036933,-0.073033
0.257011,-0.036660,-0.036933,-0.073032
0.281924,-0.036660,-0.036105,-0.073032
0.257012,-0.037484,-0.036933,-0.073032
0.281926,-0.037484,-0.036933,-0.073032
0.257014,-0.037484,-0.036933,-0.073032
0.257014,-0.036660,-0.036933,-0.073032
0.257016,-0.036660,-0.036933,-0.073032
0.281931,-0.036660,-0.036933,-0.073032
0.281932,-0.036660,-0.036933,-0.073032
0.281933,-0.035836,-0.036933,-0.072201
0.281934,-0.036660,-0.036933,-0.072201
0.257022,-0.035836,-0.036933,-0.072201
0.281936,-0.036660,-0.036933,-0.073032
0.281937,-0.036660,-0.036933,-0.073031
0.281939,-0.036660,-0.036933,-0.072200
0.257028,-0.036660,-0.036933,-0.072200
0.257029,-0.036660,-0.036933,-0.073031
0.281943,-0.036660,-0.036105,-0.073031
0.281944,-0.036660,-0.036933,-0.073031
0.281944,-0.036660,-0.036933,-0.073031
0.281945,-0.036660,-0.037761,-0.073031
0.281945,-0.036660,-0.036933,-0.073031
0.281947,-0.036660,-0.036933,-0.073030
0.281949,-0.036660,-0.036933,-0.073030
0.281951,-0.035836,-0.036933,-0.072199
0.257038,-0.036660,-0.037761,-0.073030
0.281954,-0.036660,-0.036933,-0.073030
0.281954,-0.036660,-0.036933,-0.073030
0.306871,-0.035836,-0.036933,-0.072199
0.281958,-0.035836,-0.036933,-0.073030
0.257047,-0.036660,-0.036933,-0.073861
0.281961,-0.035836,-0.036933,-0.073861
0.281962,-0.035836,-0.036105,-0.073029
0.257050,-0.035836,-0.036933,-0.073029
0.281965,-0.036660,-0.036933,-0.073029
0.281966,-0.036660,-0.036933,-0.073029
0.281967,-0.036660,-0.036933,-0.073029
0.257055,-0.036660,-0.036933,-0.073029
0.257056,-0.036660,-0.036105,-0.072198
0.281969,-0.037484,-0.036105,-0.073029
0.257056,-0.036660,-0.036933,-0.073029
0.281970,-0.036660,-0.036105,-0.073028
0.281972,-0.036660,-0.036933,-0.073028
0.257059,-0.036660,-0.036933,-0.073028
0.257059,-0.035836,-0.036105,-0.073028
0.257059,-0.035836,-0.036933,-0.073028
0.257060,-0.035836,-0.036933,-0.073028
0.257063,-0.035836,-0.036105,-0.073028
0.257064,-0.035836,-0.036105,-0.073028
0.281979,-0.035836,-0.036105,-0.073028
0.281980,-0.036660,-0.036105,-0.073027
0.257069,-0.035836,-0.036105,-0.073027
0.281984,-0.035836,-0.036933,-0.073027
0.257073,-0.035836,-0.036105,-0.073027
0.281986,-0.035836,-0.036105,-0.073858
0.281989,-0.036661,-0.036933,-0.073027
0.281991,-0.036661,-0.036933,-0.073027
0.281993,-0.035836,-0.036933,-0.073027
0.281993,-0.035836,-0.036933,-0.073027
0.281995,-0.035836,-0.036933,-0.073858
0.257084,-0.035837,-0.036933,-0.073858
0.281998,-0.035837,-0.036933,-0.073858
0.282000,-0.036661,-0.036933,-0.073857
0.282001,-0.036661,-0.037761,-0.073857
0.282002,-0.037485,-0.037761,-0.073857
0.282003,-0.036661,-0.036933,-0.073857
0.282004,-0.036661,-0.036933,-0.073857
0.282006,-0.036661,-0.036933,-0.073857
0.282006,-0.036661,-0.036933,-0.073026
0.282007,-0.036661,-0.036105,-0.073026
0.282009,-0.036661,-0.036105,-0.073026
0.306923,-0.036661,-0.036933,-0.073857
0.282011,-0.036661,-0.036105,-0.073857
0.282012,-0.036661,-0.036933,-0.073856
0.282014,-0.035837,-0.036933,-0.073856
0.282015,-0.036661,-0.036933,-0.073856
0.282016,-0.035837,-0.036933,-0.073856
0.282017,-0.035837,-0.036933,-0.073856
0.282018,-0.036661,-0.036933,-0.073856
0.282020,-0.035837,-0.036933,-0.073856
0.306934,-0.036661,-0.036933,-0.073025
0.282022,-0.036661,-0.036933,-0.073025
0.282022,-0.036661,-0.037761,-0.073856
0.282023,-0.036661,-0.037761,-0.073856
0.282023,-0.037485,-0.036933,-0.073856
0.282024,-0.036661,-0.036933,-0.073855
0.282024,-0.036661,-0.037761,-0.073855
0.257112,-0.036661,-0.037762,-0.073855
0.282027,-0.036661,-0.037762,-0.073855
0.282028,-0.036661,-0.038590,-0.074686
0.282030,-0.036661,-0.037762,-0.073855
0.282031,-0.036661,-0.038590,-0.074686
0.282031,-0.036661,-0.037762,-0.074686
0.282033,-0.036661,-0.037762,-0.074686
0.282036,-0.036661,-0.037762,-0.074686
0.282038,-0.037485,-0.037762,-0.075516
0.282040,-0.037485,-0.037762,-0.074685
0.282042,-0.037485,-0.037762,-0.073854
0.282045,-0.037485,-0.037762,-0.073854
0.282047,-0.037485,-0.037762,-0.073854
0.282049,-0.037485,-0.037762,-0.073854
0.282051,-0.037485,-0.037762,-0.073854
0.282053,-0.036661,-0.037762,-0.073853
0.257142,-0.036661,-0.037762,-0.073853
0.257143,-0.036661,-0.037762,-0.073853
0.282058,-0.037485,-0.037762,-0.074684
0.282059,-0.036661,-0.037762,-0.073853
0.306974,-0.036661,-0.037762,-0.075515
0.306976,-0.036661,-0.037762,-0.074684
0.282064,-0.037485,-0.037762,-0.075515
0.282066,-0.037485,-0.037762,-0.074684
0.282067,-0.037485,-0.037762,-0.074684
0.282068,-0.036661,-0.037762,-0.074683
0.282069,-0.037485,-0.037762,-0.074683
0.282070,-0.037485,-0.037762,-0.074683
0.282071,-0.037485,-0.037762,-0.073852
0.282072,-0.038309,-0.038590,-0.074683
0.282074,-0.038309,-0.037762,-0.074683
0.282075,-0.037485,-0.038590,-0.073852
0.282076,-0.036661,-0.037762,-0.074683
0.282077,-0.036661,-0.037762,-0.075514
0.257166,-0.036661,-0.037762,-0.073851
0.282080,-0.036661,-0.037762,-0.074682
0.257170,-0.035837,-0.037763,-0.074682
0.282085,-0.035837,-0.037763,-0.074682
0.282087,-0.037485,-0.037763,-0.075513
0.282088,-0.037485,-0.037763,-0.074682
0.282089,-0.036661,-0.037763,-0.075513
0.282089,-0.036661,-0.037763,-0.075513
0.282090,-0.036661,-0.036934,-0.074682
0.282091,-0.036661,-0.037763,-0.074681
0.257181,-0.037485,-0.036935,-0.074681
0.257181,-0.037485,-0.037763,-0.074681
0.257183,-0.037485,-0.037763,-0.074681
0.257184,-0.037485,-0.037763,-0.073850
0.257186,-0.036661,-0.036935,-0.073850
0.282100,-0.036661,-0.037763,-0.074681
0.282101,-0.036661,-0.037763,-0.074681
0.257188,-0.036661,-0.037763,-0.074680
0.257188,-0.036661,-0.037763,-0.074680
0.257189,-0.037485,-0.037763,-0.074680
0.282103,-0.037485,-0.037763,-0.075511
0.282104,-0.038309,-0.037763,-0.075511
0.282105,-0.037485,-0.037763,-0.075511
0.282105,-0.037485,-0.037763,-0.074680
0.282105,-0.037485,-0.037763,-0.075511
0.282105,-0.037485,-0.037763,-0.074679
0.282105,-0.037485,-0.036935,-0.074679
0.282106,-0.037485,-0.036935,-0.074679
0.282107,-0.037485,-0.036935,-0.074679
0.282108,-0.037485,-0.037763,-0.073848
0.282108,-0.037485,-0.036935,-0.073847
0.282108,-0.038309,-0.037763,-0.073847
0.307021,-0.038309,-0.037763,-0.074678
0.307021,-0.038309,-0.037763,-0.075509
0.282108,-0.038309,-0.038591,-0.075509
0.282108,-0.038309,-0.037763,-0.075509
0.282107,-0.038309,-0.037763,-0.075509
0.282107,-0.037485,-0.037763,-0.074678
0.257193,-0.038309,-0.037763,-0.074678
0.282107,-0.037485,-0.036935,-0.073847
0.282107,-0.037485,-0.036935,-0.073846
0.282107,-0.037485,-0.037763,-0.073846
0.257193,-0.037485,-0.037763,-0.074677
0.282108,-0.036660,-0.037764,-0.074677
0.282109,-0.037485,-0.037764,-0.074677
0.282109,-0.037485,-0.037764,-0.075508
0.282109,-0.037485,-0.037764,-0.075508
0.282110,-0.037485,-0.037764,-0.075508
0.282111,-0.037485,-0.037764,-0.075508
0.257198,-0.037484,-0.037764,-0.075508
0.257199,-0.037484,-0.037764,-0.075508
0.257200,-0.037484,-0.037764,-0.075508
0.282114,-0.037484,-0.036936,-0.075507
0.257202,-0.036660,-0.037764,-0.074676
0.282116,-0.037484,-0.037764,-0.075507
0.307030,-0.037484,-0.037764,-0.075507
0.282118,-0.038308,-0.037764,-0.076338
0.282119,-0.038308,-0.037764,-0.075507
0.282120,-0.038308,-0.037764,-0.075507
0.257208,-0.037484,-0.037764,-0.075507
0.257210,-0.037484,-0.037764,-0.075507
0.282123,-0.037484,-0.037764,-0.075507
0.282122,-0.036660,-0.037764,-0.075507
0.282122,-0.037484,-0.037764,-0.075507
0.282121,-0.037484,-0.037764,-0.074675
0.282122,-0.038308,-0.037764,-0.075506
0.307036,-0.037484,-0.037764,-0.075506
0.307037,-0.037484,-0.037764,-0.075506
0.307038,-0.038308,-0.037764,-0.076337
0.307038,-0.038308,-0.037764,-0.075506
0.307039,-0.037484,-0.037764,-0.075506
0.282125,-0.037484,-0.037764,-0.074675
0.282126,-0.037483,-0.037764,-0.075506
0.282126,-0.037483,-0.036936,-0.075506
0.282126,-0.037483,-0.036936,-0.074674
0.282127,-0.037483,-0.037764,-0.075505
0.282127,-0.037483,-0.037764,-0.075505
0.307040,-0.037483,-0.037764,-0.076336
0.282127,-0.037483,-0.037764,-0.075505
0.282128,-0.037483,-0.038592,-0.076336
0.282128,-0.037483,-0.038592,-0.076336
0.257215,-0.038307,-0.038592,-0.075505
0.257216,-0.037483,-0.037764,-0.075505
0.282130,-0.037483,-0.037764,-0.075505
0.282131,-0.037483,-0.037764,-0.075504
0.282131,-0.036659,-0.037764,-0.074673
0.282131,-0.037483,-0.036936,-0.075504
0.282132,-0.037483,-0.037764,-0.075504
0.307047,-0.037483,-0.037765,-0.075504
0.282136,-0.037483,-0.036936,-0.075504
0.282138,-0.037483,-0.036936,-0.075504
0.282140,-0.037483,-0.037765,-0.075504
0.282143,-0.037483,-0.037765,-0.075504
0.257231,-0.037482,-0.037765,-0.075504
0.282146,-0.037482,-0.037765,-0.075504
0.307060,-0.037482,-0.037765,-0.075503
0.282147,-0.037482,-0.037765,-0.074672
0.282148,-0.037482,-0.038593,-0.075503
0.282149,-0.037482,-0.037765,-0.075503
0.282149,-0.038306,-0.037765,-0.075503
0.282151,-0.038306,-0.038593,-0.076334
0.282152,-0.038306,-0.038593,-0.076334
0.307066,-0.038306,-0.037765,-0.076334
0.282154,-0.037482,-0.038593,-0.075503
0.282157,-0.038306,-0.038593,-0.076334
0.307071,-0.038306,-0.038593,-0.076334
0.257246,-0.038306,-0.038593,-0.076334
0.282161,-0.037482,-0.038593,-0.075502
0.257250,-0.036658,-0.037765,-0.074671
0.282165,-0.036658,-0.038593,-0.075502
0.282167,-0.037482,-0.038593,-0.076333
0.282167,-0.037482,-0.038593,-0.075502
0.257255,-0.038306,-0.038593,-0.075502
0.257256,-0.038306,-0.038593,-0.076333
0.282171,-0.038306,-0.038593,-0.075502
0.282173,-0.038306,-0.038593,-0.075502
0.282175,-0.038306,-0.038593,-0.076333
0.282176,-0.037482,-0.038593,-0.075502
0.282177,-0.038306,-0.038593,-0.075502
0.282178,-0.038306,-0.037765,-0.075502
0.282178,-0.038306,-0.038593,-0.076333
0.282179,-0.038306,-0.038593,-0.076332
0.282179,-0.038306,-0.039421,-0.077164
0.307093,-0.038306,-0.038593,-0.077163
0.282181,-0.038306,-0.038593,-0.077163
0.282182,-0.038306,-0.038593,-0.077163
0.282183,-0.038305,-0.039421,-0.076332
0.282183,-0.038305,-0.038593,-0.076332
0.282183,-0.037481,-0.038593,-0.076332
0.282184,-0.037481,-0.038593,-0.076332
0.282185,-0.037481,-0.038593,-0.076332
0.307099,-0.037481,-0.038593,-0.077163
0.307099,-0.038305,-0.039421,-0.077162
0.282186,-0.038305,-0.038593,-0.077993
0.282188,-0.038305,-0.038593,-0.076331
0.307102,-0.038305,-0.039421,-0.077162
0.307103,-0.038305,-0.039421,-0.077162
0.282189,-0.038305,-0.038593,-0.076331
0.282189,-0.038305,-0.038593,-0.076331
0.282189,-0.038305,-0.038593,-0.076331
0.307103,-0.038305,-0.038593,-0.076331
0.282189,-0.038305,-0.038593,-0.076331
0.307103,-0.039129,-0.038593,-0.076331
0.282191,-0.039129,-0.038593,-0.076330
0.307105,-0.039129,-0.039421,-0.076330
0.307105,-0.038305,-0.038593,-0.076330
0.307107,-0.038305,-0.038593,-0.076330
0.282194,-0.037480,-0.038593,-0.076330
0.282195,-0.038305,-0.038593,-0.076330
0.282197,-0.038305,-0.038593,-0.076330
0.282197,-0.039129,-0.039421,-0.077161
0.282198,-0.039129,-0.038593,-0.077161
0.282200,-0.039129,-0.038593,-0.077161
0.282202,-0.039129,-0.039421,-0.077161
0.282204,-0.039129,-0.038593,-0.076330
0.282204,-0.038304,-0.038593,-0.076330
0.257291,-0.038304,-0.038593,-0.077161
0.257294,-0.038304,-0.038593,-0.076329
0.282208,-0.039128,-0.038593,-0.077160
0.282210,-0.039128,-0.038593,-0.077160
0.282211,-0.039128,-0.038593,-0.077991
0.282212,-0.039128,-0.038593,-0.077991
0.307126,-0.039128,-0.038593,-0.077991
0.307127,-0.039128,-0.038593,-0.077991
0.307128,-0.038304,-0.038593,-0.077160
0.307129,-0.039128,-0.038593,-0.076329
0.282215,-0.038304,-0.038593,-0.077160
0.282216,-0.039128,-0.038593,-0.077160
0.282217,-0.039128,-0.039421,-0.077991
0.307131,-0.039128,-0.039421,-0.077991
0.307132,-0.039128,-0.039421,-0.077159
0.307133,-0.038304,-0.039422,-0.077990
0.307134,-0.038304,-0.039422,-0.077159
0.307134,-0.038304,-0.038593,-0.077159
0.307134,-0.038304,-0.038593,-0.076328
0.282222,-0.038303,-0.039422,-0.077159
0.307136,-0.038303,-0.039422,-0.077159
0.282224,-0.038303,-0.039422,-0.077159
0.282224,-0.039127,-0.039422,-0.077990
0.282225,-0.038303,-0.038594,-0.077159
0.307139,-0.039127,-0.039422,-0.077990
0.282227,-0.039127,-0.039422,-0.077159
0.282228,-0.039127,-0.039422,-0.077159
0.282229,-0.039127,-0.039422,-0.077159
0.282230,-0.038303,-0.038594,-0.077158
0.282232,-0.038303,-0.038594,-0.077158
0.307147,-0.038303,-0.038594,-0.076327
0.307148,-0.039127,-0.039422,-0.077158
0.282238,-0.039951,-0.039422,-0.077158
0.307154,-0.039127,-0.039422,-0.077158
0.282244,-0.039127,-0.039422,-0.077158
0.282244,-0.039127,-0.038594,-0.077158
0.307160,-0.039127,-0.038594,-0.077158
0.282247,-0.039127,-0.037766,-0.076327
0.282248,-0.039127,-0.038594,-0.077158
0.307162,-0.039127,-0.039422,-0.077158
0.307163,-0.038302,-0.039422,-0.077157
0.307163,-0.039126,-0.039422,-0.077157
0.282251,-0.038302,-0.039422,-0.077157
0.282252,-0.038302,-0.039422,-0.076326
0.282253,-0.038302,-0.039422,-0.076326
0.282255,-0.038302,-0.039422,-0.077157
0.282256,-0.039126,-0.039422,-0.077157
0.282256,-0.039126,-0.040250,-0.077988
0.282257,-0.039126,-0.040250,-0.077988
0.282259,-0.039126,-0.040250,-0.077988
0.282260,-0.039126,-0.039422,-0.077157
0.282260,-0.038302,-0.039422,-0.077156
0.282261,-0.038302,-0.039422,-0.077156
0.307175,-0.038302,-0.039422,-0.077156
0.307176,-0.039126,-0.039422,-0.077156
0.307178,-0.039126,-0.039422,-0.077156
0.307179,-0.039126,-0.038594,-0.077156
0.282267,-0.039126,-0.039422,-0.077987
0.282268,-0.039125,-0.039422,-0.077156
0.282269,-0.039125,-0.038594,-0.076325
0.257357,-0.038301,-0.038594,-0.076325
0.282271,-0.039125,-0.039422,-0.076325
0.282273,-0.039125,-0.038594,-0.077156
0.257361,-0.039125,-0.039423,-0.077155
0.257362,-0.039949,-0.039423,-0.077155
0.282277,-0.039949,-0.039423,-0.077155
0.282278,-0.039125,-0.039423,-0.077986
0.282278,-0.039125,-0.039423,-0.078817
0.282279,-0.038301,-0.039423,-0.077155
0.282280,-0.039125,-0.038595,-0.077155
0.257367,-0.039125,-0.038595,-0.077986
0.257369,-0.039125,-0.038595,-0.077986
0.282283,-0.038300,-0.039423,-0.077986
0.257370,-0.039949,-0.039423,-0.077986
0.282284,-0.039124,-0.038595,-0.077985
0.307197,-0.039949,-0.039423,-0.078816
0.307198,-0.039949,-0.039423,-0.078816
0.282285,-0.038300,-0.038595,-0.077985
0.282286,-0.038300,-0.038595,-0.078816
0.282287,-0.038300,-0.038595,-0.077985
0.282290,-0.039124,-0.038595,-0.077985
0.282291,-0.039948,-0.039423,-0.079647
0.307205,-0.039948,-0.040251,-0.077985
0.307206,-0.039948,-0.039423,-0.077985
0.307208,-0.039124,-0.039423,-0.078816
0.307210,-0.039124,-0.038595,-0.077985
0.282298,-0.039124,-0.038595,-0.078816
0.282299,-0.039124,-0.038595,-0.077985
0.282302,-0.039948,-0.039423,-0.077985
0.282304,-0.039948,-0.039423,-0.077985
0.282306,-0.039123,-0.039423,-0.078815
0.282308,-0.039123,-0.039423,-0.078815
0.282309,-0.039123,-0.040251,-0.077984
0.282310,-0.039123,-0.039423,-0.078815
0.282312,-0.038299,-0.039423,-0.077984
0.282314,-0.039947,-0.039423,-0.077984
0.257403,-0.039123,-0.038595,-0.077984
0.257405,-0.039123,-0.038595,-0.077984
0.282319,-0.039947,-0.039423,-0.078815
0.282320,-0.039947,-0.039423,-0.078815
0.282322,-0.039947,-0.039423,-0.078815
0.282322,-0.039947,-0.038595,-0.078815
0.257411,-0.039123,-0.038595,-0.077983
0.282326,-0.039123,-0.039423,-0.077983
0.307240,-0.039123,-0.039423,-0.077983
0.282328,-0.039947,-0.039423,-0.078814
0.282329,-0.039947,-0.039423,-0.077983
0.282330,-0.039947,-0.038595,-0.077983
0.282331,-0.039947,-0.039423,-0.078814
0.282332,-0.039947,-0.039423,-0.078814
0.282332,-0.039122,-0.038595,-0.077983
0.282332,-0.039122,-0.039423,-0.078814
0.282334,-0.039122,-0.039423,-0.077983
0.282335,-0.039122,-0.038595,-0.077983
0.282337,-0.039122,-0.038595,-0.078814
0.282337,-0.039946,-0.039423,-0.078814
0.282339,-0.039946,-0.040251,-0.078814
0.282340,-0.039946,-0.039423,-0.079645
0.257427,-0.039946,-0.039423,-0.078813
0.257428,-0.039122,-0.039423,-0.077982
0.257428,-0.039122,-0.038595,-0.077982
0.257429,-0.039122,-0.038595,-0.077151
0.257430,-0.039122,-0.038595,-0.077982
0.282343,-0.039122,-0.038595,-0.077982
0.282344,-0.039946,-0.038595,-0.078813
0.282345,-0.039122,-0.038595,-0.078813
0.282346,-0.039946,-0.038595,-0.078813
0.282347,-0.039122,-0.038595,-0.077982
0.282348,-0.039122,-0.039423,-0.077982
0.282348,-0.039946,-0.039423,-0.077982
0.257436,-0.039122,-0.038595,-0.077151
0.257437,-0.039946,-0.039423,-0.077982
0.257438,-0.040770,-0.039423,-0.078813
0.282351,-0.040770,-0.039423,-0.078813
0.282351,-0.039946,-0.039423,-0.078812
0.282353,-0.040770,-0.039424,-0.078812
0.282354,-0.039121,-0.038595,-0.078812
0.282356,-0.039945,-0.038595,-0.078812
0.282358,-0.039945,-0.039424,-0.078812
0.282359,-0.039945,-0.039424,-0.078812
0.282360,-0.040770,-0.039424,-0.079643
0.282362,-0.040769,-0.039424,-0.079643
0.282363,-0.039945,-0.039424,-0.079643
0.282364,-0.039121,-0.039424,-0.078812
0.282364,-0.039121,-0.038596,-0.078812
0.257451,-0.039121,-0.038596,-0.078812
0.257451,-0.039945,-0.039424,-0.078812
0.282366,-0.040769,-0.039424,-0.079643
0.282366,-0.039945,-0.039424,-0.079643
0.282367,-0.039945,-0.040252,-0.079643
0.282369,-0.040769,-0.040252,-0.079643
0.282371,-0.039945,-0.039424,-0.079643
0.282371,-0.039945,-0.038596,-0.078811
0.282373,-0.039945,-0.038596,-0.078811
0.282374,-0.039945,-0.039424,-0.079642
0.257462,-0.039945,-0.039424,-0.079642
0.307288,-0.040769,-0.039424,-0.080473
0.282376,-0.040769,-0.039424,-0.080473
0.282376,-0.039945,-0.039424,-0.079642
0.282376,-0.040769,-0.040252,-0.079642
0.282376,-0.039120,-0.039424,-0.078811
0.282376,-0.039120,-0.039424,-0.078811
0.282376,-0.039120,-0.039424,-0.079642
0.282377,-0.039945,-0.038596,-0.079641
0.282377,-0.040769,-0.039424,-0.080472
0.282379,-0.039945,-0.039425,-0.079641
0.282380,-0.040769,-0.040253,-0.080472
0.282380,-0.040769,-0.039425,-0.079641
0.282381,-0.039944,-0.039425,-0.078810
0.257470,-0.039944,-0.038597,-0.079641
0.282384,-0.039944,-0.038597,-0.078810
0.282385,-0.039944,-0.039425,-0.079641
0.282386,-0.040768,-0.039425,-0.080472
0.282388,-0.040768,-0.039425,-0.080472
0.282390,-0.040768,-0.040253,-0.080472
0.282391,-0.040768,-0.040253,-0.080472
0.282392,-0.039944,-0.039425,-0.079641
0.282394,-0.039944,-0.039425,-0.079641
0.282396,-0.040768,-0.039425,-0.079641
0.282397,-0.039944,-0.039425,-0.079641
0.282398,-0.039944,-0.038597,-0.079640
0.282399,-0.040768,-0.039425,-0.080471
0.282400,-0.040768,-0.040253,-0.080471
0.282399,-0.040768,-0.040253,-0.079640
0.282400,-0.041592,-0.040253,-0.080471
0.282401,-0.040768,-0.039425,-0.079640
0.282401,-0.039943,-0.039425,-0.078809
0.257489,-0.039943,-0.038597,-0.079640
0.257490,-0.039943,-0.039425,-0.079640
0.282403,-0.039943,-0.039425,-0.080471
0.307318,-0.040767,-0.039425,-0.080471
0.282407,-0.040767,-0.039425,-0.080471
0.307321,-0.040767,-0.040254,-0.079640
0.307324,-0.040767,-0.039425,-0.080471
0.282412,-0.039119,-0.039426,-0.078809
0.282414,-0.039119,-0.039426,-0.079640
0.282416,-0.039943,-0.039426,-0.079640
0.282418,-0.039943,-0.039426,-0.080471
0.307333,-0.039943,-0.038597,-0.080471
0.307335,-0.039943,-0.038597,-0.080470
0.282423,-0.039943,-0.039426,-0.080470
0.282425,-0.039943,-0.039426,-0.080470
0.307339,-0.039943,-0.039426,-0.080470
0.282428,-0.039119,-0.039426,-0.079639
0.282430,-0.039119,-0.038597,-0.079639
0.282432,-0.039943,-0.038597,-0.079639
0.282433,-0.039118,-0.038597,-0.078808
0.282436,-0.040767,-0.039426,-0.079639
0.282438,-0.040767,-0.039426,-0.079639
0.307352,-0.040767,-0.039426,-0.079639
0.307354,-0.039942,-0.039426,-0.080469
0.282442,-0.039942,-0.039426,-0.080469
0.282443,-0.039942,-0.039426,-0.080469
0.282445,-0.039942,-0.038597,-0.079638
0.307360,-0.039942,-0.038597,-0.079638
0.282449,-0.039942,-0.038597,-0.080469
0.282451,-0.039942,-0.038597,-0.080469
0.282453,-0.039942,-0.039425,-0.080469
0.282454,-0.039942,-0.039425,-0.080469
0.282456,-0.039942,-0.039425,-0.080469
0.307372,-0.040766,-0.039425,-0.081300
0.282459,-0.040766,-0.039425,-0.081300
0.282462,-0.039942,-0.039425,-0.079637
0.282464,-0.039118,-0.039425,-0.079637
0.282466,-0.039118,-0.039425,-0.079637
0.282469,-0.038294,-0.038597,-0.079637
0.282471,-0.039118,-0.039425,-0.079637
0.307386,-0.039942,-0.039425,-0.079637
0.307389,-0.039942,-0.039425,-0.081299
0.282478,-0.039118,-0.040253,-0.080468
0.282480,-0.039118,-0.039425,-0.080468
0.282483,-0.039942,-0.039425,-0.079636
0.282485,-0.039942,-0.039425,-0.080467
0.282487,-0.039118,-0.039425,-0.080467
0.307401,-0.039118,-0.039425,-0.080467
0.282490,-0.039118,-0.039425,-0.080467
0.282491,-0.039942,-0.040253,-0.080467
0.282492,-0.040766,-0.040253,-0.080467
0.282494,-0.040766,-0.040253,-0.080467
0.282496,-0.040766,-0.040253,-0.080467
0.282496,-0.039942,-0.040253,-0.079636
0.282497,-0.040766,-0.040253,-0.080467
0.282498,-0.039118,-0.039425,-0.079635
0.282499,-0.039942,-0.039425,-0.079635
0.282501,-0.039942,-0.040253,-0.080466
0.307416,-0.039942,-0.040253,-0.080466
0.307417,-0.039942,-0.040253,-0.080466
0.307418,-0.040766,-0.040253,-0.080466
0.307418,-0.039942,-0.040253,-0.080466
0.307418,-0.039118,-0.040253,-0.080466
0.307419,-0.039942,-0.040253,-0.081297
0.307418,-0.039942,-0.040253,-0.080466
0.282505,-0.039117,-0.040253,-0.079635
0.282504,-0.039942,-0.040253,-0.080466
0.282504,-0.039942,-0.040253,-0.080466
0.282505,-0.039942,-0.040253,-0.079634
0.282506,-0.039941,-0.039425,-0.080465
0.282508,-0.039941,-0.040253,-0.080465
0.307422,-0.040765,-0.040253,-0.080465
0.282510,-0.040765,-0.040253,-0.080465
0.282511,-0.040765,-0.040253,-0.080465
0.307424,-0.040765,-0.040253,-0.081296
0.307424,-0.040765,-0.040253,-0.081296
0.307424,-0.039941,-0.041082,-0.080465
0.307424,-0.039941,-0.040254,-0.080464
0.307425,-0.039941,-0.040254,-0.080464
0.307425,-0.039941,-0.039426,-0.080464
0.282511,-0.039941,-0.039426,-0.080464
0.307424,-0.039116,-0.040254,-0.081295
0.307425,-0.039116,-0.039426,-0.081295
0.307424,-0.039116,-0.039426,-0.081295
0.307424,-0.039940,-0.040254,-0.081295
0.307423,-0.040765,-0.039426,-0.081295
0.307422,-0.039940,-0.040254,-0.081295
0.307422,-0.039940,-0.040254,-0.081294
0.307421,-0.040764,-0.040254,-0.082125
0.307421,-0.040764,-0.039426,-0.081294
0.307421,-0.040764,-0.040254,-0.081294
0.307421,-0.040764,-0.040254,-0.081294
0.282506,-0.040764,-0.040254,-0.081294
0.282506,-0.039940,-0.040254,-0.080463
0.282505,-0.040764,-0.040254,-0.081294
0.307419,-0.040764,-0.039426,-0.081294
0.307419,-0.039940,-0.039426,-0.081294
0.307419,-0.040764,-0.039426,-0.081293
0.307420,-0.040764,-0.040255,-0.081293
0.307421,-0.040764,-0.040255,-0.082124
0.307421,-0.040764,-0.040255,-0.082124
0.307422,-0.040764,-0.040255,-0.082124
0.307423,-0.040764,-0.040255,-0.082124
0.282511,-0.039940,-0.040255,-0.081293
0.282513,-0.039940,-0.040255,-0.081293
0.282514,-0.039940,-0.040255,-0.081293
0.282515,-0.039940,-0.040255,-0.081293
0.282515,-0.039940,-0.041083,-0.081293
0.282516,-0.039940,-0.040255,-0.080461
0.307430,-0.040764,-0.041083,-0.081292
0.282516,-0.040764,-0.041083,-0.081292
0.307430,-0.039940,-0.041083,-0.081292
0.282517,-0.039940,-0.040255,-0.080461
0.307432,-0.039940,-0.041083,-0.081292
0.332345,-0.040764,-0.040255,-0.081292
0.307432,-0.039939,-0.040255,-0.080461
0.307432,-0.039939,-0.040255,-0.080461
0.307433,-0.039939,-0.039427,-0.081292
0.307434,-0.039939,-0.040255,-0.080461
0.282523,-0.039939,-0.040255,-0.080460
0.307438,-0.039939,-0.040255,-0.080460
0.307440,-0.039939,-0.040255,-0.080460
0.282528,-0.040763,-0.040255,-0.081291
0.307441,-0.040763,-0.040255,-0.081291
0.307442,-0.040763,-0.041083,-0.081291
0.307444,-0.039939,-0.041083,-0.081291
0.307445,-0.039939,-0.041083,-0.081291
0.282533,-0.039939,-0.040255,-0.081291
0.282535,-0.040763,-0.040255,-0.080460
0.307449,-0.040763,-0.040255,-0.080460
0.307449,-0.039939,-0.041083,-0.081291
0.307451,-0.039939,-0.040255,-0.081291
0.307451,-0.039939,-0.041083,-0.081290
0.282538,-0.039939,-0.040255,-0.081290
0.282540,-0.039939,-0.040255,-0.081290
0.307454,-0.039939,-0.041083,-0.081290
0.307455,-0.040763,-0.041083,-0.082121
0.307456,-0.040763,-0.041083,-0.081290
0.307457,-0.040763,-0.041083,-0.082121
0.307458,-0.039939,-0.041083,-0.081290
0.307459,-0.039939,-0.041083,-0.080459
0.307459,-0.039939,-0.041083,-0.081290
0.307461,-0.040763,-0.041083,-0.081290
0.307461,-0.039939,-0.040255,-0.081290
0.307461,-0.039939,-0.041083,-0.081290
0.307461,-0.039939,-0.041083,-0.080459
0.307462,-0.040763,-0.041083,-0.080459
0.332377,-0.040763,-0.041084,-0.080459
0.307466,-0.040763,-0.041084,-0.081290
0.332380,-0.040763,-0.041084,-0.081290
0.307469,-0.040763,-0.040256,-0.081289
0.307470,-0.040763,-0.041084,-0.081289
0.307471,-0.040763,-0.041084,-0.081289
0.282558,-0.040763,-0.041084,-0.081289
0.307472,-0.040763,-0.041084,-0.081289
0.307473,-0.040763,-0.041084,-0.080458
0.307473,-0.040763,-0.041084,-0.080458
0.307474,-0.040763,-0.041084,-0.080458
0.307475,-0.040763,-0.041084,-0.081289
0.307476,-0.040763,-0.041084,-0.080458
0.307477,-0.040763,-0.041912,-0.080458
0.307478,-0.040763,-0.041084,-0.081289
0.307479,-0.040763,-0.041084,-0.081289
0.307478,-0.040763,-0.041912,-0.081289
0.307478,-0.041587,-0.041912,-0.081289
0.307477,-0.041587,-0.041912,-0.081289
0.307476,-0.040763,-0.041912,-0.082119
0.307476,-0.041587,-0.041912,-0.082119
0.307477,-0.040763,-0.041912,-0.081288
0.307477,-0.039939,-0.041912,-0.081288
0.307478,-0.040763,-0.041912,-0.082119
0.307479,-0.039939,-0.041084,-0.081288
0.307479,-0.039939,-0.041084,-0.081288
0.307480,-0.039939,-0.041084,-0.081288
0.307481,-0.040763,-0.040256,-0.081288
0.307481,-0.039939,-0.040256,-0.081288
0.307481,-0.039939,-0.040256,-0.081288
0.307481,-0.039939,-0.040256,-0.082119
0.282569,-0.040763,-0.040256,-0.082119
0.307484,-0.040763,-0.040256,-0.082119
0.307485,-0.041587,-0.040256,-0.081287
0.307486,-0.040763,-0.040256,-0.082118
0.307486,-0.040763,-0.041084,-0.082118
0.307487,-0.040763,-0.040256,-0.082949
0.307488,-0.040763,-0.040256,-0.082118
0.307490,-0.039938,-0.040256,-0.082118
0.307490,-0.040762,-0.040257,-0.082118
0.307490,-0.040762,-0.040257,-0.081287
0.307491,-0.040762,-0.040257,-0.082118
0.307492,-0.040762,-0.041085,-0.082118
0.307494,-0.040762,-0.041085,-0.082118
0.307496,-0.040762,-0.041085,-0.082118
0.307497,-0.040762,-0.041085,-0.082949
0.307498,-0.040762,-0.041085,-0.082118
0.307500,-0.039938,-0.041085,-0.081287
0.307502,-0.039938,-0.041085,-0.082118
0.307504,-0.040762,-0.041085,-0.082118
0.307505,-0.040762,-0.040257,-0.082118
0.307506,-0.040762,-0.041085,-0.082118
0.307507,-0.040762,-0.041085,-0.081286
0.307508,-0.040762,-0.041085,-0.082117
0.307509,-0.040762,-0.040257,-0.082117
0.307509,-0.040762,-0.041085,-0.082117
0.307509,-0.040762,-0.040257,-0.081286
0.307509,-0.040762,-0.040257,-0.082117
0.307509,-0.040762,-0.041085,-0.082117
0.307509,-0.040762,-0.041085,-0.081286
0.307509,-0.040762,-0.041085,-0.081286
0.307509,-0.040762,-0.041085,-0.082117
0.307509,-0.040762,-0.041085,-0.082117
0.307509,-0.040762,-0.041085,-0.082117
0.282596,-0.040762,-0.041085,-0.082117
0.307509,-0.040762,-0.041085,-0.082117
0.307509,-0.041586,-0.040257,-0.082117
0.307509,-0.040762,-0.041085,-0.082117
0.307509,-0.040762,-0.041085,-0.082117
0.282595,-0.040762,-0.040257,-0.081286
0.307509,-0.040762,-0.041085,-0.081285
0.307508,-0.040762,-0.041085,-0.081285
0.282593,-0.040762,-0.041085,-0.081285
0.307506,-0.040762,-0.041085,-0.081285
0.307505,-0.040762,-0.041086,-0.081285
0.282593,-0.039937,-0.041914,-0.082116
0.307506,-0.040762,-0.041086,-0.082116
0.282593,-0.039937,-0.041086,-0.082116
0.307508,-0.039937,-0.041086,-0.082116
0.282594,-0.039937,-0.041086,-0.081285
0.307507,-0.039937,-0.041086,-0.081285
0.282593,-0.039937,-0.041086,-0.081285
0.307508,-0.039937,-0.041086,-0.081285
0.307508,-0.040761,-0.041086,-0.081285
0.307508,-0.039937,-0.041086,-0.081285
0.332421,-0.040761,-0.041086,-0.081285
0.307508,-0.040761,-0.041086,-0.081285
0.307507,-0.040761,-0.041086,-0.081285
0.307506,-0.040761,-0.041086,-0.081284
0.307505,-0.040761,-0.041086,-0.082115
0.307504,-0.040761,-0.041914,-0.082115
0.307503,-0.040761,-0.041086,-0.082115
0.307503,-0.039937,-0.041914,-0.082115
0.307503,-0.040761,-0.041914,-0.082115
0.307504,-0.040761,-0.041086,-0.082115
0.307505,-0.040761,-0.041914,-0.082115
0.307506,-0.040761,-0.041914,-0.082115
0.332419,-0.040761,-0.041086,-0.082115
0.307506,-0.040761,-0.041914,-0.082115
0.307507,-0.040761,-0.041914,-0.082115
0.307508,-0.040761,-0.041086,-0.082115
0.307509,-0.039937,-0.041086,-0.082115
0.307509,-0.040761,-0.041915,-0.082115
0.307509,-0.040761,-0.041086,-0.082946
0.332423,-0.040761,-0.041086,-0.082115
0.307510,-0.040761,-0.041086,-0.082946
0.307510,-0.039937,-0.041086,-0.082115
0.332424,-0.039937,-0.041086,-0.082946
0.332425,-0.040761,-0.041086,-0.082946
0.332425,-0.040761,-0.041086,-0.082946
0.332426,-0.040761,-0.040258,-0.082114
0.307513,-0.040761,-0.040258,-0.082114
0.307514,-0.040761,-0.040258,-0.082114
0.307515,-0.040761,-0.041087,-0.082945
0.307516,-0.040761,-0.041087,-0.082945
0.307517,-0.040761,-0.041087,-0.082945
0.332431,-0.039937,-0.041087,-0.082945
0.307519,-0.040761,-0.041087,-0.083776
0.307520,-0.040761,-0.041087,-0.082945
0.307521,-0.040761,-0.041087,-0.082945
0.357349,-0.040761,-0.041915,-0.082945
0.332437,-0.040761,-0.041915,-0.082945
0.357351,-0.040761,-0.041915,-0.082945
0.332438,-0.040761,-0.041915,-0.082945
0.307526,-0.040761,-0.041915,-0.083776
0.332439,-0.041585,-0.041915,-0.082945
0.307527,-0.040761,-0.041915,-0.082945
0.307527,-0.040761,-0.041915,-0.083776
0.307527,-0.039937,-0.041915,-0.083776
0.332440,-0.040761,-0.041915,-0.082945
0.307528,-0.039936,-0.041915,-0.082945
0.307529,-0.040761,-0.041915,-0.082945
0.332444,-0.040761,-0.041915,-0.082945
0.307531,-0.039936,-0.041915,-0.082945
0.307532,-0.040761,-0.041915,-0.082944
0.307532,-0.039936,-0.041915,-0.082944
0.307533,-0.040760,-0.042743,-0.082944
0.307534,-0.040760,-0.041915,-0.082944
0.307535,-0.040760,-0.041915,-0.082944
0.307536,-0.040760,-0.041915,-0.082944
0.307537,-0.041584,-0.041915,-0.082944
0.307540,-0.040760,-0.041915,-0.082944
0.307542,-0.041584,-0.041915,-0.082944
0.307543,-0.040760,-0.041915,-0.082944
0.332457,-0.041584,-0.041915,-0.082944
0.307545,-0.041584,-0.041915,-0.082113
0.282632,-0.040760,-0.041915,-0.082944
0.307547,-0.040760,-0.041915,-0.082944
0.332461,-0.040760,-0.041087,-0.082944
0.307549,-0.040760,-0.041087,-0.083775
0.307548,-0.040760,-0.041087,-0.082944
0.307548,-0.040760,-0.041087,-0.082944
0.307549,-0.040760,-0.041087,-0.082944
0.307550,-0.040760,-0.041087,-0.082944
0.307550,-0.040760,-0.041087,-0.082944
0.307550,-0.040760,-0.041087,-0.082944
0.307551,-0.040760,-0.041087,-0.082944
0.307551,-0.040760,-0.041087,-0.083775
0.307552,-0.040760,-0.041087,-0.082943
0.307552,-0.040760,-0.041087,-0.082943
0.307553,-0.040760,-0.041915,-0.082943
0.332466,-0.040760,-0.041087,-0.082943
0.307554,-0.041584,-0.041915,-0.082943
0.307555,-0.041584,-0.041915,-0.082943
0.307555,-0.041584,-0.041087,-0.082943
0.307556,-0.041584,-0.041087,-0.082943
0.332469,-0.041584,-0.041087,-0.082943
0.307556,-0.041584,-0.041087,-0.082943
0.332470,-0.041584,-0.041087,-0.082943
0.332470,-0.040760,-0.041087,-0.083774
0.332469,-0.040760,-0.041087,-0.082943
0.307555,-0.041584,-0.041087,-0.082943
0.332469,-0.040760,-0.041087,-0.082942
0.332468,-0.040760,-0.041087,-0.082942
0.332469,-0.040760,-0.041087,-0.082942
0.307557,-0.040760,-0.041087,-0.082942
0.332470,-0.040760,-0.041087,-0.082942
0.307558,-0.040760,-0.041915,-0.082111
0.307559,-0.040760,-0.041087,-0.082942
0.307560,-0.041584,-0.041915,-0.083773
0.332473,-0.041584,-0.041087,-0.083773
0.332474,-0.041584,-0.041915,-0.083773
0.307562,-0.041584,-0.041915,-0.083773
0.332476,-0.041584,-0.041915,-0.083773
0.332476,-0.041584,-0.041087,-0.083773
0.307564,-0.041584,-0.041087,-0.082941
0.332479,-0.040759,-0.041915,-0.083772
0.332480,-0.040759,-0.041087,-0.082941
0.332481,-0.041584,-0.041915,-0.082941
0.332481,-0.041584,-0.041915,-0.083772
0.357395,-0.041584,-0.041915,-0.082941
0.357397,-0.041584,-0.041915,-0.082941
0.332484,-0.041584,-0.041087,-0.082941
0.357399,-0.040759,-0.041087,-0.082941
0.332484,-0.041583,-0.041087,-0.082941
0.332484,-0.040759,-0.041087,-0.082941
0.332484,-0.041583,-0.041087,-0.083772
0.307572,-0.040759,-0.041915,-0.082940
0.307573,-0.041583,-0.041087,-0.083771
0.307574,-0.041583,-0.041087,-0.083771
0.307575,-0.040759,-0.041087,-0.083771
0.332489,-0.040759,-0.041087,-0.083771
0.332490,-0.040759,-0.041915,-0.083771
0.357404,-0.040759,-0.041915,-0.083771
0.332492,-0.040759,-0.041915,-0.083771
0.307579,-0.040759,-0.041087,-0.082940
0.307578,-0.040759,-0.041087,-0.082940
0.307579,-0.041583,-0.041087,-0.082940
0.332493,-0.041583,-0.041915,-0.083771
0.307581,-0.040759,-0.041915,-0.083771
0.307580,-0.040759,-0.041915,-0.083771
0.307580,-0.040759,-0.041087,-0.083771
0.307580,-0.041583,-0.041915,-0.084602
0.307579,-0.041583,-0.041915,-0.083770
0.307579,-0.041583,-0.041087,-0.082939
0.307579,-0.041583,-0.041087,-0.083770
0.307580,-0.040759,-0.041087,-0.083770
0.307581,-0.040759,-0.041087,-0.082939
0.282667,-0.040759,-0.041915,-0.083770
0.307580,-0.041583,-0.041915,-0.083770
0.307580,-0.041583,-0.041915,-0.082939
0.307580,-0.041583,-0.041915,-0.083770
0.307581,-0.041583,-0.041915,-0.083770
0.332493,-0.041583,-0.042743,-0.083770
0.282667,-0.041583,-0.041915,-0.083770
0.307580,-0.041583,-0.041915,-0.083770
0.307580,-0.042407,-0.041915,-0.083770
0.307580,-0.041583,-0.041915,-0.083770
0.307579,-0.041583,-0.041915,-0.083770
0.307578,-0.041583,-0.041915,-0.083770
0.307578,-0.041582,-0.041915,-0.084601
0.332490,-0.041582,-0.041087,-0.084601
0.307576,-0.041582,-0.041915,-0.083770
0.307576,-0.040758,-0.041915,-0.083770
0.307576,-0.041582,-0.041915,-0.083770
0.307576,-0.040758,-0.041915,-0.083770
0.307575,-0.041582,-0.041915,-0.084601
0.307574,-0.040758,-0.041915,-0.084601
0.307574,-0.040758,-0.041915,-0.083769
0.307573,-0.041582,-0.041915,-0.084600
0.307573,-0.041582,-0.041915,-0.084600
0.307573,-0.041582,-0.041915,-0.084600
0.332486,-0.041582,-0.041087,-0.083769
0.332487,-0.042406,-0.041915,-0.084600
0.307575,-0.042406,-0.041087,-0.085431
0.307576,-0.041582,-0.041087,-0.084600
0.307577,-0.041582,-0.041087,-0.084600
0.332492,-0.041582,-0.041087,-0.084600
0.332493,-0.042406,-0.041915,-0.085431
0.307581,-0.041582,-0.041915,-0.085431
0.307584,-0.041582,-0.041915,-0.085431
0.307585,-0.041582,-0.041915,-0.085431
0.307586,-0.041581,-0.041915,-0.085431
0.307587,-0.041581,-0.041087,-0.084599
0.307587,-0.041581,-0.041915,-0.084599
0.307588,-0.041581,-0.041086,-0.083768
0.307589,-0.041581,-0.041086,-0.084599
0.307589,-0.041581,-0.041915,-0.085430
0.307589,-0.042405,-0.041914,-0.085430
0.307589,-0.042405,-0.041914,-0.085430
0.307590,-0.041581,-0.041914,-0.084599
0.307590,-0.041581,-0.041914,-0.084599
0.307590,-0.041581,-0.041914,-0.084599
0.307591,-0.041581,-0.041914,-0.084598
0.307592,-0.041581,-0.041914,-0.084598
0.332506,-0.041581,-0.041914,-0.085429
0.332506,-0.041581,-0.041914,-0.085429
0.307594,-0.041581,-0.041914,-0.084598
0.307594,-0.041581,-0.041914,-0.085429
0.307594,-0.041581,-0.041914,-0.084598
0.307595,-0.042405,-0.041914,-0.084598
0.307596,-0.042405,-0.041914,-0.085429
0.307596,-0.042405,-0.041914,-0.085429
0.307597,-0.042405,-0.042742,-0.085428
0.307598,-0.041581,-0.041914,-0.084597
0.332511,-0.041581,-0.041914,-0.085428
0.307598,-0.041581,-0.041914,-0.085428
0.307598,-0.041581,-0.041914,-0.084597
0.307597,-0.041581,-0.041914,-0.084597
0.307596,-0.040757,-0.041914,-0.083765
0.307596,-0.040757,-0.041914,-0.083765
0.307594,-0.040757,-0.041914,-0.083765
0.307593,-0.040757,-0.042742,-0.084596
0.307594,-0.041581,-0.042742,-0.084596
0.307595,-0.041581,-0.042742,-0.085427
0.307595,-0.041581,-0.042742,-0.085427
0.282682,-0.041581,-0.042742,-0.085427
0.307594,-0.041580,-0.042742,-0.085427
0.282682,-0.041580,-0.042742,-0.085427
0.332508,-0.040756,-0.042742,-0.085427
0.307594,-0.041580,-0.042742,-0.084595
0.282682,-0.041580,-0.042742,-0.084595
0.282682,-0.041580,-0.042742,-0.085426
0.307595,-0.042404,-0.042742,-0.085426
0.307594,-0.042404,-0.041914,-0.085426
0.307594,-0.042404,-0.042742,-0.085426
0.307595,-0.041580,-0.041914,-0.085426
0.307595,-0.042404,-0.042742,-0.085426
0.307595,-0.041580,-0.041914,-0.085425
0.307596,-0.041580,-0.041914,-0.085425
0.332509,-0.041580,-0.041914,-0.085425
0.307596,-0.041580,-0.041914,-0.085425
0.332509,-0.041580,-0.042742,-0.085425
0.332510,-0.041580,-0.042742,-0.085425
0.332510,-0.041580,-0.042742,-0.085425
0.332511,-0.042404,-0.042742,-0.085425
0.307598,-0.041580,-0.041914,-0.084594
0.307598,-0.040756,-0.041914,-0.085425
0.332510,-0.040756,-0.041914,-0.083763
0.307597,-0.041580,-0.041914,-0.084594
0.332510,-0.041580,-0.041914,-0.085425
0.332510,-0.042404,-0.042743,-0.085425
0.332509,-0.042404,-0.042743,-0.086255
0.332509,-0.041580,-0.042743,-0.085424
0.307597,-0.041580,-0.041915,-0.085424
0.307597,-0.041580,-0.041915,-0.085424
0.307597,-0.041580,-0.041915,-0.084593
0.307596,-0.042404,-0.041915,-0.085424
0.307594,-0.042404,-0.042743,-0.085424
0.357420,-0.042404,-0.042743,-0.085424
0.332506,-0.042404,-0.042743,-0.085424
0.332504,-0.042404,-0.042743,-0.085423
0.307589,-0.041580,-0.042743,-0.085423
0.307587,-0.041580,-0.042743,-0.085423
0.307587,-0.041579,-0.042743,-0.085423
0.307587,-0.042404,-0.042743,-0.085423
0.307587,-0.043228,-0.043571,-0.085423
0.307586,-0.042404,-0.043571,-0.085423
0.332499,-0.042403,-0.043571,-0.085423
0.307586,-0.042403,-0.042743,-0.085423
0.332498,-0.041579,-0.042743,-0.084591
0.307585,-0.041579,-0.042743,-0.084591
0.307585,-0.043227,-0.043571,-0.085422
0.307585,-0.042403,-0.042742,-0.085422
0.307586,-0.043227,-0.042742,-0.085422
0.307587,-0.042403,-0.042742,-0.085422
0.307587,-0.042403,-0.042742,-0.085422
0.307588,-0.042403,-0.042742,-0.086253
0.307589,-0.041579,-0.042742,-0.085422
0.307589,-0.042403,-0.042742,-0.085422
0.307590,-0.042403,-0.043571,-0.085422
0.307591,-0.042403,-0.043571,-0.085422
0.307592,-0.042403,-0.042742,-0.085422
0.307592,-0.043227,-0.042742,-0.086253
0.332505,-0.043227,-0.043571,-0.085422
0.307593,-0.042403,-0.042742,-0.084590
0.307594,-0.041578,-0.042742,-0.084590
0.332508,-0.042403,-0.042742,-0.086252
0.332509,-0.041578,-0.043571,-0.086252
0.332508,-0.042402,-0.043571,-0.086252
0.307594,-0.042402,-0.043571,-0.085421
0.307594,-0.042402,-0.043571,-0.085421
0.307594,-0.041578,-0.042743,-0.084590
0.307593,-0.042402,-0.042743,-0.083759
0.307593,-0.042402,-0.042743,-0.084590
0.307593,-0.042402,-0.042743,-0.086252
0.332506,-0.042402,-0.043571,-0.085421
0.357420,-0.043226,-0.043571,-0.086252
0.332506,-0.043226,-0.042743,-0.085421
0.307592,-0.042402,-0.042743,-0.085421
0.307593,-0.042402,-0.042743,-0.085421
0.307593,-0.043226,-0.043571,-0.086252
0.307592,-0.043226,-0.042743,-0.085420
0.332505,-0.043226,-0.042743,-0.086252
0.332504,-0.043226,-0.041915,-0.086251
0.332504,-0.042402,-0.041915,-0.084589
0.307589,-0.042402,-0.042743,-0.085420
0.332503,-0.043226,-0.042743,-0.085420
0.332503,-0.043226,-0.042743,-0.085420
0.332502,-0.042402,-0.043571,-0.085420
0.332501,-0.043226,-0.042743,-0.085420
0.332501,-0.042402,-0.041915,-0.083758
0.332502,-0.042401,-0.041915,-0.084589
0.332503,-0.043226,-0.041915,-0.086251
0.332503,-0.043226,-0.042743,-0.086251
0.357416,-0.042401,-0.042743,-0.085420
0.332503,-0.042401,-0.042743,-0.086251
0.307589,-0.041577,-0.041915,-0.084588
0.307589,-0.041577,-0.041915,-0.085419
0.332502,-0.042401,-0.042743,-0.086250
0.332501,-0.042401,-0.042743,-0.086250
0.332502,-0.042401,-0.042744,-0.086250
0.332502,-0.042401,-0.042744,-0.085419
0.307588,-0.041577,-0.041915,-0.085419
0.307588,-0.041577,-0.041915,-0.085419
0.307589,-0.042401,-0.042744,-0.086250
0.307589,-0.043225,-0.042744,-0.086250
0.307589,-0.043225,-0.042744,-0.086250
0.332503,-0.043225,-0.042744,-0.086250
0.332503,-0.042401,-0.041916,-0.085419
0.307589,-0.043225,-0.041916,-0.085419
0.332503,-0.043225,-0.041916,-0.085419
0.332504,-0.043225,-0.042744,-0.086250
0.332504,-0.043225,-0.042744,-0.085418
0.307590,-0.042401,-0.041088,-0.084587
0.307591,-0.041576,-0.041088,-0.084587
0.307593,-0.042401,-0.042744,-0.085418
0.332507,-0.043225,-0.042744,-0.086249
0.332508,-0.042400,-0.042744,-0.086249
0.357422,-0.042400,-0.041916,-0.086249
0.332509,-0.041576,-0.041916,-0.085418
0.332509,-0.042400,-0.041916,-0.085418
0.332509,-0.043224,-0.042744,-0.085418
0.332509,-0.043224,-0.042745,-0.085418
0.332509,-0.043224,-0.041917,-0.085417
0.307595,-0.043224,-0.041917,-0.084586
0.307595,-0.041576,-0.041917,-0.083755
0.357420,-0.043224,-0.042745,-0.084586
0.332507,-0.044048,-0.042745,-0.085417
0.332507,-0.043224,-0.043573,-0.085417
0.357421,-0.044048,-0.042745,-0.085417
0.332510,-0.043224,-0.042745,-0.085417
0.332511,-0.043224,-0.042745,-0.084586
0.307598,-0.043224,-0.043573,-0.085417
0.307598,-0.044048,-0.043573,-0.086248
0.332513,-0.044048,-0.043573,-0.086248
0.332514,-0.044048,-0.042745,-0.086248
0.307603,-0.042400,-0.042745,-0.085416
0.307603,-0.043224,-0.043574,-0.085416
0.332516,-0.043224,-0.043574,-0.085416
0.307603,-0.044048,-0.043574,-0.086247
0.307603,-0.044048,-0.043574,-0.086247
0.307604,-0.043223,-0.043573,-0.085416
0.307605,-0.043223,-0.042745,-0.085416
0.307606,-0.043223,-0.043573,-0.086247
0.307608,-0.044048,-0.043573,-0.086247
0.357436,-0.043223,-0.043573,-0.086247
0.332524,-0.043223,-0.043573,-0.085416
0.307611,-0.042399,-0.042745,-0.085416
0.307613,-0.043223,-0.043573,-0.086247
0.332528,-0.043223,-0.043573,-0.086247
0.332529,-0.043223,-0.043573,-0.086246
0.332531,-0.043223,-0.043573,-0.086246
0.332532,-0.041575,-0.042745,-0.085415
0.307620,-0.043223,-0.043573,-0.086246
0.332534,-0.043223,-0.043573,-0.087077
0.307622,-0.043223,-0.043573,-0.086246
0.332536,-0.043223,-0.042745,-0.086246
0.332537,-0.042399,-0.041917,-0.085415
0.332538,-0.043223,-0.043573,-0.087077
0.357452,-0.043223,-0.043573,-0.087077
0.357454,-0.043223,-0.043573,-0.087077
0.307629,-0.042398,-0.042745,-0.086246
0.307630,-0.041574,-0.042745,-0.085414
0.332544,-0.043222,-0.042745,-0.086245
0.357459,-0.043222,-0.042745,-0.086245
0.357459,-0.043222,-0.042745,-0.086245
0.307634,-0.041574,-0.041917,-0.084583
0.332549,-0.043222,-0.042745,-0.086245
0.332550,-0.044046,-0.043573,-0.086245
0.332551,-0.044046,-0.043574,-0.087076
0.307639,-0.043222,-0.043574,-0.085414
0.332552,-0.043222,-0.042745,-0.085414
0.307639,-0.043222,-0.042745,-0.086245
0.307639,-0.043222,-0.042745,-0.087076
0.332553,-0.043222,-0.043574,-0.086244
0.332555,-0.042398,-0.042746,-0.085413
0.282729,-0.042398,-0.042746,-0.085413
0.307644,-0.043222,-0.043574,-0.086244
0.332558,-0.043222,-0.043574,-0.086244
0.307645,-0.043222,-0.044402,-0.087075
0.307646,-0.043222,-0.043574,-0.086244
0.332561,-0.042397,-0.042746,-0.085413
0.357476,-0.043221,-0.043574,-0.086244
0.307650,-0.043221,-0.043574,-0.087075
0.307652,-0.042397,-0.043574,-0.085413
0.307653,-0.042397,-0.043574,-0.086244
0.332568,-0.043221,-0.043574,-0.087075
0.332569,-0.042397,-0.043574,-0.087075
0.332570,-0.042397,-0.042746,-0.087075
0.307658,-0.041573,-0.041918,-0.086244
0.307659,-0.042397,-0.042746,-0.086243
0.307660,-0.043221,-0.043574,-0.086243
0.307661,-0.043221,-0.043574,-0.086243
0.307663,-0.043221,-0.043574,-0.085412
0.307664,-0.042396,-0.043574,-0.084581
0.332579,-0.043220,-0.043574,-0.085412
0.332580,-0.043220,-0.044402,-0.085412
0.332581,-0.043220,-0.044402,-0.086243
0.307669,-0.042396,-0.043574,-0.085412
0.307670,-0.042396,-0.043574,-0.085412
0.307671,-0.043220,-0.043574,-0.086243
0.307673,-0.043220,-0.043574,-0.087074
0.307674,-0.042396,-0.043574,-0.086243
0.307677,-0.042396,-0.042746,-0.085411
0.307678,-0.043220,-0.042746,-0.086242
0.307680,-0.043220,-0.042746,-0.086242
0.307681,-0.044044,-0.042746,-0.086242
0.332595,-0.043220,-0.042746,-0.086242
0.307684,-0.042396,-0.042746,-0.086242
0.332598,-0.044044,-0.043575,-0.086242
0.332598,-0.044044,-0.043575,-0.087073
0.332599,-0.044044,-0.042747,-0.086242
0.307686,-0.043219,-0.041918,-0.085411
0.332600,-0.044044,-0.042747,-0.086242
0.332602,-0.044043,-0.043575,-0.086242
0.332603,-0.044868,-0.043575,-0.087073
0.332605,-0.043219,-0.042747,-0.086242
0.307694,-0.042395,-0.042747,-0.086242
0.307696,-0.043219,-0.042747,-0.087073
0.307698,-0.043219,-0.043575,-0.086242
0.307699,-0.043219,-0.043575,-0.086242
0.307700,-0.042395,-0.042747,-0.085411
0.307703,-0.044043,-0.043575,-0.087073
0.307705,-0.044043,-0.042747,-0.087073
0.282794,-0.044043,-0.042747,-0.086241
0.282796,-0.043219,-0.041919,-0.085410
0.307712,-0.044043,-0.042747,-0.087073
0.282801,-0.044043,-0.042747,-0.087072
0.282802,-0.044043,-0.042747,-0.086241
0.282804,-0.042394,-0.041919,-0.086241
0.307719,-0.043218,-0.042747,-0.087072
0.307720,-0.043218,-0.042747,-0.087072
0.332634,-0.043218,-0.042747,-0.087072
0.307722,-0.043218,-0.042747,-0.087072
0.332637,-0.042394,-0.041919,-0.086241
0.307725,-0.044042,-0.042747,-0.087903
0.332640,-0.043218,-0.043575,-0.087903
0.307728,-0.043218,-0.042747,-0.087903
0.282817,-0.042394,-0.041919,-0.087072
0.307731,-0.043218,-0.043575,-0.087903
0.307732,-0.044042,-0.044403,-0.087903
0.307733,-0.043218,-0.043575,-0.087071
0.307734,-0.041570,-0.042747,-0.087071
0.307735,-0.044042,-0.043575,-0.087071
0.307735,-0.043218,-0.043575,-0.087902
0.307736,-0.043218,-0.043575,-0.087071
0.282824,-0.043218,-0.041919,-0.086240
0.307738,-0.043218,-0.042747,-0.087071
0.307739,-0.044042,-0.043575,-0.087071
0.307740,-0.044042,-0.043575,-0.087071
0.282827,-0.042394,-0.042747,-0.086240
0.307741,-0.044042,-0.043575,-0.087071
0.307742,-0.044866,-0.043575,-0.087902
0.282829,-0.043218,-0.043575,-0.087071
0.307744,-0.042394,-0.042747,-0.086240
0.307745,-0.044042,-0.043575,-0.087902
0.332658,-0.044042,-0.043575,-0.087902
0.282834,-0.043218,-0.042747,-0.086240
0.307749,-0.043218,-0.042747,-0.087071
0.307749,-0.044866,-0.042747,-0.087071
0.307750,-0.044042,-0.042747,-0.087070
0.307751,-0.042393,-0.041919,-0.086239
0.307753,-0.044042,-0.042747,-0.087070
0.307755,-0.044866,-0.043575,-0.087070
0.307757,-0.043217,-0.042747,-0.087070
0.307758,-0.043217,-0.042747,-0.087070
0.357586,-0.044866,-0.043575,-0.087070
0.307761,-0.044866,-0.043575,-0.087901
0.307762,-0.043217,-0.042747,-0.086239
0.307763,-0.044042,-0.043575,-0.087070
0.307764,-0.044866,-0.043575,-0.087070
0.307765,-0.044041,-0.042747,-0.087070
0.307765,-0.043217,-0.042747,-0.086238
0.307766,-0.044866,-0.043575,-0.087069
0.307766,-0.044041,-0.042747,-0.087069
0.307766,-0.043217,-0.042747,-0.086238
0.332679,-0.044865,-0.043575,-0.087900
0.332679,-0.044865,-0.043575,-0.087900
0.282854,-0.043217,-0.042747,-0.086238
0.307767,-0.043217,-0.043575,-0.087069
0.332681,-0.044865,-0.043575,-0.087069
0.307769,-0.044041,-0.043575,-0.087069
0.307770,-0.042393,-0.042747,-0.086238
0.307770,-0.044041,-0.043575,-0.087069
0.307771,-0.044041,-0.043575,-0.087069
0.307772,-0.042393,-0.042747,-0.086238
0.307773,-0.043217,-0.043575,-0.087069
0.307775,-0.044041,-0.043575,-0.087068
0.307777,-0.043217,-0.043575,-0.087068
0.307779,-0.042393,-0.041919,-0.087068
0.332694,-0.044041,-0.042747,-0.087068
0.332695,-0.044041,-0.043575,-0.087068
0.307782,-0.043217,-0.042747,-0.087068
0.332697,-0.044041,-0.043575,-0.087068
0.307786,-0.044041,-0.043575,-0.087068
0.332700,-0.044865,-0.043575,-0.087899
0.307788,-0.043216,-0.042747,-0.086237
0.307790,-0.044865,-0.043575,-0.087899
0.332706,-0.044040,-0.044403,-0.087899
0.332708,-0.043216,-0.043575,-0.087899
0.332710,-0.043216,-0.042747,-0.087068
0.332712,-0.043216,-0.043575,-0.087899
0.332714,-0.044040,-0.043575,-0.088730
0.307802,-0.042392,-0.042747,-0.087068
0.307804,-0.044040,-0.044403,-0.088730
0.307805,-0.044864,-0.044403,-0.089561
0.332720,-0.044040,-0.043575,-0.087899
0.307809,-0.044040,-0.043575,-0.087898
0.332724,-0.044864,-0.044403,-0.088729
0.332726,-0.044864,-0.044403,-0.088729
0.307815,-0.044040,-0.042747,-0.087898
0.357643,-0.044864,-0.043575,-0.088729
0.332731,-0.044864,-0.043575,-0.088729
0.307819,-0.044040,-0.042746,-0.088729
0.307820,-0.044040,-0.043575,-0.088729
0.332735,-0.044864,-0.043575,-0.088729
0.332736,-0.044864,-0.043575,-0.088729
0.307823,-0.044864,-0.043574,-0.088729
0.332739,-0.044864,-0.044403,-0.088729
0.307828,-0.044864,-0.043574,-0.088729
0.307829,-0.043215,-0.043574,-0.087066
0.307831,-0.044864,-0.044402,-0.087897
0.307832,-0.044864,-0.044402,-0.088728
0.282920,-0.043215,-0.042746,-0.087897
0.332747,-0.044864,-0.043574,-0.088728
0.307836,-0.044864,-0.043574,-0.088728
0.307838,-0.044039,-0.042746,-0.087066
0.307838,-0.044039,-0.043574,-0.087897
0.332753,-0.044863,-0.043574,-0.088728
0.307841,-0.044863,-0.043574,-0.087897
0.282930,-0.043215,-0.042746,-0.087065
0.307844,-0.044863,-0.043574,-0.087896
0.307846,-0.044863,-0.043574,-0.088727
0.307848,-0.043215,-0.043574,-0.087065
0.307849,-0.045687,-0.043574,-0.088727
0.307851,-0.044863,-0.043574,-0.088727
0.307854,-0.043215,-0.042745,-0.087896
0.307856,-0.044039,-0.043574,-0.088727
0.307857,-0.044863,-0.043573,-0.088727
0.332773,-0.044039,-0.043573,-0.088727
0.307861,-0.043215,-0.042745,-0.087065
0.332776,-0.044863,-0.043573,-0.088727
0.357691,-0.044039,-0.043573,-0.087896
0.332779,-0.043215,-0.042745,-0.087896
0.307868,-0.044039,-0.043573,-0.087895
0.332782,-0.044863,-0.043573,-0.088726
0.332783,-0.042391,-0.042745,-0.087064
0.307871,-0.044863,-0.043573,-0.088726
0.307872,-0.044863,-0.043573,-0.089557
0.332785,-0.043215,-0.042745,-0.087895
0.332787,-0.044039,-0.042745,-0.087895
0.307875,-0.044039,-0.044401,-0.088726
0.307876,-0.043215,-0.043573,-0.087895
0.307877,-0.044039,-0.043573,-0.087895
0.307878,-0.044863,-0.043573,-0.089557
0.307880,-0.044863,-0.043573,-0.087895
0.307882,-0.044039,-0.043573,-0.088726
0.307883,-0.044863,-0.043573,-0.089557
0.307885,-0.044039,-0.042745,-0.088725
0.307886,-0.043215,-0.042745,-0.088725
0.282974,-0.044863,-0.043573,-0.088725
0.307888,-0.044863,-0.043573,-0.088725
0.307889,-0.044039,-0.042745,-0.087894
0.332803,-0.044863,-0.043573,-0.088725
0.357717,-0.044863,-0.042745,-0.089556
0.307893,-0.043215,-0.042745,-0.087894
0.332808,-0.044863,-0.043573,-0.088725
0.332810,-0.044863,-0.043573,-0.089556
0.307897,-0.043215,-0.042745,-0.087894
0.332812,-0.044039,-0.043573,-0.089556
0.332813,-0.044863,-0.043573,-0.089556
0.307899,-0.043215,-0.042745,-0.087894
0.332813,-0.044863,-0.043573,-0.090387
0.357727,-0.044039,-0.043573,-0.089555
0.357728,-0.043215,-0.042744,-0.088724
0.332815,-0.044863,-0.043572,-0.089555
0.332815,-0.044039,-0.043572,-0.088724
0.357730,-0.043215,-0.042744,-0.087893
0.357730,-0.044863,-0.044400,-0.089555
0.307905,-0.044039,-0.043572,-0.088724
0.332819,-0.043215,-0.043572,-0.087893
0.332818,-0.044863,-0.044400,-0.088724
0.332819,-0.043215,-0.043572,-0.088724
0.307907,-0.043215,-0.043572,-0.087893
0.357735,-0.044039,-0.043572,-0.088724
0.357737,-0.044863,-0.043572,-0.088724
0.332826,-0.043215,-0.042744,-0.087061
0.332827,-0.045687,-0.043572,-0.088723
0.332827,-0.044863,-0.043572,-0.088723
0.283001,-0.043215,-0.042744,-0.087892
0.307916,-0.044039,-0.043572,-0.088723
0.307916,-0.044863,-0.043572,-0.088723
0.307917,-0.043215,-0.042744,-0.087892
0.307918,-0.044863,-0.043572,-0.088723
0.283007,-0.044863,-0.043572,-0.088723
0.307921,-0.044039,-0.042743,-0.087892
0.307921,-0.044863,-0.043571,-0.089554
0.307921,-0.044039,-0.043571,-0.088723
0.307921,-0.044039,-0.043571,-0.089554
0.307921,-0.044863,-0.043571,-0.089554
0.307920,-0.043215,-0.042743,-0.087892
0.307920,-0.044863,-0.043571,-0.089554
0.307920,-0.044863,-0.043571,-0.089554
0.307918,-0.043215,-0.042743,-0.088723
0.307917,-0.044863,-0.043571,-0.089554
0.332830,-0.044863,-0.044399,-0.088723
0.307917,-0.043215,-0.043571,-0.087891
0.332830,-0.044863,-0.044399,-0.088723
0.307916,-0.044863,-0.043571,-0.088722
0.332830,-0.043215,-0.043571,-0.087891
0.332830,-0.044863,-0.044399,-0.088722
0.307916,-0.044863,-0.043571,-0.087891
0.307916,-0.044863,-0.043571,-0.087891
0.307917,-0.044863,-0.043571,-0.088722
0.332832,-0.043215,-0.042743,-0.087891
0.357745,-0.044863,-0.044399,-0.088722
0.357745,-0.044863,-0.044399,-0.089553
0.332832,-0.043215,-0.043571,-0.087891
0.332833,-0.044863,-0.044399,-0.089553
0.332833,-0.043214,-0.043571,-0.088722
0.357747,-0.044863,-0.044399,-0.089553
0.332833,-0.044863,-0.044399,-0.089553
0.307920,-0.044039,-0.042743,-0.087890
0.307921,-0.044863,-0.044399,-0.089552
0.307921,-0.044863,-0.043571,-0.089552
0.307921,-0.043214,-0.042743,-0.088721
0.307921,-0.044863,-0.044399,-0.089552
0.332835,-0.044863,-0.043571,-0.089552
0.307922,-0.044038,-0.042743,-0.088721
0.332836,-0.045687,-0.044399,-0.089552
0.332836,-0.044863,-0.043571,-0.088721
0.357750,-0.044863,-0.043571,-0.088721
0.357751,-0.044863,-0.044399,-0.089552
0.357752,-0.044038,-0.043571,-0.088721
0.357753,-0.044038,-0.043571,-0.088721
0.357754,-0.044863,-0.045227,-0.089552
0.332842,-0.044038,-0.043570,-0.088721
0.332843,-0.044863,-0.044399,-0.089552
0.307930,-0.044863,-0.043570,-0.088721
0.332844,-0.044863,-0.043570,-0.088721
0.332844,-0.045687,-0.044399,-0.089552
0.332843,-0.044038,-0.042742,-0.087889
0.332843,-0.045687,-0.044399,-0.089552
0.332844,-0.045687,-0.043570,-0.089552
0.332844,-0.044862,-0.043570,-0.087889
0.332845,-0.046511,-0.044399,-0.089551
0.307933,-0.044038,-0.043570,-0.088720
0.357761,-0.045687,-0.044399,-0.090382
0.357761,-0.045686,-0.044399,-0.089551
0.332849,-0.044862,-0.043570,-0.089551
0.357763,-0.045686,-0.044399,-0.090382
0.332851,-0.044862,-0.044398,-0.089551
0.307937,-0.044038,-0.044398,-0.088720
0.307937,-0.044862,-0.044398,-0.089551
0.307938,-0.044862,-0.044398,-0.089551
0.307940,-0.044038,-0.044398,-0.088720
0.307941,-0.044862,-0.044398,-0.090382
0.307942,-0.044038,-0.042742,-0.089551
0.307944,-0.044862,-0.044398,-0.089551
0.332858,-0.044862,-0.044398,-0.089551
0.332859,-0.044038,-0.043570,-0.089551
0.332859,-0.044862,-0.043570,-0.090382
0.307948,-0.043214,-0.043570,-0.088720
0.332862,-0.044862,-0.044398,-0.089551
0.307952,-0.044862,-0.044398,-0.089551
0.307954,-0.043214,-0.043570,-0.087888
0.307955,-0.044862,-0.044398,-0.089550
0.307956,-0.044862,-0.043570,-0.089550
0.283045,-0.044038,-0.044398,-0.089550
0.307959,-0.045686,-0.044398,-0.090381
0.307961,-0.044862,-0.043570,-0.089550
0.307962,-0.045686,-0.043570,-0.090381
0.307964,-0.045686,-0.043570,-0.090381
0.307967,-0.043213,-0.042741,-0.088719
0.332882,-0.045686,-0.043569,-0.090381
0.332884,-0.044038,-0.043569,-0.088719
0.307973,-0.044862,-0.043569,-0.089550
0.307974,-0.045686,-0.044398,-0.089550
0.307975,-0.044862,-0.043569,-0.088719
0.332891,-0.045686,-0.044398,-0.090381
0.332891,-0.044862,-0.044397,-0.089550
0.307980,-0.044037,-0.043569,-0.089550
0.307980,-0.045686,-0.044397,-0.090381
0.307982,-0.044037,-0.043569,-0.088719
0.307984,-0.044861,-0.044397,-0.090381
0.307985,-0.045686,-0.044397,-0.090381
0.307986,-0.044861,-0.043569,-0.089549
0.332901,-0.044861,-0.044397,-0.090381
0.307991,-0.043213,-0.043569,-0.089549
0.307993,-0.045686,-0.044397,-0.091212
0.307994,-0.044861,-0.044397,-0.091211
0.307996,-0.044037,-0.043569,-0.089549
0.307999,-0.045685,-0.044397,-0.090380
0.308001,-0.044037,-0.043569,-0.089549
0.308004,-0.045685,-0.044397,-0.090380
0.308006,-0.045685,-0.044397,-0.090380
0.308008,-0.044861,-0.044397,-0.088718
0.332923,-0.045685,-0.044397,-0.090380
0.308011,-0.044037,-0.043569,-0.089549
0.283099,-0.044861,-0.043569,-0.089549
0.308014,-0.045685,-0.044397,-0.090380
0.308016,-0.044037,-0.043569,-0.089549
0.308018,-0.045685,-0.044397,-0.091211
0.332933,-0.044861,-0.044397,-0.090380
0.332936,-0.044861,-0.044396,-0.089549
0.332938,-0.045685,-0.045224,-0.090380
0.308026,-0.044037,-0.044396,-0.089549
0.332941,-0.044861,-0.044396,-0.090380
0.332943,-0.044861,-0.044396,-0.090380
0.308032,-0.043213,-0.043568,-0.088717
0.308033,-0.044861,-0.043568,-0.090379
0.332948,-0.044861,-0.043568,-0.090379
0.332949,-0.044861,-0.044396,-0.089548
0.332951,-0.045685,-0.044396,-0.090379
0.308039,-0.044861,-0.043568,-0.089548
0.332953,-0.045685,-0.044396,-0.090379
0.332954,-0.045685,-0.044396,-0.089548
0.308043,-0.044861,-0.043568,-0.089548
0.308045,-0.046509,-0.044396,-0.091210
0.308046,-0.044861,-0.043568,-0.089548
0.308047,-0.046509,-0.044396,-0.090379
0.308049,-0.045685,-0.043568,-0.089548
0.308051,-0.045685,-0.043568,-0.090379
0.308052,-0.045685,-0.044396,-0.090379
0.308052,-0.044861,-0.043568,-0.089547
0.332967,-0.045685,-0.044396,-0.090378
0.308055,-0.044860,-0.043568,-0.089547
0.308057,-0.045685,-0.044396,-0.090378
0.308058,-0.045685,-0.044396,-0.089547
0.308059,-0.044860,-0.043568,-0.089547
0.308061,-0.045685,-0.044396,-0.090378
0.308062,-0.044860,-0.043568,-0.089547
0.332976,-0.045685,-0.044396,-0.090378
0.308065,-0.045685,-0.044396,-0.090378
0.308067,-0.044860,-0.043568,-0.089547
0.332981,-0.045684,-0.043568,-0.090378
0.308070,-0.044860,-0.043568,-0.090378
0.332986,-0.045684,-0.044396,-0.090378
0.308074,-0.045684,-0.044396,-0.089546
0.308076,-0.044860,-0.043568,-0.089546
0.308078,-0.045684,-0.044396,-0.089546
0.308079,-0.044860,-0.043568,-0.088715
0.332994,-0.045684,-0.044396,-0.089546
0.332995,-0.045684,-0.044396,-0.088715
0.332996,-0.045684,-0.044396,-0.088715
0.332997,-0.045684,-0.044396,-0.089546
0.332999,-0.044860,-0.044396,-0.088715
0.333001,-0.046508,-0.045224,-0.089546
0.333003,-0.045684,-0.044396,-0.089546
0.333004,-0.046508,-0.044396,-0.089546
0.308091,-0.045684,-0.043568,-0.088714
0.333007,-0.046508,-0.044396,-0.089545
0.357922,-0.046508,-0.044396,-0.089545
0.333010,-0.045684,-0.043567,-0.089545
0.333011,-0.046508,-0.045224,-0.089545
0.333013,-0.045684,-0.043567,-0.089545
0.308103,-0.046508,-0.044396,-0.089545
0.308105,-0.044036,-0.043567,-0.088714
0.333019,-0.045684,-0.044395,-0.090376
0.308108,-0.045684,-0.044395,-0.089545
0.308109,-0.045684,-0.044395,-0.089545
0.308110,-0.046508,-0.044395,-0.090376
0.308113,-0.045684,-0.043567,-0.089545
0.308115,-0.046508,-0.044395,-0.090376
0.308117,-0.045684,-0.043567,-0.088714
0.308119,-0.046508,-0.045223,-0.091207
0.308121,-0.044860,-0.044395,-0.089545
0.308123,-0.045684,-0.045223,-0.090376
0.308125,-0.045684,-0.044395,-0.090376
0.308126,-0.045684,-0.044395,-0.089544
0.357954,-0.045684,-0.044395,-0.090375
0.333043,-0.044035,-0.043567,-0.089544
0.333045,-0.045684,-0.044395,-0.090375
0.308133,-0.044860,-0.043567,-0.089544
0.333048,-0.045684,-0.044395,-0.090375
0.333051,-0.045684,-0.043567,-0.089544
0.333053,-0.044860,-0.044395,-0.089544
0.333055,-0.044860,-0.044395,-0.089544
0.308144,-0.044860,-0.044395,-0.089544
0.333059,-0.046508,-0.044395,-0.090375
0.308148,-0.044860,-0.044395,-0.088713
0.333063,-0.045684,-0.045223,-0.090375
0.308151,-0.045684,-0.044395,-0.090375
0.283241,-0.045684,-0.043567,-0.089544
0.308157,-0.046508,-0.045223,-0.091206
0.283246,-0.044859,-0.043567,-0.089544
0.333074,-0.046508,-0.044395,-0.090375
0.308162,-0.044859,-0.043567,-0.089543
0.333077,-0.045684,-0.044395,-0.090375
0.333079,-0.044859,-0.043567,-0.089543
0.357993,-0.045684,-0.044395,-0.090374
0.308168,-0.044859,-0.043567,-0.089543
0.308170,-0.045684,-0.043567,-0.089543
0.333084,-0.044859,-0.044395,-0.090374
0.308172,-0.044859,-0.043567,-0.089543
0.333087,-0.045683,-0.044395,-0.091205
0.333089,-0.044035,-0.043567,-0.090374
0.358003,-0.045683,-0.044395,-0.091205
0.358006,-0.043211,-0.043567,-0.089543
0.358008,-0.044859,-0.044395,-0.090374
0.358011,-0.043211,-0.043567,-0.090374
0.358014,-0.044859,-0.044395,-0.090374
0.358015,-0.045683,-0.044395,-0.090374
0.333104,-0.044859,-0.044395,-0.090374
0.382932,-0.046507,-0.044395,-0.091205
0.382935,-0.045683,-0.044395,-0.089543
0.358023,-0.045683,-0.045223,-0.090374
0.333112,-0.044859,-0.044395,-0.090374
0.333113,-0.045683,-0.044395,-0.091205
0.358027,-0.044859,-0.044395,-0.090374
0.358028,-0.045683,-0.044395,-0.090374
0.358029,-0.045683,-0.044395,-0.090374
0.333118,-0.045683,-0.044395,-0.090374
0.333119,-0.045683,-0.043567,-0.090374
0.333121,-0.045683,-0.043567,-0.090373
0.333122,-0.045683,-0.045223,-0.091204
0.333123,-0.044858,-0.044395,-0.090373
0.333124,-0.045683,-0.045223,-0.091204
0.333125,-0.044858,-0.043567,-0.090373
0.333126,-0.045683,-0.045223,-0.091204
0.308214,-0.045683,-0.044395,-0.090373
0.333128,-0.045683,-0.045223,-0.090373
0.358042,-0.046507,-0.046051,-0.091204
0.358043,-0.044858,-0.045223,-0.090373
0.333131,-0.045683,-0.046051,-0.091204
0.308221,-0.045683,-0.044395,-0.090373
0.308224,-0.046507,-0.046051,-0.091204
0.308226,-0.045683,-0.044395,-0.090373
0.308228,-0.045683,-0.045223,-0.092035
0.333143,-0.045682,-0.044395,-0.090372
0.358058,-0.046507,-0.044395,-0.091203
0.358058,-0.044858,-0.044395,-0.089541
0.333145,-0.045683,-0.046051,-0.091203
0.333147,-0.044858,-0.044395,-0.090372
0.333149,-0.044858,-0.045223,-0.090372
0.333151,-0.045682,-0.046051,-0.090372
0.308240,-0.044858,-0.045223,-0.089541
0.333155,-0.045682,-0.046051,-0.091203
0.308243,-0.044858,-0.045223,-0.089541
0.333158,-0.045682,-0.046051,-0.091203
0.358073,-0.044858,-0.045223,-0.090372
0.358074,-0.045682,-0.046879,-0.091203
0.358076,-0.044034,-0.045223,-0.090372
0.358078,-0.045682,-0.046051,-0.091203
0.333166,-0.044858,-0.044395,-0.090372
0.358082,-0.045682,-0.045223,-0.091203
0.333171,-0.044858,-0.044395,-0.090372
0.333173,-0.044858,-0.044394,-0.090372
0.333174,-0.044858,-0.045223,-0.090372
0.333175,-0.044034,-0.044394,-0.090371
0.333176,-0.044858,-0.045223,-0.091202
0.333177,-0.044034,-0.044394,-0.089540
0.358092,-0.044858,-0.045223,-0.091202
0.308266,-0.043210,-0.044394,-0.090371
0.333181,-0.044858,-0.045222,-0.091202
0.283357,-0.044034,-0.044394,-0.090371
0.333184,-0.044858,-0.045222,-0.091202
0.333186,-0.044858,-0.044394,-0.090371
0.333188,-0.045682,-0.045222,-0.091202
0.308277,-0.044858,-0.044394,-0.091202
0.333191,-0.045682,-0.046051,-0.091202
0.308279,-0.044858,-0.045222,-0.091202
0.308283,-0.045682,-0.046050,-0.091202
0.308284,-0.045682,-0.046050,-0.091202
0.308286,-0.044858,-0.044394,-0.090371
0.308288,-0.045682,-0.045222,-0.091202
0.308290,-0.044858,-0.044394,-0.090371
0.333205,-0.046506,-0.045222,-0.091202
0.308295,-0.045682,-0.044394,-0.090370
0.308297,-0.046506,-0.045222,-0.091202
0.308298,-0.044858,-0.044394,-0.090370
0.333213,-0.046506,-0.045222,-0.091201
0.333215,-0.045682,-0.044394,-0.090370
0.358129,-0.046506,-0.045222,-0.091201
0.333218,-0.045682,-0.044394,-0.090370
0.333219,-0.045682,-0.045222,-0.090370
0.333219,-0.045682,-0.045222,-0.090370
0.333220,-0.044858,-0.044394,-0.090370
0.333220,-0.045682,-0.045222,-0.091201
0.308309,-0.044858,-0.045222,-0.089539
0.333224,-0.045682,-0.046050,-0.091201
0.308311,-0.044033,-0.045222,-0.089539
0.333226,-0.045682,-0.045222,-0.091201
0.333227,-0.044858,-0.044394,-0.090370
0.333228,-0.045682,-0.045222,-0.091201
0.308316,-0.044857,-0.044394,-0.089539
0.358142,-0.044857,-0.045222,-0.091201
0.358142,-0.044857,-0.045222,-0.090370
0.358142,-0.045682,-0.045222,-0.091201
0.358143,-0.044857,-0.045222,-0.091201
0.308319,-0.044857,-0.044394,-0.090370
0.308320,-0.045682,-0.045222,-0.091201
0.333233,-0.044857,-0.044394,-0.090369
0.333233,-0.046506,-0.046050,-0.091201
0.358148,-0.045682,-0.045222,-0.091201
0.358148,-0.046506,-0.045222,-0.092032
0.358150,-0.044857,-0.045222,-0.091200
0.358150,-0.045681,-0.046050,-0.091200
0.333237,-0.044857,-0.045222,-0.090369
0.358151,-0.046506,-0.045222,-0.091200
0.333238,-0.044857,-0.044394,-0.089538
0.358153,-0.045681,-0.045222,-0.091200
0.333240,-0.044857,-0.045222,-0.091200
0.333241,-0.045681,-0.046050,-0.091200
0.308329,-0.044857,-0.044394,-0.090369
0.333243,-0.045681,-0.044394,-0.092031
0.308331,-0.044857,-0.044394,-0.090369
0.333247,-0.045681,-0.045222,-0.091200
0.333249,-0.044857,-0.044394,-0.091200
0.333250,-0.045681,-0.044394,-0.091200
0.308338,-0.044857,-0.044394,-0.090369
0.333253,-0.044857,-0.045222,-0.091200
0.333256,-0.044857,-0.045222,-0.091200
0.333257,-0.044857,-0.045222,-0.090369
0.308344,-0.045681,-0.045222,-0.091200
0.308346,-0.044857,-0.045222,-0.090368
0.333261,-0.045681,-0.046050,-0.091199
0.333264,-0.044857,-0.044394,-0.090368
0.358179,-0.046505,-0.045222,-0.092030
0.333268,-0.044857,-0.045222,-0.090368
0.358183,-0.045681,-0.045222,-0.091199
0.358185,-0.045681,-0.045222,-0.090368
0.333274,-0.045681,-0.046050,-0.091199
0.333276,-0.044857,-0.044394,-0.090368
0.333277,-0.045681,-0.045222,-0.092030
0.358192,-0.044857,-0.044394,-0.090368
0.333280,-0.045681,-0.045222,-0.091199
0.333282,-0.044856,-0.044394,-0.090368
0.358197,-0.045681,-0.045222,-0.091199
0.358198,-0.044856,-0.044394,-0.090368
0.358198,-0.045681,-0.046050,-0.091199
0.358199,-0.044856,-0.045222,-0.090368
0.358200,-0.045681,-0.046050,-0.091199
0.333288,-0.045680,-0.046050,-0.091199
0.358203,-0.045680,-0.046050,-0.090368
0.358205,-0.045680,-0.045222,-0.090367
0.358206,-0.045680,-0.046050,-0.091199
0.333294,-0.045680,-0.046050,-0.091198
0.333295,-0.045680,-0.045221,-0.091198
0.333297,-0.045680,-0.045221,-0.091198
0.333299,-0.045680,-0.045221,-0.090367
0.358214,-0.045680,-0.045221,-0.091198
0.358216,-0.045680,-0.046049,-0.091198
0.358218,-0.045680,-0.046049,-0.092029
0.358219,-0.044856,-0.045221,-0.091198
0.333308,-0.044856,-0.046049,-0.092029
0.308397,-0.044031,-0.045221,-0.091198
0.308399,-0.044856,-0.046049,-0.092029
0.333314,-0.044031,-0.044393,-0.090367
0.333316,-0.045680,-0.046049,-0.092029
0.333318,-0.044855,-0.044393,-0.091198
0.333321,-0.045680,-0.045221,-0.092029
0.333322,-0.044855,-0.043565,-0.092029
0.333323,-0.045679,-0.045221,-0.092029
0.333326,-0.044855,-0.044393,-0.091198
0.308416,-0.045679,-0.045221,-0.092029
0.308418,-0.044855,-0.043564,-0.091198
0.333333,-0.046503,-0.045221,-0.092029
0.308422,-0.045679,-0.044392,-0.091198
0.308425,-0.046503,-0.044392,-0.091198
0.333340,-0.044855,-0.044392,-0.091198
0.333342,-0.046503,-0.044392,-0.092860
0.308431,-0.045679,-0.043564,-0.091198
0.333346,-0.046503,-0.044392,-0.092029
0.308434,-0.045679,-0.043564,-0.092029
0.308435,-0.046503,-0.044392,-0.092860
0.358262,-0.044855,-0.043564,-0.091198
0.358264,-0.045679,-0.045220,-0.092029
0.333352,-0.044854,-0.044392,-0.090367
0.333354,-0.045679,-0.045220,-0.092029
0.333355,-0.044854,-0.044392,-0.090367
0.358271,-0.045678,-0.045220,-0.091198
0.333358,-0.044854,-0.043564,-0.090367
0.333359,-0.045678,-0.045220,-0.092029
0.308448,-0.044854,-0.044392,-0.091198
0.358276,-0.045678,-0.045220,-0.092029
0.333365,-0.044030,-0.044392,-0.091198
0.333366,-0.044854,-0.045220,-0.092029
0.308455,-0.044854,-0.044392,-0.091198
0.308458,-0.045678,-0.046048,-0.092860
0.308460,-0.044854,-0.045220,-0.091198
0.333376,-0.045678,-0.045220,-0.092029
0.308465,-0.045678,-0.045220,-0.091198
0.333380,-0.045678,-0.046048,-0.092029
0.333384,-0.045678,-0.045220,-0.091198
0.333388,-0.046502,-0.045220,-0.092029
0.333392,-0.045678,-0.044391,-0.091198
0.308481,-0.046502,-0.045219,-0.092029
0.308483,-0.045677,-0.045219,-0.091198
0.333400,-0.045677,-0.045219,-0.092029
0.333402,-0.044853,-0.044391,-0.091197
0.308491,-0.045677,-0.046047,-0.091197
0.283580,-0.044853,-0.044391,-0.090366
0.308495,-0.045677,-0.045219,-0.092029
0.308497,-0.045677,-0.044391,-0.091197
0.308497,-0.045677,-0.045219,-0.092029
0.308499,-0.044853,-0.044391,-0.091197
0.308501,-0.045677,-0.045219,-0.091197
0.308503,-0.044853,-0.044391,-0.090366
0.283591,-0.045677,-0.045219,-0.092029
0.308507,-0.044853,-0.045219,-0.091197
0.308510,-0.045677,-0.045219,-0.092029
0.308511,-0.044852,-0.044391,-0.091197
0.308514,-0.046501,-0.046047,-0.092028
0.308516,-0.045676,-0.045219,-0.091197
0.308517,-0.046501,-0.046047,-0.092860
0.308519,-0.045676,-0.045219,-0.092028
0.333434,-0.046500,-0.046047,-0.092859
0.333437,-0.045676,-0.044391,-0.091197
0.308527,-0.045676,-0.046047,-0.092859
0.308530,-0.045676,-0.045219,-0.091197
0.333445,-0.046500,-0.046047,-0.092859
0.308534,-0.044028,-0.045219,-0.091197
0.308535,-0.045676,-0.046047,-0.092028
0.308537,-0.045676,-0.045219,-0.092028
0.333453,-0.045676,-0.046047,-0.092028
0.308542,-0.045676,-0.045219,-0.091197
0.333457,-0.045676,-0.045219,-0.092028
0.333461,-0.044851,-0.044390,-0.091197
0.308551,-0.045676,-0.045219,-0.092028
0.333467,-0.044851,-0.045218,-0.091197
0.308556,-0.046500,-0.046046,-0.092028
0.333472,-0.044851,-0.045218,-0.091197
0.333474,-0.046499,-0.046046,-0.092859
0.308563,-0.045675,-0.045218,-0.091196
0.333479,-0.045675,-0.046046,-0.092027
0.308569,-0.045675,-0.046046,-0.092027
0.333485,-0.045675,-0.046046,-0.092027
0.333488,-0.045675,-0.046046,-0.092027
0.358405,-0.044851,-0.045218,-0.091196
0.333494,-0.045675,-0.045218,-0.091196
0.333497,-0.045675,-0.045218,-0.091196
0.358413,-0.046499,-0.046874,-0.092858
0.333502,-0.045675,-0.045218,-0.092027
0.358418,-0.046499,-0.046046,-0.092858
0.358421,-0.045675,-0.044390,-0.092027
0.333510,-0.046499,-0.045218,-0.093689
0.333513,-0.045675,-0.044390,-0.092027
0.358429,-0.046499,-0.045218,-0.092858
0.333518,-0.045674,-0.045218,-0.092027
0.333521,-0.046499,-0.046046,-0.092858
0.333522,-0.045674,-0.045218,-0.091196
0.333524,-0.046499,-0.046046,-0.092858
0.308613,-0.045674,-0.046046,-0.092027
0.333528,-0.046499,-0.046046,-0.093689
0.358443,-0.045674,-0.045217,-0.092027
0.358445,-0.045674,-0.046045,-0.092858
0.333534,-0.045674,-0.045217,-0.092026
0.308623,-0.046498,-0.046045,-0.092026
0.308625,-0.044850,-0.045217,-0.092026
0.333541,-0.044850,-0.045217,-0.092026
0.333544,-0.045674,-0.046045,-0.092857
0.308633,-0.044850,-0.045217,-0.092026
0.308634,-0.046498,-0.045217,-0.092857
0.333549,-0.046498,-0.045217,-0.092857
0.333550,-0.046498,-0.046045,-0.092857
0.333552,-0.046498,-0.045217,-0.091195
0.358467,-0.046498,-0.045217,-0.092026
0.358469,-0.045674,-0.046045,-0.092026
0.358471,-0.046498,-0.045217,-0.092026
0.358472,-0.045674,-0.046045,-0.092026
0.383386,-0.045674,-0.046045,-0.092026
0.358475,-0.045674,-0.046045,-0.092857
0.333563,-0.044850,-0.045217,-0.092026
0.358478,-0.046498,-0.046045,-0.092857
0.358481,-0.045674,-0.044388,-0.092026
0.358484,-0.046498,-0.046045,-0.092857
0.333573,-0.045674,-0.045216,-0.092026
0.383402,-0.046498,-0.046044,-0.092857
0.358491,-0.045674,-0.045216,-0.091195
0.358493,-0.046498,-0.046044,-0.092857
0.358495,-0.045673,-0.045216,-0.092026
0.358497,-0.046497,-0.045216,-0.092857
0.333588,-0.045673,-0.045216,-0.092026
0.333589,-0.045673,-0.045216,-0.092857
0.358504,-0.046497,-0.046044,-0.092857
0.358506,-0.045673,-0.045216,-0.092857
0.333595,-0.046497,-0.046044,-0.092857
0.358510,-0.046497,-0.045216,-0.092026
0.358511,-0.046497,-0.046044,-0.092857
0.333600,-0.045673,-0.045216,-0.092025
0.358515,-0.046497,-0.046044,-0.092856
0.358516,-0.045673,-0.046044,-0.092025
0.358518,-0.045673,-0.046044,-0.092856
0.358520,-0.044849,-0.045216,-0.092025
0.333609,-0.045673,-0.046044,-0.092856
0.333611,-0.045673,-0.045216,-0.092025
0.308700,-0.046497,-0.046872,-0.092856
0.308702,-0.045673,-0.046044,-0.092025
0.358530,-0.046497,-0.046872,-0.092856
0.308706,-0.044848,-0.046044,-0.091194
0.333621,-0.045672,-0.046044,-0.092025
0.308709,-0.044848,-0.046044,-0.092025
0.333623,-0.046496,-0.046044,-0.092856
0.308711,-0.045672,-0.045216,-0.091194
0.308712,-0.046496,-0.045216,-0.092025
0.308714,-0.045672,-0.044388,-0.091194
0.308717,-0.046496,-0.045216,-0.091194
0.333631,-0.046496,-0.046044,-0.092856
0.333631,-0.046496,-0.046044,-0.091194
0.358545,-0.047320,-0.046044,-0.092025
0.333633,-0.046496,-0.046044,-0.092025
0.358547,-0.047320,-0.046872,-0.092025
0.333636,-0.046496,-0.046044,-0.092025
0.333639,-0.047320,-0.046044,-0.092856
0.333641,-0.046496,-0.046044,-0.092025
0.333644,-0.046496,-0.046044,-0.092855
0.308731,-0.045672,-0.045216,-0.092024
0.358558,-0.045672,-0.045216,-0.092855
0.358559,-0.046496,-0.044387,-0.092855
0.333646,-0.045671,-0.045216,-0.092855
0.333647,-0.046496,-0.045216,-0.092855
0.333648,-0.045671,-0.045216,-0.092024
0.358563,-0.046496,-0.046044,-0.092024
0.333650,-0.045671,-0.045216,-0.092855
0.358564,-0.046495,-0.046044,-0.093686
0.358565,-0.045671,-0.046044,-0.092855
0.358565,-0.046495,-0.046044,-0.093686
0.358565,-0.045671,-0.045216,-0.092855
0.333652,-0.046495,-0.045216,-0.092855
0.333653,-0.046495,-0.045216,-0.092855
0.308742,-0.045671,-0.045216,-0.092855
0.333656,-0.046495,-0.046044,-0.093686
0.308744,-0.046495,-0.045216,-0.092024
0.333658,-0.047319,-0.045216,-0.092855
0.333659,-0.045671,-0.045216,-0.092024
0.333661,-0.047319,-0.046044,-0.092855
0.358575,-0.046495,-0.045215,-0.092023
0.358577,-0.046495,-0.046044,-0.092855
0.333665,-0.045671,-0.045215,-0.091192
0.358580,-0.046495,-0.046044,-0.092854
0.333668,-0.046495,-0.046043,-0.092023
0.358583,-0.046495,-0.046043,-0.092854
0.333673,-0.046495,-0.046043,-0.092023
0.358588,-0.046494,-0.046043,-0.092854
0.333677,-0.046494,-0.046043,-0.092854
0.358592,-0.045670,-0.046043,-0.092854
0.358593,-0.046494,-0.046043,-0.092854
0.358594,-0.046494,-0.045215,-0.092854
0.358595,-0.047319,-0.046043,-0.092854
0.308769,-0.046494,-0.045215,-0.092854
0.358596,-0.047318,-0.046043,-0.093685
0.358598,-0.046494,-0.044387,-0.092854
0.358600,-0.047318,-0.045215,-0.092854
0.333688,-0.046494,-0.045215,-0.092854
0.358603,-0.047318,-0.046043,-0.093685
0.333691,-0.046494,-0.045215,-0.092854
0.333692,-0.046494,-0.046043,-0.092854
0.333694,-0.046494,-0.046043,-0.092854
0.358607,-0.045670,-0.045215,-0.092023
0.333695,-0.046494,-0.046043,-0.092854
0.333697,-0.046494,-0.046043,-0.092854
0.358612,-0.047318,-0.046043,-0.092854
0.333701,-0.046494,-0.045215,-0.092854
0.358616,-0.046494,-0.046043,-0.092854
0.333704,-0.045670,-0.045215,-0.092854
0.358620,-0.047318,-0.046043,-0.092853
0.358621,-0.046494,-0.045215,-0.092022
0.358623,-0.046494,-0.045215,-0.092853
0.358625,-0.046494,-0.046043,-0.092853
0.333714,-0.045670,-0.045215,-0.092853
0.358628,-0.046494,-0.046043,-0.092853
0.358629,-0.045670,-0.045215,-0.092853
0.358630,-0.046494,-0.046043,-0.093684
0.358631,-0.046494,-0.045215,-0.092022
0.358633,-0.047318,-0.046043,-0.092853
0.358635,-0.046494,-0.045215,-0.092853
0.358636,-0.047318,-0.046043,-0.093684
0.358637,-0.045669,-0.045215,-0.092853
0.333725,-0.046493,-0.046043,-0.092853
0.358640,-0.046493,-0.045215,-0.092853
0.358641,-0.047318,-0.045215,-0.092853
0.358642,-0.046493,-0.046043,-0.092853
0.358644,-0.046493,-0.046043,-0.092853
0.358645,-0.047317,-0.046871,-0.092853
0.333734,-0.046493,-0.046043,-0.092022
0.333736,-0.047317,-0.046043,-0.092853
0.333737,-0.045669,-0.046043,-0.092022
0.358651,-0.046493,-0.046043,-0.092853
0.358653,-0.045669,-0.046043,-0.092853
0.358655,-0.046493,-0.046043,-0.093684
0.333743,-0.046493,-0.046043,-0.093684
0.358657,-0.045669,-0.044386,-0.093684
0.358659,-0.047317,-0.045215,-0.093684
0.358661,-0.046493,-0.044386,-0.092853
0.383576,-0.047317,-0.045215,-0.093684
0.358664,-0.046493,-0.045215,-0.092853
0.383580,-0.047317,-0.046043,-0.093684
0.358667,-0.046493,-0.046043,-0.092852
0.383581,-0.047317,-0.046043,-0.092852
0.383583,-0.046493,-0.045214,-0.092852
0.383585,-0.047317,-0.046043,-0.093683
0.358674,-0.046493,-0.045214,-0.092852
0.358677,-0.047317,-0.046043,-0.093683
0.358678,-0.047317,-0.046043,-0.092852
0.358679,-0.046493,-0.045214,-0.092852
0.383594,-0.047317,-0.046043,-0.093683
0.383595,-0.047317,-0.046043,-0.092852
0.358684,-0.047317,-0.046043,-0.093683
0.383600,-0.046492,-0.045214,-0.092852
0.358688,-0.047316,-0.046043,-0.094514
0.358688,-0.046492,-0.046043,-0.093683
0.358690,-0.046492,-0.046043,-0.093683
0.358691,-0.046492,-0.046043,-0.093683
0.333778,-0.047316,-0.045214,-0.093683
0.333779,-0.047316,-0.046043,-0.093683
0.358693,-0.047316,-0.045214,-0.092852
0.358696,-0.047316,-0.046043,-0.093683
0.358698,-0.046492,-0.045214,-0.092852
0.358699,-0.047316,-0.046042,-0.093683
0.383614,-0.047316,-0.045214,-0.093683
0.383615,-0.048140,-0.046042,-0.093683
0.333790,-0.047316,-0.045214,-0.092852
0.333792,-0.047316,-0.046042,-0.092852
0.358707,-0.047316,-0.045214,-0.092852
0.333796,-0.048140,-0.045214,-0.093683
0.358710,-0.048140,-0.046042,-0.093683
0.333798,-0.047316,-0.046042,-0.093683
0.358712,-0.048140,-0.046042,-0.093683
0.333800,-0.046492,-0.046042,-0.093683
0.358714,-0.047316,-0.046042,-0.093683
0.358714,-0.047316,-0.045214,-0.092852
0.358714,-0.048140,-0.046042,-0.093683
0.358715,-0.047316,-0.046042,-0.092852
0.333801,-0.046491,-0.045214,-0.092852
0.383629,-0.047316,-0.046042,-0.093683
0.358717,-0.046491,-0.046042,-0.093683
0.358717,-0.047315,-0.046870,-0.093683
0.358718,-0.046491,-0.045214,-0.092851
0.358718,-0.047315,-0.046042,-0.092851
0.383632,-0.046491,-0.045214,-0.092851
0.358719,-0.046491,-0.044386,-0.092851
0.358719,-0.046491,-0.046042,-0.093682
0.358719,-0.047315,-0.045214,-0.092851
0.333806,-0.047315,-0.045214,-0.093682
0.333806,-0.047315,-0.045214,-0.092851
0.333806,-0.047315,-0.046042,-0.094513
0.333806,-0.047315,-0.045214,-0.092851
0.358720,-0.047315,-0.045214,-0.093682
0.333807,-0.047315,-0.045214,-0.092851
0.333807,-0.046491,-0.044386,-0.092851
0.333807,-0.047315,-0.044386,-0.093682
0.333807,-0.046491,-0.046042,-0.093682
0.333807,-0.047315,-0.046042,-0.094513
0.333807,-0.046490,-0.046042,-0.092851
0.358720,-0.047315,-0.046042,-0.093682
0.358719,-0.046490,-0.045214,-0.092851
0.358719,-0.046490,-0.046042,-0.093682
0.358719,-0.046490,-0.046042,-0.093682
0.333807,-0.046490,-0.046042,-0.092851
0.358720,-0.047314,-0.046042,-0.093682
0.333808,-0.046490,-0.045214,-0.092851
0.383634,-0.047314,-0.046042,-0.093682
0.358722,-0.046490,-0.045214,-0.092851
0.358722,-0.047314,-0.045214,-0.093681
0.358723,-0.046490,-0.045214,-0.092850
0.358724,-0.047314,-0.045214,-0.094512
0.333811,-0.046490,-0.045214,-0.092850
0.358725,-0.046489,-0.046042,-0.092850
0.358725,-0.046489,-0.046042,-0.093681
0.358725,-0.046489,-0.046042,-0.092850
0.358725,-0.047313,-0.046042,-0.093681
0.358725,-0.046489,-0.046042,-0.092850
0.358725,-0.047313,-0.046042,-0.093681
0.358725,-0.047313,-0.045214,-0.092850
0.358725,-0.047313,-0.046042,-0.093681
0.358725,-0.046489,-0.046042,-0.092850
0.333812,-0.046489,-0.046042,-0.092850
0.333812,-0.047313,-0.046042,-0.093681
0.358725,-0.046489,-0.045214,-0.092850
0.358725,-0.047313,-0.046042,-0.094512
0.358725,-0.046489,-0.046042,-0.092850
0.358725,-0.047313,-0.046042,-0.093681
0.358725,-0.045665,-0.045214,-0.092850
0.358725,-0.046489,-0.046042,-0.093681
0.333813,-0.045664,-0.045214,-0.092850
0.358727,-0.046489,-0.046042,-0.092850
0.358727,-0.046489,-0.046042,-0.092850
0.358728,-0.046488,-0.045214,-0.092850
0.358729,-0.048137,-0.046042,-0.094512
0.358730,-0.046488,-0.045214,-0.092849
0.358729,-0.047312,-0.046042,-0.093680
0.358729,-0.046488,-0.045214,-0.093680
0.358730,-0.046488,-0.046042,-0.093680
0.333818,-0.046488,-0.045213,-0.093680
0.358731,-0.046488,-0.045213,-0.092849
0.358733,-0.047312,-0.045213,-0.094511
0.358734,-0.046488,-0.045213,-0.093680
0.358734,-0.047312,-0.045213,-0.094511
0.333821,-0.046488,-0.045213,-0.093680
0.358736,-0.046488,-0.046042,-0.094511
0.333824,-0.046488,-0.046041,-0.094511
0.358739,-0.047312,-0.046041,-0.094511
0.333828,-0.046488,-0.045213,-0.092849
0.358741,-0.048136,-0.046041,-0.093680
0.358743,-0.047312,-0.046041,-0.092849
0.358745,-0.046488,-0.045213,-0.093680
0.358746,-0.046488,-0.046041,-0.094511
0.358747,-0.046488,-0.045213,-0.094511
0.358749,-0.046488,-0.046869,-0.094511
0.358750,-0.045663,-0.046041,-0.092849
0.333839,-0.046487,-0.046041,-0.093680
0.333840,-0.046487,-0.045213,-0.093679
0.333842,-0.047312,-0.046041,-0.094511
0.333843,-0.046487,-0.045213,-0.093679
0.358757,-0.047311,-0.046041,-0.093679
0.333845,-0.046487,-0.045213,-0.094510
0.333846,-0.046487,-0.046041,-0.094510
0.333848,-0.046487,-0.046041,-0.094510
0.333850,-0.045663,-0.045213,-0.094510
0.358765,-0.046487,-0.046041,-0.095341
0.333854,-0.046487,-0.045213,-0.094510
0.358768,-0.046487,-0.046041,-0.095341
0.358768,-0.045663,-0.045213,-0.094510
0.358768,-0.046487,-0.045212,-0.094510
0.358769,-0.045663,-0.046041,-0.094510
0.333858,-0.045663,-0.046040,-0.094510
0.358773,-0.046487,-0.046869,-0.095341
0.358775,-0.046487,-0.045212,-0.093679
0.358777,-0.047311,-0.046040,-0.094510
0.358779,-0.045663,-0.045212,-0.094510
0.383694,-0.045663,-0.046040,-0.094510
0.333870,-0.045663,-0.046040,-0.093679
0.358785,-0.045662,-0.046040,-0.093679
0.358787,-0.046487,-0.046040,-0.094510
0.358789,-0.045662,-0.046040,-0.093679
0.358791,-0.046487,-0.046040,-0.094510
0.358792,-0.046487,-0.045212,-0.094510
0.358794,-0.047311,-0.046040,-0.094510
0.333882,-0.046486,-0.044384,-0.093679
0.358796,-0.047311,-0.045212,-0.094510
0.383712,-0.047310,-0.045212,-0.094510
0.358801,-0.046486,-0.045212,-0.094510
0.358803,-0.047310,-0.046040,-0.094510
0.358805,-0.046486,-0.045211,-0.093679
0.383720,-0.047310,-0.046040,-0.095341
0.358808,-0.046486,-0.044383,-0.094510
0.358810,-0.046486,-0.045211,-0.094510
0.358812,-0.047310,-0.046039,-0.094510
0.358814,-0.046486,-0.045211,-0.093678
0.358815,-0.047310,-0.046039,-0.094509
0.383731,-0.047310,-0.045211,-0.094509
0.383732,-0.047310,-0.046039,-0.094509
0.358821,-0.047310,-0.045211,-0.094509
0.358822,-0.047310,-0.044383,-0.094509
0.383736,-0.048134,-0.046039,-0.094509
0.333912,-0.047310,-0.044383,-0.093678
0.358827,-0.047310,-0.045211,-0.094509
0.358829,-0.046486,-0.044383,-0.094509
0.358831,-0.047310,-0.045211,-0.095340
0.358834,-0.047310,-0.044383,-0.094509
0.333921,-0.047310,-0.045211,-0.094509
0.333922,-0.047310,-0.045211,-0.095340
0.358837,-0.046485,-0.044383,-0.095340
0.358839,-0.047310,-0.045211,-0.096171
0.358842,-0.046486,-0.045211,-0.095340
0.358844,-0.047310,-0.046039,-0.095339
0.358846,-0.046486,-0.045211,-0.094508
0.358848,-0.047310,-0.046039,-0.095339
0.358850,-0.047310,-0.044382,-0.094508
0.333939,-0.047310,-0.045210,-0.095339
0.333942,-0.046485,-0.044382,-0.094508
0.358857,-0.047310,-0.044382,-0.094508
0.358859,-0.048134,-0.045210,-0.095339
0.358861,-0.047309,-0.044382,-0.094508
0.358863,-0.048134,-0.046038,-0.095339
0.333953,-0.047309,-0.045210,-0.094508
0.333956,-0.047309,-0.045210,-0.095339
0.333957,-0.047309,-0.046038,-0.095339
0.333959,-0.046485,-0.046038,-0.094508
0.358874,-0.047309,-0.046038,-0.095339
0.309049,-0.047309,-0.045210,-0.093677
0.358878,-0.048133,-0.046038,-0.094508
0.358880,-0.047309,-0.046038,-0.094508
0.358882,-0.047309,-0.046038,-0.095339
0.358883,-0.047309,-0.046038,-0.094508
0.333971,-0.046485,-0.045210,-0.094508
0.358885,-0.047309,-0.045210,-0.094508
0.358887,-0.047309,-0.045210,-0.094508
0.383802,-0.048133,-0.046038,-0.095339
0.383804,-0.047309,-0.046038,-0.094507
0.358893,-0.047309,-0.046038,-0.094507
0.358895,-0.046485,-0.046038,-0.094507
0.358897,-0.046484,-0.046038,-0.094507
0.358899,-0.047309,-0.046038,-0.094507
0.358901,-0.046484,-0.045209,-0.094507
0.358903,-0.047308,-0.046037,-0.095338
0.358906,-0.046484,-0.045209,-0.094507
0.358908,-0.047308,-0.046037,-0.095338
0.358910,-0.046484,-0.045209,-0.094507
0.358912,-0.046484,-0.045209,-0.094507
0.358915,-0.047308,-0.046037,-0.095338
0.358918,-0.046484,-0.045209,-0.094507
0.383834,-0.046484,-0.046037,-0.095338
0.358924,-0.046484,-0.045209,-0.094506
0.383839,-0.046484,-0.046037,-0.094506
0.358928,-0.046484,-0.046037,-0.094506
0.358930,-0.046484,-0.046037,-0.095338
0.358931,-0.046484,-0.046037,-0.095337
0.358932,-0.045660,-0.046037,-0.094506
0.358934,-0.046484,-0.046037,-0.094506
0.358934,-0.045659,-0.046037,-0.094506
0.358936,-0.046484,-0.046037,-0.094506
0.358938,-0.046484,-0.046037,-0.094506
0.334025,-0.045659,-0.046037,-0.094506
0.334026,-0.047308,-0.046037,-0.095337
0.358940,-0.046483,-0.045209,-0.094506
0.358943,-0.047308,-0.046037,-0.094506
0.334031,-0.046483,-0.045209,-0.094506
0.358946,-0.046483,-0.045209,-0.094506
0.358949,-0.046483,-0.046037,-0.095337
0.358950,-0.045659,-0.045209,-0.094506
0.358952,-0.046483,-0.046037,-0.095337
0.358955,-0.045659,-0.046037,-0.094506
0.358958,-0.046483,-0.046037,-0.094506
0.358959,-0.046483,-0.046037,-0.093675
0.358960,-0.046483,-0.046037,-0.095337
0.358961,-0.046483,-0.046036,-0.095337
0.358963,-0.046483,-0.046036,-0.094506
0.358965,-0.047307,-0.046036,-0.095337
0.358967,-0.047307,-0.046036,-0.094506
0.358968,-0.048131,-0.046864,-0.095337
0.358969,-0.047307,-0.046036,-0.094506
0.358970,-0.047307,-0.046864,-0.096168
0.358971,-0.047307,-0.046036,-0.095337
0.383886,-0.047307,-0.046036,-0.095337
0.358973,-0.047307,-0.046036,-0.095337
0.383886,-0.047307,-0.046036,-0.095337
0.383887,-0.047307,-0.046036,-0.096168
0.383887,-0.046482,-0.046036,-0.095337
0.358975,-0.046483,-0.046036,-0.095337
0.358977,-0.046483,-0.046036,-0.095337
0.358979,-0.046483,-0.045208,-0.094506
0.358981,-0.047307,-0.046036,-0.095337
0.358983,-0.046483,-0.046036,-0.094506
0.383896,-0.047307,-0.046036,-0.095337
0.358984,-0.046483,-0.045208,-0.094506
0.383897,-0.047307,-0.046036,-0.094506
0.358985,-0.047307,-0.046036,-0.094506
0.383899,-0.046482,-0.045208,-0.094506
0.383900,-0.047307,-0.046036,-0.095337
0.358988,-0.047306,-0.045207,-0.094506
0.383903,-0.047306,-0.046035,-0.095337
0.358991,-0.046482,-0.045207,-0.094506
0.358993,-0.047306,-0.045207,-0.095337
0.358994,-0.046482,-0.046035,-0.095337
0.358994,-0.046482,-0.045207,-0.094506
0.358995,-0.047306,-0.045207,-0.095337
0.358996,-0.047306,-0.045207,-0.094506
0.358998,-0.047306,-0.046035,-0.095337
0.334086,-0.046482,-0.046035,-0.094506
0.334086,-0.046482,-0.045207,-0.094506
0.359001,-0.047306,-0.046035,-0.094506
0.359001,-0.045657,-0.046035,-0.094505
0.359003,-0.046482,-0.046035,-0.094505
0.334091,-0.046482,-0.045207,-0.094505
0.334094,-0.046482,-0.046035,-0.095337
0.334095,-0.046482,-0.045207,-0.094505
0.334096,-0.046482,-0.046035,-0.094505
0.359010,-0.047306,-0.046035,-0.094505
0.334098,-0.046482,-0.045207,-0.094505
0.359012,-0.047306,-0.046035,-0.095336
0.359011,-0.046481,-0.045207,-0.094505
0.334099,-0.046481,-0.046035,-0.094505
0.334101,-0.046481,-0.046035,-0.095336
0.359014,-0.046481,-0.046035,-0.095336
0.359014,-0.046481,-0.045207,-0.094505
0.359014,-0.046481,-0.045207,-0.095336
0.359015,-0.046481,-0.046035,-0.095336
0.359015,-0.047305,-0.046035,-0.095336
0.359015,-0.046481,-0.046035,-0.094505
0.359015,-0.046481,-0.046035,-0.094505
0.359015,-0.046481,-0.046035,-0.095336
0.334101,-0.046481,-0.046035,-0.094505
0.334101,-0.047305,-0.046035,-0.095336
0.334100,-0.046481,-0.046035,-0.094505
0.334100,-0.047305,-0.046035,-0.095336
0.334101,-0.046481,-0.046035,-0.094505
0.334101,-0.046481,-0.046035,-0.094505
0.334101,-0.046481,-0.046035,-0.095336
0.334100,-0.045657,-0.046035,-0.095336
0.359013,-0.046481,-0.046035,-0.094505
0.359013,-0.046481,-0.046035,-0.094505
0.359013,-0.047305,-0.046863,-0.095336
0.334101,-0.046481,-0.046035,-0.094505
0.309189,-0.045657,-0.046035,-0.094505
0.334103,-0.047305,-0.046863,-0.095336
0.334104,-0.046481,-0.046035,-0.094505
0.334105,-0.047305,-0.046863,-0.096167
0.334106,-0.046481,-0.046035,-0.095336
0.309194,-0.046481,-0.046035,-0.095336
0.334108,-0.046481,-0.046035,-0.095336
0.334109,-0.046481,-0.045207,-0.094505
0.334110,-0.047305,-0.046035,-0.095336
0.334111,-0.046481,-0.046035,-0.095336
0.359026,-0.047305,-0.046863,-0.095336
0.334113,-0.046481,-0.046035,-0.094505
0.334114,-0.046481,-0.046035,-0.095336
0.359028,-0.046481,-0.046863,-0.095336
0.334117,-0.046481,-0.046035,-0.095336
0.359032,-0.047305,-0.046035,-0.096167
0.359033,-0.046481,-0.046035,-0.095336
0.359033,-0.046481,-0.046035,-0.095336
0.359034,-0.045657,-0.046035,-0.095336
0.334121,-0.045657,-0.046035,-0.095336
0.334121,-0.046481,-0.046863,-0.096167
0.359035,-0.045657,-0.046035,-0.095336
0.359036,-0.046481,-0.046035,-0.095336
0.359037,-0.045657,-0.046035,-0.094505
0.334125,-0.046481,-0.046035,-0.095336
0.334126,-0.047305,-0.046035,-0.094505
0.359040,-0.047305,-0.046863,-0.095336
0.359042,-0.046481,-0.046863,-0.094505
0.359044,-0.046481,-0.046035,-0.095336
0.359045,-0.046481,-0.046863,-0.095336
0.334133,-0.046481,-0.046035,-0.095336
0.334134,-0.047305,-0.046863,-0.095336
0.334135,-0.046481,-0.046035,-0.094505
0.359049,-0.047305,-0.046035,-0.096167
0.359050,-0.047305,-0.046034,-0.095336
0.334139,-0.046480,-0.046034,-0.095336
0.334141,-0.046480,-0.046034,-0.095336
0.359055,-0.046480,-0.046863,-0.096167
0.334144,-0.046480,-0.046034,-0.094504
0.359058,-0.046480,-0.046034,-0.096167
0.359060,-0.047305,-0.046035,-0.095335
0.334148,-0.046480,-0.046035,-0.095335
0.359063,-0.047305,-0.046863,-0.096166
0.359065,-0.046480,-0.046035,-0.095335
0.359066,-0.047305,-0.046863,-0.096166
0.359068,-0.046480,-0.046034,-0.095335
0.334156,-0.047305,-0.046862,-0.096166
0.359071,-0.045656,-0.046034,-0.095335
0.359073,-0.047305,-0.046034,-0.095335
0.359074,-0.046480,-0.046034,-0.095335
0.359075,-0.047305,-0.045206,-0.095335
0.359076,-0.047305,-0.046034,-0.095335
0.334164,-0.047305,-0.046034,-0.095335
0.359079,-0.047305,-0.046862,-0.095335
0.334168,-0.046480,-0.046034,-0.095335
0.359083,-0.047304,-0.046034,-0.095335
0.359084,-0.046480,-0.045206,-0.095335
0.359085,-0.047304,-0.046034,-0.096166
0.334174,-0.045656,-0.046034,-0.094504
0.334175,-0.046480,-0.046034,-0.095335
0.359089,-0.046480,-0.046034,-0.095335
0.359091,-0.046480,-0.046034,-0.095335
0.334180,-0.046480,-0.046034,-0.094504
0.309268,-0.047304,-0.045206,-0.095335
0.334182,-0.047304,-0.045206,-0.095335
0.309271,-0.046480,-0.046034,-0.095334
0.309272,-0.047304,-0.046034,-0.095334
0.309272,-0.047304,-0.046034,-0.095334
0.334188,-0.047304,-0.046034,-0.096165
0.334189,-0.045656,-0.046034,-0.095334
0.359105,-0.047304,-0.046034,-0.096165
0.359109,-0.047304,-0.046034,-0.096165
0.334198,-0.047304,-0.046033,-0.096165
0.334201,-0.047304,-0.046033,-0.095334
0.309290,-0.046480,-0.046862,-0.096165
0.334205,-0.047304,-0.046033,-0.096165
0.334207,-0.046480,-0.046861,-0.095334
0.334208,-0.048128,-0.046861,-0.096165
0.334209,-0.047304,-0.046033,-0.095334
0.334210,-0.047304,-0.046861,-0.096165
0.334211,-0.047304,-0.046033,-0.096165
0.309300,-0.047304,-0.046033,-0.095334
0.334215,-0.047304,-0.046861,-0.096165
0.309303,-0.047304,-0.046861,-0.095334
0.359130,-0.048128,-0.046861,-0.095334
0.359131,-0.047304,-0.046861,-0.095334
0.359132,-0.048128,-0.046861,-0.095334
0.359133,-0.048128,-0.046033,-0.095334
0.334222,-0.048128,-0.046861,-0.095334
0.359136,-0.048952,-0.046861,-0.095334
0.334225,-0.047304,-0.046033,-0.094503
0.334225,-0.048128,-0.046033,-0.096165
0.334227,-0.047304,-0.046033,-0.095334
0.359141,-0.047304,-0.046033,-0.095334
0.359141,-0.048128,-0.046861,-0.096165
0.309314,-0.047304,-0.046033,-0.095334
0.359142,-0.047304,-0.046033,-0.096165
0.334228,-0.047304,-0.046033,-0.095333
0.359143,-0.047304,-0.046033,-0.095333
0.359143,-0.047304,-0.046033,-0.096164
0.359144,-0.047304,-0.046033,-0.095333
0.359146,-0.047304,-0.046861,-0.096164
0.359147,-0.047304,-0.046861,-0.096164
0.359148,-0.048128,-0.046861,-0.096995
0.359150,-0.047304,-0.046861,-0.096164
0.359152,-0.047304,-0.046861,-0.096164
0.359155,-0.047304,-0.046032,-0.095333
0.359157,-0.047304,-0.046861,-0.095333
0.359160,-0.047304,-0.046861,-0.096164
0.359162,-0.047304,-0.046032,-0.095333
0.359163,-0.047303,-0.046032,-0.095333
0.359164,-0.047303,-0.046032,-0.095333
0.334252,-0.048128,-0.046860,-0.096164
0.334254,-0.047303,-0.046032,-0.095333
0.359168,-0.047303,-0.046032,-0.096164
0.334257,-0.046479,-0.046032,-0.095333
0.334260,-0.047303,-0.046032,-0.096164
0.359175,-0.046479,-0.046032,-0.096164
0.334265,-0.046479,-0.046860,-0.096164
0.334267,-0.047303,-0.046860,-0.096164
0.334268,-0.046479,-0.046032,-0.095333
0.309357,-0.047303,-0.046032,-0.095333
0.334272,-0.046479,-0.046032,-0.095333
0.359188,-0.047303,-0.046032,-0.096164
0.309364,-0.046479,-0.046032,-0.095332
0.334279,-0.047303,-0.046032,-0.095332
0.309368,-0.046479,-0.046032,-0.095332
0.334285,-0.046479,-0.046032,-0.096163
0.334285,-0.047303,-0.046032,-0.095332
0.359201,-0.046479,-0.046032,-0.095332
0.309376,-0.046479,-0.046032,-0.095332
0.334290,-0.047303,-0.046032,-0.095332
0.309379,-0.047303,-0.046860,-0.095332
0.309380,-0.046479,-0.046032,-0.095332
0.334295,-0.047303,-0.046032,-0.095332
0.359209,-0.047303,-0.046032,-0.095332
0.359211,-0.046479,-0.046032,-0.095332
0.359213,-0.046479,-0.046860,-0.096163
0.334302,-0.046479,-0.046031,-0.096163
0.334304,-0.046479,-0.046031,-0.096163
0.359219,-0.047303,-0.046031,-0.095332
0.359221,-0.046479,-0.046031,-0.095332
0.359224,-0.047303,-0.046859,-0.095332
0.359227,-0.046479,-0.046031,-0.095332
0.359229,-0.045654,-0.046031,-0.095332
0.334319,-0.046479,-0.046031,-0.095332
0.359233,-0.046479,-0.046031,-0.095332
0.334323,-0.045654,-0.046859,-0.095332
0.359238,-0.046479,-0.047687,-0.095332
0.359240,-0.046479,-0.046859,-0.095332
0.334328,-0.046479,-0.046031,-0.095332
0.334331,-0.047303,-0.046859,-0.095332
0.359246,-0.046478,-0.046859,-0.095332
0.359249,-0.047303,-0.046859,-0.096163
0.334337,-0.046478,-0.046859,-0.095332
0.334338,-0.047303,-0.046859,-0.096163
0.334339,-0.046478,-0.046859,-0.095332
0.359254,-0.046478,-0.046859,-0.095332
0.359256,-0.046478,-0.046859,-0.096163
0.334345,-0.045654,-0.046031,-0.095332
0.359260,-0.046478,-0.046859,-0.096163
0.359262,-0.046478,-0.046859,-0.095332
0.334350,-0.046478,-0.046031,-0.095332
0.334351,-0.047303,-0.046859,-0.095332
0.359266,-0.046478,-0.046030,-0.096163
0.359268,-0.047302,-0.046859,-0.095332
0.334358,-0.046478,-0.046030,-0.096163
0.359273,-0.046478,-0.046030,-0.095332
0.334361,-0.046478,-0.046858,-0.096163
0.309448,-0.046478,-0.046030,-0.095332
0.334362,-0.046478,-0.046030,-0.096163
0.334363,-0.046478,-0.046030,-0.096163
0.359279,-0.047302,-0.046030,-0.096163
0.359282,-0.046478,-0.046030,-0.095331
0.359284,-0.047302,-0.046030,-0.096163
0.334373,-0.046478,-0.046030,-0.095331
0.359288,-0.047302,-0.046030,-0.095331
0.359290,-0.046478,-0.046030,-0.094500
0.359291,-0.046478,-0.046858,-0.095331
0.359293,-0.046478,-0.046858,-0.095331
0.359295,-0.046478,-0.046030,-0.095331
0.359296,-0.047302,-0.046858,-0.095331
0.359298,-0.047302,-0.046030,-0.095331
0.359299,-0.047302,-0.046858,-0.096162
0.359300,-0.046478,-0.046030,-0.095331
0.334388,-0.046478,-0.046030,-0.095331
0.334389,-0.046478,-0.046858,-0.095331
0.309479,-0.046478,-0.046858,-0.094500
0.334392,-0.047302,-0.046030,-0.095331
0.309480,-0.046478,-0.046030,-0.095331
0.309480,-0.047302,-0.046858,-0.095331
0.309481,-0.047302,-0.046030,-0.095331
0.309482,-0.046478,-0.046030,-0.095331
0.309482,-0.047302,-0.046858,-0.095331
0.309483,-0.047302,-0.046030,-0.094500
0.334396,-0.047302,-0.046858,-0.096162
0.334397,-0.047302,-0.046858,-0.095331
0.334398,-0.047302,-0.046030,-0.095331
0.334399,-0.048126,-0.046858,-0.095330
0.309487,-0.048126,-0.046858,-0.095330
0.334402,-0.048126,-0.046030,-0.095330
0.359318,-0.048126,-0.046030,-0.094499
0.334405,-0.047302,-0.046030,-0.095330
0.359319,-0.047302,-0.046858,-0.096162
0.359321,-0.047302,-0.046029,-0.095330
0.334409,-0.047302,-0.046858,-0.095330
0.359322,-0.047302,-0.046857,-0.095330
0.334411,-0.047302,-0.046857,-0.095330
0.334412,-0.047302,-0.046857,-0.095330
0.334414,-0.046478,-0.046857,-0.095330
0.309502,-0.048126,-0.046857,-0.095330
0.334417,-0.047302,-0.046029,-0.094499
0.334418,-0.047302,-0.046857,-0.095330
0.334420,-0.047302,-0.046029,-0.094499
0.334420,-0.046477,-0.046857,-0.094499
0.359336,-0.047301,-0.046857,-0.095330
0.359338,-0.047301,-0.046857,-0.095330
0.359341,-0.047301,-0.047685,-0.095330
0.334429,-0.047301,-0.046857,-0.095330
0.334431,-0.047301,-0.047685,-0.095330
0.359346,-0.047301,-0.047685,-0.096161
0.334435,-0.046477,-0.047685,-0.095330
0.334437,-0.047301,-0.048513,-0.095330
0.309526,-0.047301,-0.047685,-0.095330
0.334442,-0.047301,-0.046857,-0.095330
0.334444,-0.047301,-0.047685,-0.096161
0.359359,-0.047301,-0.046857,-0.094499
0.309534,-0.048125,-0.047685,-0.095330
0.359362,-0.047301,-0.046857,-0.095330
0.359363,-0.047301,-0.046857,-0.095330
0.359365,-0.048125,-0.047685,-0.096161
0.359367,-0.047301,-0.046857,-0.095330
0.359368,-0.047301,-0.047685,-0.095330
0.359370,-0.048125,-0.046857,-0.095330
0.309546,-0.048125,-0.047685,-0.095330
0.309548,-0.048125,-0.047685,-0.095330
0.334462,-0.047301,-0.047685,-0.094499
0.359377,-0.048125,-0.047685,-0.095330
0.334466,-0.047301,-0.046857,-0.095330
0.359382,-0.048125,-0.047685,-0.096161
0.334472,-0.047301,-0.046857,-0.095330
0.359387,-0.047301,-0.046856,-0.095330
0.359390,-0.047301,-0.047685,-0.096161
0.334479,-0.047301,-0.046856,-0.095330
0.334481,-0.047301,-0.046856,-0.095330
0.334483,-0.046476,-0.046856,-0.095330
0.334485,-0.048125,-0.046856,-0.095330
0.359401,-0.048125,-0.046856,-0.096161
0.359403,-0.047300,-0.046856,-0.095330
0.359405,-0.048125,-0.047684,-0.096161
0.359407,-0.046476,-0.046856,-0.095330
0.359408,-0.046476,-0.046856,-0.095330
0.359410,-0.047300,-0.046856,-0.095329
0.334498,-0.047300,-0.046856,-0.095329
0.359414,-0.048124,-0.047684,-0.096160
0.359415,-0.047300,-0.046856,-0.094498
0.359417,-0.048124,-0.047684,-0.095329
0.359418,-0.047300,-0.047684,-0.095329
0.359420,-0.048124,-0.048512,-0.096160
0.359422,-0.047300,-0.047684,-0.095329
0.384337,-0.048124,-0.047684,-0.096160
0.359426,-0.047300,-0.047684,-0.095329
0.359428,-0.047300,-0.047684,-0.096160
0.359430,-0.047300,-0.047684,-0.095329
0.359432,-0.047300,-0.047684,-0.095329
0.359434,-0.047300,-0.047684,-0.096160
0.334522,-0.046476,-0.046856,-0.095329
0.359437,-0.048124,-0.047684,-0.096160
0.359439,-0.046476,-0.047684,-0.095329
0.359442,-0.047300,-0.047684,-0.096160
0.359445,-0.047300,-0.047684,-0.095329
0.334535,-0.047300,-0.047684,-0.096160
0.334537,-0.047300,-0.047684,-0.095329
0.309626,-0.046476,-0.046856,-0.095329
0.334541,-0.048124,-0.046856,-0.096160
0.334543,-0.047300,-0.046856,-0.095329
0.334545,-0.047300,-0.046856,-0.095329
0.359461,-0.047300,-0.046856,-0.095328
0.309638,-0.047300,-0.046856,-0.095328
0.309640,-0.047300,-0.047684,-0.096159
0.309644,-0.047300,-0.046855,-0.095328
0.309647,-0.046476,-0.046855,-0.095328
0.309650,-0.046476,-0.046855,-0.095328
0.309653,-0.047300,-0.046855,-0.095328
0.334570,-0.047300,-0.046855,-0.096159
0.309658,-0.046476,-0.046855,-0.095328
0.334574,-0.048124,-0.047683,-0.096159
0.359490,-0.047300,-0.046855,-0.095328
0.334578,-0.047300,-0.046855,-0.095328
0.334581,-0.048124,-0.047683,-0.096159
0.334583,-0.048124,-0.046855,-0.095328
0.359498,-0.048124,-0.046855,-0.096159
0.359499,-0.048124,-0.046027,-0.095328
0.359500,-0.048124,-0.046855,-0.096159
0.359501,-0.047300,-0.046027,-0.096159
0.309675,-0.047300,-0.046855,-0.096159
0.359501,-0.047300,-0.046855,-0.096990
0.334590,-0.047300,-0.046855,-0.096159
0.359504,-0.047300,-0.046855,-0.096158
0.359506,-0.047300,-0.046855,-0.096158
0.359508,-0.048124,-0.046855,-0.096158
0.334595,-0.047300,-0.046855,-0.095327
0.359511,-0.047300,-0.046855,-0.095327
0.359512,-0.047300,-0.046855,-0.096158
0.334600,-0.047300,-0.046855,-0.096158
0.359514,-0.047300,-0.046855,-0.096158
0.359515,-0.047300,-0.046027,-0.096158
0.334604,-0.047300,-0.046855,-0.096158
0.334606,-0.047300,-0.046855,-0.096158
0.359520,-0.047300,-0.046026,-0.096158
0.309696,-0.047300,-0.046854,-0.096158
0.334610,-0.047300,-0.046855,-0.095327
0.309698,-0.047300,-0.046855,-0.095327
0.334614,-0.048124,-0.046855,-0.096158
0.334614,-0.047300,-0.046026,-0.095327
