Current (A),Voltage_B1(V),Voltage_B2(V),Voltage_B3(V)
1.625240,4.136432,4.184576,4.242671
1.625240,4.138904,4.186232,4.244333
1.624418,4.137256,4.186232,4.245164
1.626062,4.138080,4.182920,4.245164
1.622774,4.138080,4.184576,4.243502
1.623596,4.138080,4.185404,4.245164
1.622774,4.138080,4.185404,4.245164
1.621952,4.138904,4.184576,4.245164
1.625240,4.138904,4.185404,4.246827
1.626062,4.138904,4.185404,4.245995
1.624418,4.138080,4.185404,4.246827
1.626884,4.137256,4.184576,4.245995
1.626062,4.137256,4.184576,4.245164
1.626062,4.138080,4.185404,4.246827
1.626062,4.137256,4.183748,4.244333
1.627706,4.138080,4.185404,4.245995
1.626884,4.136432,4.184576,4.245995
1.625240,4.139728,4.183748,4.245995
1.625240,4.138080,4.184576,4.245995
1.624418,4.138904,4.185404,4.245995
1.623596,4.138080,4.184576,4.245995
1.623596,4.138080,4.185404,4.245164
1.626062,4.138080,4.185404,4.245995
1.624418,4.138904,4.185404,4.244333
1.625240,4.137256,4.185404,4.244333
1.624418,4.137256,4.185404,4.244333
1.628529,4.139728,4.184576,4.246827
1.623596,4.136432,4.183748,4.243502
1.623596,4.138904,4.185404,4.245164
1.623596,4.130663,4.177951,4.237685
1.629351,4.129014,4.175467,4.233529
1.632639,4.130663,4.176295,4.235192
1.633461,4.128190,4.175467,4.234360
1.630173,4.129014,4.175467,4.233529
1.632639,4.129014,4.175467,4.232698
1.632639,4.128190,4.175467,4.233529
1.631817,4.123245,4.168014,4.226050
1.633461,4.117476,4.164702,4.221894
1.634284,4.119949,4.164702,4.222725
1.634284,4.119124,4.163873,4.222725
1.635106,4.119124,4.163873,4.222725
1.635106,4.119124,4.165530,4.222725
1.634284,4.119124,4.164702,4.221063
1.634284,4.119124,4.164702,4.221894
1.634284,4.118300,4.165530,4.221894
1.633461,4.119124,4.164702,4.221894
1.631817,4.119124,4.164702,4.221894
1.633461,4.118300,4.164702,4.222725
1.635106,4.119124,4.166358,4.221894
1.637572,4.119124,4.165530,4.222725
1.634284,4.119124,4.163873,4.221063
1.635106,4.118300,4.164702,4.221894
1.635106,4.119124,4.164702,4.222725
1.636750,4.119949,4.164702,4.222725
1.634284,4.117476,4.163873,4.221894
1.636750,4.119949,4.163873,4.223557
1.634284,4.120773,4.165530,4.221894
1.632639,4.119124,4.164702,4.222725
1.633461,4.119124,4.165530,4.223557
1.633461,4.118300,4.164702,4.222725
1.632639,4.113355,4.159733,4.216077
1.635106,4.107586,4.152280,4.209428
1.635106,4.107586,4.153936,4.209428
1.637572,4.103466,4.148139,4.202780
1.640038,4.095224,4.143171,4.197793
1.640861,4.098521,4.143999,4.197793
1.640038,4.098521,4.143171,4.198624
1.640038,4.098521,4.143999,4.197793
1.639216,4.096872,4.144827,4.197793
1.640861,4.099345,4.143999,4.197793
1.644149,4.086982,4.134061,4.186158
1.643327,4.085334,4.132405,4.184496
1.645793,4.088631,4.133233,4.186158
1.643327,4.087807,4.132405,4.186989
1.641683,4.087807,4.133233,4.186158
1.643327,4.086982,4.134061,4.186989
1.643327,4.083686,4.129093,4.182003
1.645793,4.076268,4.120812,4.172861
1.648260,4.076268,4.122468,4.173692
1.650726,4.077093,4.124124,4.172030
1.645793,4.076268,4.122468,4.172861
1.645793,4.076268,4.122468,4.172861
1.644149,4.075444,4.124124,4.174523
1.648260,4.076268,4.123296,4.173692
1.648260,4.066379,4.113359,4.162057
1.651548,4.063906,4.113359,4.159564
1.651548,4.065554,4.114187,4.160395
1.651548,4.064730,4.112531,4.160395
1.650726,4.065554,4.112531,4.161226
1.652370,4.066379,4.113359,4.161226
1.650726,4.065554,4.111702,4.161226
1.650726,4.061434,4.109218,4.157902
1.655659,4.052368,4.096796,4.146267
1.658948,4.041654,4.087687,4.136294
1.658948,4.040006,4.089344,4.135463
1.660592,4.041654,4.086859,4.135463
1.658125,4.041654,4.088515,4.135463
1.660592,4.031764,4.079406,4.124659
1.662236,4.029292,4.076094,4.122997
1.661414,4.028467,4.076922,4.122166
1.660592,4.029292,4.075266,4.122166
1.660592,4.023523,4.071125,4.115517
1.664703,4.014457,4.062844,4.107206
1.668813,4.016105,4.062844,4.108869
1.666347,4.015281,4.061188,4.108037
1.666347,4.016105,4.062016,4.108869
1.667991,4.010336,4.057047,4.103882
1.670457,4.002094,4.047938,4.091416
1.672102,4.000446,4.048766,4.093078
1.670457,4.000446,4.047110,4.093078
1.672102,4.001270,4.047938,4.092247
1.670457,4.000446,4.048766,4.092247
1.673746,3.988908,4.034688,4.077288
1.677857,3.983963,4.030548,4.071470
1.676212,3.982315,4.029720,4.070639
1.677035,3.983139,4.030548,4.070639
1.677035,3.983139,4.028891,4.072301
1.678679,3.983139,4.029720,4.071470
1.679501,3.972425,4.019782,4.059004
1.684434,3.961711,4.009017,4.046538
1.685256,3.961711,4.009017,4.045707
1.684434,3.962535,4.007361,4.046538
1.683612,3.961711,4.009017,4.044876
1.689367,3.942755,3.988314,4.024099
1.691833,3.937810,3.983345,4.019113
1.695122,3.936986,3.984174,4.019944
1.696766,3.936986,3.984174,4.019113
1.697588,3.936986,3.985002,4.018282
1.695122,3.935338,3.982517,4.018282
1.700876,3.915558,3.960986,3.992518
1.703343,3.909789,3.957674,3.987532
1.703343,3.909789,3.957674,3.988363
1.700876,3.909789,3.957674,3.989194
1.702521,3.910613,3.958502,3.986701
1.700054,3.909789,3.957674,3.988363
1.700054,3.910613,3.956018,3.988363
1.706631,3.891658,3.936971,3.967586
1.712386,3.882592,3.932003,3.956782
1.710742,3.882592,3.932003,3.956782
1.710742,3.884240,3.932003,3.955951
1.709920,3.882592,3.931174,3.957613
1.709098,3.882592,3.931174,3.955120
1.711564,3.882592,3.931174,3.955120
1.709098,3.883416,3.931174,3.956782
1.709098,3.883416,3.932831,3.955951
1.708276,3.882592,3.929518,3.954289
1.709920,3.882592,3.932003,3.954289
1.709920,3.881768,3.930346,3.955951
1.715675,3.861988,3.907987,3.930188
1.719786,3.855395,3.903847,3.922708
1.719786,3.855395,3.903019,3.924370
1.717319,3.854571,3.903019,3.924370
1.721430,3.854571,3.903847,3.923539
1.721430,3.853747,3.903019,3.923539
1.719786,3.854571,3.905503,3.925201
1.713208,3.880944,3.931174,3.953458
1.712386,3.881768,3.928690,3.954289
1.708276,3.881768,3.928690,3.954289
1.709098,3.883416,3.929518,3.954289
1.709920,3.882592,3.929518,3.955120
1.706631,3.882592,3.931174,3.953458
1.706631,3.880944,3.929518,3.955951
1.708276,3.880944,3.930346,3.953458
1.709098,3.881768,3.928690,3.954289
1.709920,3.881768,3.928690,3.954289
1.709098,3.880120,3.928690,3.955120
1.708276,3.880944,3.928690,3.954289
1.708276,3.881768,3.928690,3.954289
1.707454,3.882592,3.927862,3.954289
1.708276,3.881768,3.929518,3.954289
1.710742,3.880944,3.930346,3.953458
1.709920,3.879295,3.929518,3.953458
1.709920,3.880944,3.930346,3.953458
1.710742,3.880944,3.929518,3.951796
1.712386,3.881768,3.929518,3.953458
1.709098,3.882592,3.929518,3.952627
1.709098,3.880944,3.927034,3.952627
1.708276,3.880944,3.927034,3.951796
1.710742,3.880944,3.927034,3.952627
1.707454,3.880120,3.927862,3.952627
1.707454,3.880120,3.927862,3.952627
1.708276,3.882592,3.928690,3.953458
1.711564,3.879295,3.927034,3.951796
1.711564,3.880120,3.928690,3.953458
1.711564,3.880120,3.927034,3.952627
1.709098,3.883416,3.930346,3.954289
1.700876,3.904020,3.953533,3.985039
1.700054,3.906493,3.953533,3.985039
1.699232,3.908141,3.954362,3.983377
1.699232,3.907317,3.952705,3.981714
1.700876,3.907317,3.952705,3.983377
1.698410,3.906493,3.952705,3.982545
1.697588,3.905668,3.952705,3.983377
1.700054,3.906493,3.953533,3.983377
1.700054,3.907317,3.953533,3.982545
1.699232,3.908141,3.954362,3.985039
1.691011,3.930393,3.978377,4.012464
1.692655,3.932865,3.978377,4.012464
1.693477,3.931217,3.977549,4.012464
1.693477,3.931217,3.977549,4.012464
1.694299,3.931217,3.977549,4.012464
1.692655,3.931217,3.978377,4.012464
1.691833,3.932041,3.978377,4.011633
1.692655,3.931217,3.979205,4.010802
1.692655,3.932041,3.978377,4.011633
1.693477,3.931217,3.979205,4.011633
1.692655,3.932041,3.978377,4.012464
1.694299,3.931217,3.978377,4.011633
1.693477,3.931217,3.978377,4.012464
1.687722,3.947700,3.994111,4.029917
1.686078,3.955942,4.002392,4.039058
1.686078,3.954294,4.002392,4.038227
1.685256,3.955942,4.002392,4.039889
1.684434,3.955942,4.002392,4.039058
1.685256,3.955118,4.002392,4.040721
1.683612,3.953469,4.001564,4.039889
1.681967,3.963359,4.013157,4.049862
1.677857,3.977370,4.025579,4.063991
1.674568,3.974073,4.023095,4.063160
1.677857,3.974897,4.023095,4.063160
1.675390,3.982315,4.032204,4.073132
1.672102,3.995501,4.041313,4.084767
1.673746,3.995501,4.040485,4.085598
1.671280,3.995501,4.042969,4.084767
1.670457,3.993853,4.040485,4.085598
1.669635,3.995501,4.043797,4.086430
1.670457,3.993853,4.042141,4.084767
1.666347,4.009512,4.057875,4.101389
1.663058,4.011160,4.057875,4.102220
1.663880,4.008688,4.057875,4.103051
1.663058,4.010336,4.058703,4.104713
1.664703,4.011984,4.058703,4.102220
1.662236,4.010336,4.057047,4.103882
1.663880,4.010336,4.058703,4.103882
1.665525,4.016105,4.065328,4.109700
1.660592,4.026819,4.073609,4.120504
1.661414,4.024347,4.072781,4.118841
1.660592,4.026819,4.071953,4.119672
1.660592,4.024347,4.071125,4.119672
1.660592,4.025171,4.072781,4.117179
1.659770,4.024347,4.073609,4.119672
1.659770,4.025995,4.071953,4.119672
1.661414,4.024347,4.072781,4.118841
1.663880,4.025171,4.071953,4.118841
1.663058,4.028467,4.074438,4.121335
1.658125,4.040006,4.086031,4.133801
1.658125,4.038357,4.086031,4.132970
1.657303,4.040830,4.089344,4.136294
1.655659,4.054016,4.101765,4.147929
1.654015,4.051544,4.099281,4.145436
1.653193,4.053192,4.100109,4.145436
1.653193,4.052368,4.098453,4.146267
1.653193,4.061434,4.107562,4.155409
1.648260,4.063906,4.110874,4.160395
1.649904,4.063906,4.110046,4.159564
1.652370,4.063082,4.109218,4.159564
1.649904,4.063906,4.110874,4.157071
1.650726,4.064730,4.109218,4.158733
1.645793,4.075444,4.122468,4.172030
1.645793,4.076268,4.122468,4.172861
1.644149,4.074620,4.122468,4.172030
1.641683,4.075444,4.120812,4.172030
1.642505,4.074620,4.119984,4.170368
1.648260,4.075444,4.120812,4.172030
1.643327,4.086982,4.134061,4.184496
1.643327,4.085334,4.131577,4.185327
1.644149,4.086982,4.132405,4.184496
1.644971,4.087807,4.131577,4.184496
1.640861,4.086982,4.132405,4.182003
1.640038,4.086158,4.131577,4.184496
1.636750,4.092752,4.139030,4.191976
1.636750,4.096872,4.142343,4.196131
1.639216,4.097696,4.142343,4.196962
1.639216,4.096872,4.141514,4.196962
1.639216,4.096048,4.142343,4.196131
1.640038,4.096048,4.142343,4.195300
1.636750,4.096048,4.143171,4.196962
1.640861,4.095224,4.143171,4.196962
1.635106,4.102641,4.150624,4.206935
1.635106,4.106762,4.154764,4.207766
1.634284,4.105938,4.153108,4.207766
1.634284,4.106762,4.153936,4.208597
1.630173,4.116652,4.164702,4.220232
1.632639,4.116652,4.164702,4.221063
1.630173,4.116652,4.164702,4.220232
1.632639,4.115828,4.163873,4.219401
1.632639,4.116652,4.162217,4.222725
1.634284,4.117476,4.163873,4.221894
1.631817,4.124894,4.172983,4.229374
1.630995,4.129014,4.175467,4.233529
1.627706,4.127366,4.174639,4.231867
1.627706,4.126542,4.174639,4.231867
1.627706,4.128190,4.174639,4.233529
1.626884,4.128190,4.173811,4.231867
1.629351,4.127366,4.174639,4.232698
1.626884,4.135608,4.183748,4.242671
1.626062,4.137256,4.183748,4.243502
1.625240,4.137256,4.185404,4.243502
1.627706,4.137256,4.184576,4.244333
1.627706,4.137256,4.185404,4.244333
1.626062,4.138080,4.185404,4.243502
1.629351,4.137256,4.185404,4.244333
1.627706,4.138080,4.184576,4.243502
1.628529,4.137256,4.184576,4.245164
1.627706,4.137256,4.184576,4.245164
1.627706,4.138904,4.185404,4.244333
1.625240,4.138080,4.185404,4.244333
1.626884,4.135608,4.185404,4.242671
1.627706,4.138904,4.185404,4.243502
1.628529,4.138904,4.185404,4.245995
1.628529,4.129838,4.175467,4.236023
1.630995,4.127366,4.174639,4.235192
1.629351,4.128190,4.175467,4.233529
1.631817,4.132311,4.180436,4.239347
1.629351,4.135608,4.184576,4.245164
1.627706,4.138904,4.184576,4.245995
1.623596,4.138080,4.184576,4.246827
1.624418,4.137256,4.185404,4.245995
1.623596,4.138080,4.185404,4.243502
1.623596,4.138080,4.184576,4.245164
1.624418,4.137256,4.186232,4.245995
1.624418,4.137256,4.185404,4.245164
1.624418,4.138080,4.185404,4.244333
1.625240,4.137256,4.185404,4.245164
1.625240,4.138080,4.185404,4.245164
1.628529,4.138080,4.185404,4.245995
1.625240,4.137256,4.185404,4.244333
1.626884,4.138080,4.184576,4.244333
1.626062,4.137256,4.185404,4.244333
1.627706,4.138904,4.185404,4.245995
1.626884,4.137256,4.184576,4.244333
1.628529,4.139728,4.183748,4.245995
1.626884,4.138080,4.184576,4.245995
1.627706,4.138080,4.184576,4.244333
1.626884,4.138904,4.185404,4.245995
1.626884,4.138080,4.185404,4.245164
1.627706,4.138080,4.185404,4.245995
1.629351,4.137256,4.184576,4.244333
1.627706,4.138904,4.185404,4.245164
1.626884,4.138080,4.185404,4.245164
1.625240,4.140553,4.185404,4.245995
1.626062,4.132311,4.178779,4.236854
1.630173,4.129014,4.175467,4.232698
1.630173,4.130663,4.175467,4.233529
1.628529,4.129014,4.174639,4.233529
1.630995,4.122421,4.168014,4.225219
1.631817,4.119124,4.164702,4.221894
1.630173,4.118300,4.163045,4.219401
1.628529,4.117476,4.165530,4.221894
1.631817,4.119124,4.165530,4.221063
1.630995,4.118300,4.164702,4.222725
1.630995,4.118300,4.164702,4.221894
1.630995,4.119949,4.164702,4.221894
1.635106,4.118300,4.163873,4.220232
1.631817,4.119124,4.164702,4.221063
1.632639,4.118300,4.165530,4.221894
1.632639,4.119124,4.165530,4.221063
1.633461,4.117476,4.164702,4.220232
1.634284,4.119949,4.165530,4.222725
1.634284,4.120773,4.165530,4.221063
1.632639,4.119949,4.163873,4.223557
1.632639,4.119124,4.164702,4.221894
1.632639,4.119124,4.165530,4.220232
1.629351,4.118300,4.163045,4.220232
1.629351,4.119124,4.163045,4.222725
1.629351,4.118300,4.164702,4.222725
1.630173,4.118300,4.163873,4.221894
1.630173,4.118300,4.163045,4.221063
1.630995,4.119124,4.164702,4.221063
1.633461,4.119949,4.163873,4.222725
1.632639,4.118300,4.164702,4.221894
1.632639,4.117476,4.163045,4.221894
1.635106,4.112531,4.158905,4.216908
1.639216,4.096872,4.142343,4.195300
1.640038,4.097696,4.143999,4.196962
1.641683,4.096048,4.143171,4.198624
1.639216,4.096872,4.143999,4.197793
1.640038,4.096872,4.143999,4.197793
1.641683,4.091927,4.137374,4.190314
1.645793,4.086982,4.130749,4.183665
1.645793,4.087807,4.133233,4.184496
1.644971,4.088631,4.134061,4.185327
1.644971,4.087807,4.133233,4.184496
1.644149,4.086158,4.133233,4.186158
1.643327,4.084510,4.129921,4.182003
1.644971,4.074620,4.121640,4.172030
1.646616,4.075444,4.122468,4.172030
1.648260,4.076268,4.122468,4.172030
1.646616,4.075444,4.122468,4.172030
1.644971,4.075444,4.121640,4.172861
1.646616,4.075444,4.121640,4.173692
1.647438,4.067203,4.113359,4.162888
1.649904,4.063906,4.110874,4.160395
1.650726,4.063906,4.110874,4.157902
1.653193,4.064730,4.112531,4.159564
1.652370,4.064730,4.110046,4.159564
1.651548,4.063906,4.111702,4.159564
1.651548,4.064730,4.112531,4.161226
1.651548,4.057313,4.103421,4.152084
1.656481,4.053192,4.099281,4.147098
1.656481,4.053192,4.100937,4.147098
1.655659,4.053192,4.099281,4.146267
1.654015,4.053192,4.100937,4.147929
1.654015,4.051544,4.097625,4.146267
1.656481,4.040830,4.086859,4.133801
1.659770,4.040830,4.088515,4.135463
1.664703,4.031764,4.077750,4.125490
1.663880,4.028467,4.074438,4.120504
1.663880,4.029292,4.075266,4.121335
1.662236,4.025995,4.075266,4.122166
1.662236,4.023523,4.071125,4.118010
1.666347,4.013633,4.062016,4.108037
1.665525,4.014457,4.061188,4.108869
1.667169,4.014457,4.061188,4.107206
1.667991,4.016105,4.061188,4.108037
1.671280,4.004567,4.050422,4.095571
1.672924,3.999622,4.047110,4.091416
1.673746,4.002094,4.047110,4.092247
1.674568,4.000446,4.046282,4.092247
1.672102,4.000446,4.046282,4.090585
1.674568,3.995501,4.040485,4.083105
1.680323,3.982315,4.029720,4.070639
1.677035,3.983139,4.031376,4.071470
1.676212,3.981491,4.028063,4.071470
1.675390,3.982315,4.028063,4.070639
1.677035,3.981491,4.028891,4.069808
1.680323,3.967480,4.011501,4.052356
1.681967,3.961711,4.007361,4.047369
1.681967,3.960887,4.008189,4.047369
1.683612,3.961711,4.008189,4.046538
1.681967,3.961711,4.008189,4.047369
1.681967,3.960887,4.008189,4.047369
1.682789,3.961711,4.006533,4.044876
1.686900,3.946876,3.994111,4.031579
1.691833,3.937810,3.983345,4.019113
1.690189,3.935338,3.983345,4.018282
1.691833,3.936986,3.983345,4.017451
1.692655,3.932041,3.979205,4.014126
1.700054,3.909789,3.956018,3.988363
1.700876,3.909789,3.958502,3.989194
1.700876,3.910613,3.956846,3.989194
1.700054,3.910613,3.957674,3.987532
1.700876,3.909789,3.956846,3.986701
1.703343,3.910613,3.957674,3.988363
1.702521,3.908965,3.957674,3.988363
1.705809,3.890009,3.936971,3.965924
1.708276,3.882592,3.931174,3.956782
1.707454,3.884240,3.931174,3.955120
1.709098,3.883416,3.930346,3.955120
1.711564,3.882592,3.930346,3.955120
1.708276,3.883416,3.931174,3.956782
1.709920,3.884240,3.932003,3.954289
1.711564,3.885064,3.932003,3.955120
1.712386,3.883416,3.932003,3.955120
1.713208,3.885064,3.932003,3.955120
1.712386,3.882592,3.930346,3.953458
1.713208,3.871878,3.919581,3.942654
1.718963,3.856219,3.903847,3.924370
1.718963,3.856219,3.903847,3.924370
1.718963,3.856219,3.903847,3.924370
1.719786,3.853747,3.903847,3.923539
1.719786,3.853747,3.904675,3.924370
1.721430,3.855395,3.903847,3.922708
1.719786,3.854571,3.903019,3.922708
1.718963,3.854571,3.903019,3.922708
1.718141,3.854571,3.902191,3.921877
1.718963,3.852922,3.903019,3.922708
1.719786,3.854571,3.903019,3.922708
1.714853,3.870230,3.919581,3.940161
1.708276,3.881768,3.930346,3.953458
1.708276,3.880944,3.929518,3.953458
1.709920,3.882592,3.930346,3.955951
1.708276,3.881768,3.929518,3.954289
1.707454,3.880120,3.930346,3.952627
1.710742,3.880944,3.929518,3.953458
1.710742,3.880944,3.929518,3.954289
1.710742,3.880120,3.929518,3.952627
1.708276,3.880944,3.928690,3.953458
1.709920,3.880944,3.930346,3.953458
1.710742,3.880944,3.930346,3.954289
1.710742,3.880944,3.929518,3.954289
1.709920,3.880120,3.930346,3.952627
1.709098,3.879295,3.929518,3.953458
1.711564,3.881768,3.931174,3.953458
1.710742,3.880120,3.928690,3.953458
1.711564,3.880120,3.927862,3.952627
1.709920,3.880944,3.928690,3.953458
1.709920,3.879295,3.930346,3.952627
1.709098,3.880120,3.930346,3.954289
1.709920,3.880120,3.928690,3.953458
1.711564,3.880120,3.927862,3.952627
1.709920,3.880120,3.927034,3.953458
1.709920,3.880120,3.929518,3.954289
1.710742,3.880120,3.929518,3.953458
1.709098,3.879295,3.929518,3.952627
1.709098,3.879295,3.927862,3.953458
1.709098,3.880944,3.930346,3.953458
1.704165,3.890834,3.940284,3.965924
1.701699,3.906493,3.955190,3.984208
1.701699,3.904844,3.953533,3.981714
1.701699,3.905668,3.953533,3.984208
1.700876,3.906493,3.952705,3.983377
1.700054,3.907317,3.955190,3.984208
1.696766,3.930393,3.977549,4.010802
1.693477,3.931217,3.977549,4.012464
1.690189,3.931217,3.977549,4.012464
1.691833,3.932865,3.978377,4.013295
1.691833,3.932041,3.978377,4.011633
1.692655,3.932041,3.977549,4.012464
1.692655,3.932041,3.978377,4.014126
1.690189,3.932041,3.978377,4.012464
1.691833,3.932865,3.978377,4.012464
1.695122,3.932041,3.978377,4.013295
1.692655,3.947700,3.995767,4.031579
1.685256,3.954294,4.002392,4.040721
1.680323,3.955118,4.002392,4.039889
1.681967,3.955118,4.000736,4.039058
1.681967,3.954294,4.003220,4.041552
1.681967,3.954294,4.000736,4.038227
1.683612,3.955942,4.002392,4.040721
1.683612,3.954294,4.000736,4.040721
1.680323,3.955118,4.000736,4.041552
1.683612,3.955942,4.001564,4.040721
1.681967,3.954294,4.001564,4.039058
1.685256,3.956766,4.002392,4.040721
1.685256,3.955942,4.002392,4.039889
1.684434,3.955118,4.003220,4.039889
1.682789,3.955942,4.003220,4.039889
1.681967,3.960063,4.009017,4.046538
1.677035,3.983963,4.033860,4.073132
1.670457,3.994677,4.042141,4.084767
1.670457,3.993853,4.041313,4.083105
1.671280,3.994677,4.042141,4.084767
1.672102,3.994677,4.041313,4.085598
1.672102,3.994677,4.040485,4.083936
1.668813,4.002919,4.049594,4.094740
1.666347,4.009512,4.059532,4.103882
1.663880,4.008688,4.057875,4.103051
1.663880,4.008688,4.057047,4.102220
1.664703,4.010336,4.057047,4.103882
1.665525,4.010336,4.057875,4.104713
1.665525,4.010336,4.057047,4.103051
1.663058,4.019402,4.069469,4.115517
1.659770,4.025171,4.072781,4.119672
1.659770,4.025171,4.071953,4.119672
1.660592,4.024347,4.071953,4.118841
1.661414,4.025171,4.071125,4.119672
1.663058,4.025995,4.072781,4.119672
1.662236,4.023523,4.072781,4.118841
1.662236,4.024347,4.071125,4.118010
1.658948,4.032588,4.080234,4.126321
1.657303,4.039181,4.086859,4.133801
1.654837,4.039181,4.086859,4.132970
1.655659,4.038357,4.086859,4.131307
1.654837,4.039181,4.086859,4.132970
1.654837,4.038357,4.086859,4.132970
1.656481,4.039181,4.086031,4.132139
1.656481,4.038357,4.085203,4.132970
1.658125,4.038357,4.086859,4.132970
1.657303,4.040006,4.087687,4.133801
1.651548,4.052368,4.100937,4.146267
1.649082,4.059785,4.109218,4.154577
1.647438,4.064730,4.113359,4.159564
1.645793,4.062258,4.111702,4.161226
1.646616,4.062258,4.110874,4.157902
1.648260,4.063082,4.110874,4.157902
1.648260,4.068027,4.113359,4.162888
1.646616,4.076268,4.122468,4.172030
1.644149,4.074620,4.121640,4.171199
1.644149,4.075444,4.122468,4.171199
1.644149,4.075444,4.121640,4.172030
1.644971,4.077093,4.121640,4.171199
1.644971,4.084510,4.130749,4.182834
1.640038,4.086158,4.132405,4.182834
1.639216,4.085334,4.132405,4.184496
1.639216,4.086158,4.131577,4.184496
1.639216,4.086982,4.130749,4.183665
1.641683,4.086158,4.131577,4.182834
1.637572,4.090279,4.136546,4.190314
1.636750,4.098521,4.143171,4.196131
1.638394,4.098521,4.142343,4.196131
1.635928,4.097696,4.140686,4.194469
1.635928,4.097696,4.141514,4.196131
1.636750,4.096872,4.140686,4.195300
1.636750,4.096872,4.142343,4.194469
1.633461,4.103466,4.148139,4.204442
1.632639,4.107586,4.153108,4.209428
1.635106,4.108410,4.152280,4.208597
1.635106,4.107586,4.152280,4.207766
1.635106,4.108410,4.153108,4.209428
1.634284,4.105938,4.151452,4.207766
1.635928,4.118300,4.163873,4.220232
1.635928,4.118300,4.163873,4.221063
1.634284,4.118300,4.164702,4.221063
1.630995,4.116652,4.163873,4.219401
1.634284,4.117476,4.163873,4.221063
1.635106,4.117476,4.163045,4.221063
1.631817,4.126542,4.172155,4.229374
1.630995,4.126542,4.174639,4.233529
1.630173,4.129014,4.173811,4.232698
1.627706,4.129838,4.173811,4.233529
1.628529,4.128190,4.173811,4.231867
1.627706,4.129838,4.174639,4.232698
1.626884,4.128190,4.172983,4.231867
1.626884,4.136432,4.182092,4.243502
1.625240,4.138904,4.184576,4.242671
1.627706,4.138904,4.184576,4.244333
1.624418,4.138904,4.184576,4.244333
1.623596,4.137256,4.183748,4.243502
1.626062,4.137256,4.185404,4.246827
1.627706,4.138080,4.184576,4.245164
1.624418,4.137256,4.184576,4.244333
1.622774,4.137256,4.185404,4.245164
1.623596,4.137256,4.184576,4.245995
1.624418,4.138904,4.184576,4.245164
1.623596,4.138904,4.184576,4.246827
1.624418,4.138080,4.182920,4.245164
1.625240,4.137256,4.183748,4.245164
1.623596,4.137256,4.183748,4.245164
1.621129,4.138080,4.183748,4.244333
1.625240,4.138904,4.185404,4.245995
1.626062,4.138904,4.184576,4.245164
1.628529,4.132311,4.177123,4.236854
1.630173,4.129014,4.175467,4.234360
1.630995,4.129014,4.174639,4.232698
1.630173,4.127366,4.176295,4.232698
1.630173,4.128190,4.175467,4.232698
1.627706,4.136432,4.182920,4.242671
1.626884,4.137256,4.185404,4.245164
1.625240,4.137256,4.183748,4.245164
1.625240,4.138080,4.185404,4.245164
1.625240,4.138080,4.185404,4.245164
1.626884,4.138080,4.184576,4.245164
1.628529,4.138080,4.186232,4.245164
1.626884,4.136432,4.185404,4.245164
1.625240,4.138080,4.185404,4.245164
1.626062,4.138080,4.184576,4.245995
1.626062,4.137256,4.184576,4.245164
1.626884,4.138904,4.186232,4.245164
1.624418,4.137256,4.185404,4.245164
1.627706,4.137256,4.185404,4.244333
1.629351,4.138904,4.185404,4.245995
1.629351,4.138080,4.186232,4.244333
1.628529,4.136432,4.184576,4.245995
1.626884,4.138904,4.183748,4.243502
1.626884,4.138080,4.184576,4.245164
1.626062,4.138080,4.184576,4.244333
1.623596,4.138904,4.183748,4.245164
1.623596,4.138904,4.184576,4.245164
1.623596,4.138904,4.186232,4.245995
1.623596,4.138904,4.184576,4.245995
1.624418,4.138904,4.185404,4.245995
1.626884,4.139728,4.185404,4.245164
1.627706,4.135608,4.180436,4.240178
1.629351,4.129014,4.174639,4.232698
1.629351,4.129838,4.174639,4.234360
1.627706,4.118300,4.163045,4.221063
1.631817,4.119949,4.165530,4.222725
1.632639,4.120773,4.165530,4.221063
1.632639,4.119124,4.164702,4.221063
1.631817,4.119949,4.164702,4.221894
1.630995,4.119949,4.164702,4.223557
1.632639,4.119124,4.164702,4.222725
1.632639,4.120773,4.164702,4.223557
1.634284,4.119949,4.163873,4.221894
1.636750,4.119949,4.164702,4.221894
1.635928,4.119124,4.164702,4.221063
1.633461,4.121597,4.164702,4.222725
1.633461,4.119124,4.164702,4.222725
1.633461,4.119124,4.164702,4.221063
1.635106,4.119124,4.163873,4.221894
1.634284,4.120773,4.164702,4.221894
1.632639,4.119124,4.164702,4.221894
1.635106,4.119124,4.164702,4.221894
1.634284,4.111707,4.155592,4.212753
1.636750,4.107586,4.153108,4.207766
1.637572,4.109235,4.154764,4.209428
1.637572,4.110059,4.153108,4.209428
1.638394,4.108410,4.152280,4.211090
1.640038,4.108410,4.153936,4.210259
1.638394,4.110059,4.152280,4.209428
1.639216,4.108410,4.153108,4.208597
1.638394,4.107586,4.154764,4.208597
1.637572,4.108410,4.154764,4.209428
1.636750,4.104290,4.149796,4.206104
1.641683,4.096872,4.142343,4.197793
1.641683,4.100169,4.143999,4.196962
1.640861,4.100169,4.143171,4.196962
1.644149,4.087807,4.131577,4.184496
1.644971,4.086158,4.131577,4.186158
1.644971,4.087807,4.133233,4.186158
1.644971,4.086982,4.132405,4.183665
1.644971,4.086982,4.134061,4.185327
1.645793,4.085334,4.129921,4.182003
1.647438,4.075444,4.122468,4.171199
1.646616,4.075444,4.121640,4.172030
1.648260,4.076268,4.124124,4.172030
1.647438,4.074620,4.123296,4.172861
1.647438,4.076268,4.122468,4.172861
1.649082,4.072972,4.119155,4.168706
1.651548,4.064730,4.110046,4.159564
1.650726,4.064730,4.110874,4.160395
1.651548,4.065554,4.110874,4.159564
1.650726,4.064730,4.112531,4.160395
1.650726,4.065554,4.113359,4.161226
1.650726,4.063906,4.110874,4.159564
1.653193,4.054840,4.101765,4.149591
1.656481,4.053192,4.099281,4.147098
1.654837,4.054016,4.100109,4.147929
1.656481,4.054840,4.100109,4.147929
1.656481,4.053192,4.100937,4.147098
1.654837,4.052368,4.100109,4.146267
1.654015,4.052368,4.099281,4.148760
1.654837,4.049071,4.097625,4.143774
1.658948,4.040006,4.086859,4.135463
1.658948,4.040006,4.086859,4.135463
1.665525,4.027643,4.073609,4.122166
1.665525,4.028467,4.073609,4.122166
1.665525,4.026819,4.076094,4.122997
1.663880,4.028467,4.074438,4.122997
1.668813,4.015281,4.061188,4.108037
1.671280,4.015281,4.062844,4.108037
1.669635,4.015281,4.063672,4.108037
1.666347,4.014457,4.062016,4.108037
1.672102,4.010336,4.057875,4.103051
1.672924,3.999622,4.045454,4.090585
1.672924,3.999622,4.047110,4.090585
1.671280,4.000446,4.046282,4.091416
1.672924,4.001270,4.047110,4.090585
1.674568,3.988084,4.033860,4.077288
1.678679,3.983963,4.029720,4.071470
1.678679,3.982315,4.029720,4.071470
1.677857,3.981491,4.028891,4.071470
1.679501,3.981491,4.028891,4.071470
1.679501,3.982315,4.026407,4.068977
1.682789,3.963359,4.006533,4.047369
1.684434,3.961711,4.008189,4.047369
1.685256,3.960887,4.008189,4.047369
1.683612,3.960063,4.008189,4.045707
1.683612,3.960063,4.007361,4.045707
1.684434,3.960063,4.009017,4.047369
1.686078,3.947700,3.996595,4.031579
1.694299,3.936162,3.983345,4.017451
1.694299,3.936162,3.984174,4.017451
1.694299,3.936986,3.984174,4.019113
1.695122,3.936162,3.983345,4.019113
1.693477,3.936162,3.982517,4.017451
1.696766,3.922976,3.968439,4.002491
1.703343,3.910613,3.956018,3.988363
1.702521,3.909789,3.958502,3.988363
1.704165,3.909789,3.957674,3.988363
1.703343,3.910613,3.957674,3.987532
1.700876,3.908965,3.957674,3.987532
1.701699,3.908141,3.956846,3.986701
1.701699,3.907317,3.954362,3.983377
1.706631,3.883416,3.930346,3.955951
1.709098,3.883416,3.931174,3.956782
1.709098,3.882592,3.931174,3.956782
1.711564,3.883416,3.932003,3.957613
1.709920,3.882592,3.932003,3.956782
1.711564,3.882592,3.931174,3.957613
1.710742,3.883416,3.929518,3.956782
1.709098,3.883416,3.929518,3.955120
1.712386,3.882592,3.932003,3.956782
1.712386,3.884240,3.932003,3.955120
1.713208,3.883416,3.931174,3.953458
1.714031,3.876823,3.925378,3.948472
1.718963,3.854571,3.902191,3.922708
1.719786,3.854571,3.903847,3.923539
1.718141,3.854571,3.903019,3.922708
1.718963,3.854571,3.903847,3.922708
1.718141,3.854571,3.903847,3.922708
1.719786,3.855395,3.905503,3.923539
1.720608,3.855395,3.904675,3.922708
1.718963,3.853747,3.903847,3.922708
1.718963,3.854571,3.903847,3.921877
1.721430,3.854571,3.903847,3.923539
1.719786,3.852922,3.903019,3.922708
1.721430,3.854571,3.902191,3.922708
1.716497,3.873526,3.923722,3.945978
1.709098,3.880120,3.929518,3.953458
1.711564,3.881768,3.930346,3.955120
1.709920,3.881768,3.930346,3.955120
1.709920,3.880944,3.929518,3.954289
1.710742,3.881768,3.929518,3.953458
1.709098,3.882592,3.929518,3.955120
1.709920,3.880944,3.931174,3.954289
1.709098,3.881768,3.930346,3.952627
1.711564,3.881768,3.929518,3.953458
1.712386,3.881768,3.928690,3.952627
1.711564,3.882592,3.928690,3.953458
1.712386,3.881768,3.928690,3.953458
1.709920,3.880944,3.928690,3.953458
1.709920,3.880944,3.931174,3.952627
1.709098,3.880944,3.930346,3.952627
1.709098,3.881768,3.930346,3.951796
1.709920,3.881768,3.928690,3.952627
1.709098,3.880120,3.930346,3.952627
1.709098,3.880120,3.929518,3.953458
1.708276,3.880944,3.928690,3.951796
1.709920,3.880944,3.931174,3.952627
1.708276,3.880944,3.929518,3.953458
1.705809,3.881768,3.928690,3.952627
1.709098,3.881768,3.929518,3.952627
1.708276,3.881768,3.928690,3.952627
1.711564,3.880944,3.927862,3.953458
1.710742,3.879295,3.928690,3.951796
1.713208,3.880120,3.929518,3.952627
1.710742,3.880120,3.928690,3.952627
1.708276,3.888361,3.937799,3.961769
1.701699,3.905668,3.952705,3.982545
1.700876,3.905668,3.953533,3.984208
1.696766,3.930393,3.978377,4.010802
1.691833,3.929569,3.979205,4.011633
1.692655,3.930393,3.978377,4.010802
1.694299,3.932041,3.979205,4.011633
1.693477,3.931217,3.978377,4.012464
1.693477,3.932041,3.979205,4.013295
1.694299,3.932865,3.979205,4.012464
1.693477,3.933690,3.978377,4.011633
1.691011,3.945228,3.992455,4.026592
1.684434,3.956766,4.002392,4.039889
1.680323,3.955118,4.001564,4.039889
1.682789,3.955118,4.002392,4.039058
1.684434,3.955942,4.002392,4.039058
1.683612,3.955118,4.002392,4.038227
1.685256,3.955942,4.000736,4.038227
1.682789,3.955942,4.000736,4.038227
1.683612,3.955942,4.003220,4.039889
1.685256,3.956766,4.001564,4.039889
1.682789,3.956766,4.001564,4.036565
1.684434,3.956766,4.004048,4.039058
1.682789,3.963359,4.009845,4.047369
1.677857,3.977370,4.023923,4.063160
1.677035,3.976546,4.022267,4.062328
1.677035,3.975722,4.022267,4.063160
1.677035,3.977370,4.023095,4.062328
1.676212,3.977370,4.023923,4.062328
1.677857,3.976546,4.023095,4.062328
1.675390,3.977370,4.023923,4.063160
1.674568,3.980666,4.027235,4.068146
1.670457,3.994677,4.041313,4.083105
1.671280,3.994677,4.041313,4.083936
1.670457,3.996325,4.041313,4.083936
1.669635,3.997974,4.044626,4.088092
1.663880,4.011160,4.057047,4.103882
1.663058,4.011160,4.057047,4.103882
1.663880,4.010336,4.057875,4.101389
1.662236,4.010336,4.057875,4.103051
1.662236,4.010336,4.058703,4.102220
1.665525,4.011984,4.058703,4.103882
1.661414,4.024347,4.072781,4.117179
1.658125,4.025995,4.074438,4.118841
1.659770,4.025171,4.071953,4.118010
1.660592,4.025995,4.072781,4.119672
1.658948,4.026819,4.073609,4.118010
1.658948,4.025995,4.074438,4.118841
1.658948,4.026819,4.073609,4.118010
1.657303,4.036709,4.084375,4.130476
1.657303,4.039181,4.085203,4.131307
1.659770,4.039181,4.086859,4.131307
1.658125,4.039181,4.086031,4.131307
1.657303,4.038357,4.085203,4.131307
1.656481,4.040006,4.086031,4.130476
1.658125,4.039181,4.085203,4.132139
1.654837,4.039181,4.086031,4.130476
1.655659,4.039181,4.085203,4.132970
1.654015,4.044126,4.091828,4.137956
1.654015,4.053192,4.100109,4.146267
1.651548,4.051544,4.097625,4.145436
1.651548,4.052368,4.097625,4.147929
1.653193,4.052368,4.098453,4.147098
1.649904,4.063906,4.110874,4.158733
1.646616,4.063906,4.110046,4.158733
1.645793,4.064730,4.110046,4.158733
1.644971,4.065554,4.110046,4.158733
1.647438,4.076268,4.124124,4.173692
1.644149,4.076268,4.121640,4.170368
1.643327,4.077917,4.120812,4.171199
1.644971,4.076268,4.120812,4.171199
1.645793,4.075444,4.122468,4.171199
1.644971,4.081213,4.125780,4.176185
1.643327,4.086982,4.133233,4.183665
1.641683,4.087807,4.132405,4.182003
1.642505,4.087807,4.131577,4.184496
1.641683,4.086158,4.131577,4.184496
1.640861,4.086982,4.131577,4.183665
1.639216,4.096048,4.141514,4.194469
1.635928,4.097696,4.143171,4.196131
1.638394,4.097696,4.142343,4.196131
1.637572,4.097696,4.141514,4.196131
1.636750,4.097696,4.142343,4.196131
1.636750,4.096872,4.143171,4.196131
1.636750,4.098521,4.143999,4.198624
1.634284,4.109235,4.153936,4.209428
1.637572,4.107586,4.152280,4.208597
1.636750,4.108410,4.151452,4.208597
1.636750,4.110059,4.152280,4.206935
1.635928,4.108410,4.152280,4.206104
1.634284,4.106762,4.150624,4.206104
1.635928,4.109235,4.153936,4.208597
1.635106,4.115828,4.160561,4.218570
1.632639,4.118300,4.161389,4.219401
1.632639,4.118300,4.162217,4.221063
1.633461,4.119124,4.163873,4.221063
1.632639,4.119124,4.163045,4.220232
1.631817,4.122421,4.168014,4.226050
1.630995,4.129014,4.174639,4.231867
1.629351,4.128190,4.173811,4.231867
1.627706,4.128190,4.172983,4.231867
1.628529,4.127366,4.174639,4.231867
1.627706,4.129838,4.173811,4.231867
1.630173,4.127366,4.172983,4.232698
1.629351,4.133959,4.180436,4.239347
1.625240,4.138080,4.183748,4.243502
1.626062,4.138080,4.183748,4.243502
1.626062,4.138080,4.184576,4.242671
1.624418,4.137256,4.184576,4.245164
1.625240,4.138080,4.182092,4.243502
1.626062,4.137256,4.184576,4.243502
1.625240,4.137256,4.184576,4.244333
1.628529,4.136432,4.183748,4.244333
1.627706,4.138904,4.183748,4.243502
1.626884,4.138904,4.182920,4.243502
1.626062,4.138080,4.183748,4.244333
1.622774,4.137256,4.183748,4.242671
1.624418,4.138904,4.182920,4.243502
1.628529,4.139728,4.184576,4.244333
1.629351,4.138904,4.183748,4.243502
1.628529,4.138904,4.185404,4.242671
1.628529,4.138080,4.184576,4.243502
1.625240,4.137256,4.185404,4.244333
1.626062,4.137256,4.185404,4.243502
1.626062,4.138080,4.185404,4.243502
1.629351,4.133135,4.180436,4.237685
1.630995,4.128190,4.174639,4.231867
1.630995,4.129838,4.175467,4.231867
1.630995,4.129014,4.176295,4.231036
1.628529,4.128190,4.174639,4.231867
1.629351,4.125718,4.175467,4.231867
1.630995,4.129838,4.176295,4.231867
1.630173,4.137256,4.183748,4.241009
1.628529,4.137256,4.184576,4.244333
1.625240,4.138080,4.184576,4.244333
1.624418,4.138904,4.183748,4.243502
1.625240,4.137256,4.186232,4.245164
1.624418,4.137256,4.184576,4.242671
1.626062,4.137256,4.185404,4.244333
1.626884,4.137256,4.185404,4.244333
1.625240,4.138080,4.186232,4.244333
1.624418,4.139728,4.183748,4.245164
1.626062,4.138080,4.185404,4.245164
1.622774,4.139728,4.185404,4.244333
1.624418,4.138904,4.184576,4.245995
1.626062,4.140553,4.184576,4.245164
1.624418,4.138904,4.185404,4.244333
1.621952,4.138904,4.185404,4.245995
1.622774,4.138904,4.185404,4.244333
1.621129,4.138080,4.183748,4.244333
1.624418,4.140553,4.186232,4.244333
1.624418,4.137256,4.185404,4.244333
1.624418,4.138080,4.184576,4.244333
1.623596,4.138080,4.186232,4.245164
1.622774,4.139728,4.185404,4.245164
1.625240,4.138904,4.184576,4.245164
1.626062,4.136432,4.181264,4.242671
1.627706,4.130663,4.173811,4.233529
1.629351,4.119124,4.167186,4.223557
1.630173,4.118300,4.164702,4.221894
1.631817,4.119124,4.164702,4.221894
1.632639,4.119949,4.164702,4.220232
1.630995,4.118300,4.164702,4.222725
1.630173,4.118300,4.164702,4.221063
1.631817,4.119124,4.165530,4.222725
1.634284,4.118300,4.165530,4.221063
1.632639,4.119949,4.164702,4.222725
1.630995,4.119949,4.165530,4.223557
1.633461,4.119949,4.167186,4.222725
1.630995,4.119124,4.164702,4.221894
1.632639,4.119124,4.164702,4.222725
1.632639,4.119124,4.164702,4.222725
1.634284,4.110883,4.156420,4.211090
1.635106,4.108410,4.154764,4.208597
1.634284,4.107586,4.154764,4.209428
1.635106,4.110059,4.153108,4.209428
1.635928,4.108410,4.154764,4.208597
1.634284,4.109235,4.154764,4.208597
1.635928,4.107586,4.153936,4.207766
1.638394,4.107586,4.153936,4.207766
1.638394,4.108410,4.152280,4.207766
1.635928,4.108410,4.153108,4.208597
1.638394,4.107586,4.154764,4.208597
1.639216,4.107586,4.154764,4.208597
1.640038,4.107586,4.153936,4.207766
1.640038,4.110883,4.153108,4.208597
1.638394,4.107586,4.152280,4.208597
1.635928,4.105114,4.150624,4.207766
1.640861,4.093576,4.139030,4.192807
1.644149,4.086158,4.131577,4.182003
1.644149,4.085334,4.134061,4.182834
1.645793,4.088631,4.134061,4.184496
1.644149,4.086982,4.134061,4.185327
1.643327,4.083686,4.129093,4.179510
1.644971,4.075444,4.121640,4.170368
1.649082,4.075444,4.123296,4.172030
1.648260,4.077093,4.124124,4.172861
1.648260,4.076268,4.123296,4.172030
1.649082,4.076268,4.124124,4.172861
1.649904,4.068851,4.115015,4.162888
1.650726,4.064730,4.111702,4.159564
1.651548,4.063906,4.110874,4.159564
1.652370,4.065554,4.112531,4.158733
1.653193,4.065554,4.111702,4.159564
1.652370,4.065554,4.111702,4.160395
1.655659,4.056489,4.102593,4.148760
1.654837,4.054016,4.099281,4.147098
1.656481,4.054016,4.100109,4.146267
1.656481,4.054840,4.100937,4.147929
1.654837,4.053192,4.100937,4.147929
1.653193,4.054016,4.101765,4.146267
1.654837,4.052368,4.098453,4.144605
1.659770,4.040830,4.086859,4.133801
1.661414,4.042478,4.088515,4.133801
1.658948,4.041654,4.088515,4.133801
1.658125,4.041654,4.088515,4.133801
1.658125,4.041654,4.088515,4.134632
1.657303,4.040830,4.088515,4.133801
1.656481,4.042478,4.087687,4.133801
1.662236,4.030116,4.076094,4.121335
1.666347,4.017753,4.063672,4.108037
1.667169,4.014457,4.062844,4.106375
1.667991,4.016105,4.062016,4.108037
1.666347,4.015281,4.060360,4.107206
1.668813,4.010336,4.055391,4.102220
1.671280,4.001270,4.047110,4.089754
1.671280,4.000446,4.047938,4.091416
1.673746,3.999622,4.047938,4.090585
1.672924,3.999622,4.047938,4.089754
1.673746,3.988084,4.034688,4.075626
1.677035,3.983139,4.030548,4.069808
1.676212,3.983139,4.029720,4.070639
1.677035,3.982315,4.029720,4.068977
1.678679,3.982315,4.028891,4.069808
1.681967,3.974897,4.021438,4.061497
1.684434,3.961711,4.008189,4.046538
1.681967,3.961711,4.009017,4.045707
1.685256,3.961711,4.008189,4.045707
1.686078,3.961711,4.009017,4.044876
1.684434,3.960063,4.008189,4.045707
1.688544,3.951821,3.996595,4.033241
1.694299,3.937810,3.983345,4.016619
1.694299,3.936986,3.984174,4.016619
1.692655,3.938635,3.984174,4.018282
1.690189,3.936986,3.983345,4.017451
1.690189,3.936986,3.982517,4.015788
1.690189,3.936162,3.984174,4.015788
1.691833,3.936162,3.983345,4.016619
1.699232,3.912262,3.958502,3.989194
1.700054,3.909789,3.956018,3.985870
1.702521,3.909789,3.957674,3.985870
1.700054,3.910613,3.958502,3.986701
1.700876,3.910613,3.957674,3.986701
1.700054,3.910613,3.958502,3.985039
1.700876,3.907317,3.955190,3.981714
1.707454,3.885064,3.931174,3.954289
1.709098,3.884240,3.932003,3.955120
1.711564,3.885064,3.931174,3.955951
1.711564,3.884240,3.931174,3.954289
1.709920,3.883416,3.931174,3.955120
1.711564,3.884240,3.930346,3.954289
1.710742,3.881768,3.931174,3.954289
1.711564,3.883416,3.931174,3.954289
1.712386,3.884240,3.931174,3.954289
1.710742,3.884240,3.932003,3.952627
1.711564,3.883416,3.932003,3.954289
1.710742,3.882592,3.931174,3.953458
1.716497,3.858692,3.906331,3.926864
1.719786,3.855395,3.905503,3.924370
1.718963,3.854571,3.904675,3.923539
1.718963,3.855395,3.903019,3.921877
1.718963,3.855395,3.904675,3.921046
1.718963,3.854571,3.904675,3.923539
1.720608,3.854571,3.904675,3.922708
1.722252,3.855395,3.905503,3.921046
1.718141,3.854571,3.903847,3.921877
1.718141,3.854571,3.903847,3.922708
1.717319,3.855395,3.903847,3.921046
1.720608,3.854571,3.903847,3.921046
1.718963,3.856219,3.903847,3.922708
1.716497,3.855395,3.903847,3.919384
1.713208,3.867757,3.916269,3.936836
1.709098,3.881768,3.930346,3.953458
1.710742,3.882592,3.930346,3.953458
1.709920,3.882592,3.931174,3.951796
1.708276,3.881768,3.930346,3.951796
1.709920,3.881768,3.929518,3.950965
1.709098,3.881768,3.928690,3.950965
1.706631,3.881768,3.928690,3.951796
1.707454,3.882592,3.929518,3.951796
1.709098,3.880120,3.930346,3.951796
1.709920,3.880944,3.930346,3.950965
1.711564,3.881768,3.929518,3.950965
1.708276,3.880120,3.929518,3.953458
1.711564,3.881768,3.931174,3.951796
1.712386,3.882592,3.930346,3.952627
1.714853,3.881768,3.931174,3.951796
1.713208,3.881768,3.928690,3.951796
1.711564,3.882592,3.929518,3.952627
1.713208,3.881768,3.929518,3.951796
1.714853,3.883416,3.928690,3.952627
1.710742,3.880944,3.928690,3.951796
1.709920,3.881768,3.928690,3.951796
1.709920,3.880944,3.930346,3.952627
1.709098,3.881768,3.928690,3.951796
1.708276,3.885889,3.936143,3.956782
1.702521,3.908141,3.957674,3.982545
1.702521,3.907317,3.953533,3.980883
1.700876,3.907317,3.954362,3.982545
1.702521,3.907317,3.953533,3.981714
1.702521,3.906493,3.953533,3.981714
1.700876,3.908965,3.954362,3.981714
1.699232,3.908965,3.955190,3.983377
1.691833,3.932865,3.980033,4.010802
1.693477,3.932865,3.978377,4.011633
1.691011,3.931217,3.978377,4.009971
1.692655,3.934514,3.979205,4.011633
1.690189,3.933690,3.978377,4.010802
1.690189,3.931217,3.977549,4.010802
1.688544,3.932865,3.978377,4.010802
1.690189,3.937810,3.983345,4.016619
1.683612,3.955118,4.003220,4.038227
1.681967,3.955118,4.002392,4.036565
1.681967,3.956766,4.002392,4.037396
1.683612,3.955118,4.000736,4.038227
1.685256,3.955118,4.002392,4.039058
1.682789,3.954294,4.002392,4.037396
1.686900,3.955942,4.001564,4.038227
1.686900,3.956766,4.001564,4.037396
1.686900,3.955942,4.002392,4.037396
1.684434,3.955118,4.003220,4.036565
1.679501,3.973249,4.023095,4.059004
1.674568,3.974897,4.022267,4.061497
1.676212,3.977370,4.023095,4.062328
1.674568,3.976546,4.023095,4.061497
1.677857,3.976546,4.023923,4.063160
1.677035,3.977370,4.023095,4.061497
1.676212,3.977370,4.023095,4.063991
1.674568,3.976546,4.023923,4.063160
1.677035,3.977370,4.023095,4.063160
1.677035,3.976546,4.023095,4.061497
1.677857,3.979018,4.023923,4.063160
1.677857,3.978194,4.023923,4.062328
1.678679,3.979018,4.024751,4.063991
1.672924,3.994677,4.042969,4.084767
1.670457,3.999622,4.046282,4.088923
1.664703,4.011984,4.057875,4.102220
1.663880,4.011984,4.058703,4.102220
1.663880,4.011984,4.057047,4.103051
1.663880,4.010336,4.057875,4.101389
1.666347,4.011160,4.058703,4.102220
1.665525,4.017753,4.065328,4.108037
1.663058,4.026819,4.072781,4.118841
1.659770,4.025995,4.072781,4.118010
1.660592,4.024347,4.072781,4.118010
1.660592,4.026819,4.073609,4.118010
1.658948,4.025171,4.072781,4.118010
1.659770,4.026819,4.074438,4.118841
1.656481,4.040830,4.086859,4.131307
1.656481,4.040006,4.086031,4.131307
1.658948,4.040830,4.085203,4.131307
1.658125,4.040006,4.085203,4.130476
1.656481,4.039181,4.086031,4.130476
1.658948,4.040830,4.086031,4.132139
1.657303,4.040006,4.086031,4.132139
1.657303,4.043302,4.089344,4.136294
1.653193,4.052368,4.100109,4.145436
1.654015,4.053192,4.096796,4.144605
1.651548,4.051544,4.099281,4.144605
1.651548,4.053192,4.098453,4.144605
1.653193,4.049895,4.098453,4.144605
1.653193,4.052368,4.097625,4.145436
1.651548,4.051544,4.099281,4.144605
1.654837,4.054016,4.099281,4.144605
1.654015,4.054016,4.096796,4.143774
1.649904,4.064730,4.111702,4.158733
1.647438,4.068027,4.116671,4.162888
1.645793,4.077917,4.123296,4.172861
1.648260,4.075444,4.121640,4.172030
1.646616,4.077093,4.119984,4.170368
1.645793,4.075444,4.120812,4.171199
1.644971,4.077093,4.123296,4.171199
1.644149,4.088631,4.134061,4.183665
1.642505,4.086982,4.132405,4.182834
1.641683,4.086158,4.130749,4.181172
1.642505,4.087807,4.132405,4.182834
1.644149,4.087807,4.133233,4.182834
1.640038,4.096872,4.140686,4.192807
1.639216,4.097696,4.142343,4.195300
1.637572,4.097696,4.142343,4.194469
1.639216,4.099345,4.142343,4.195300
1.637572,4.098521,4.141514,4.195300
1.637572,4.096872,4.141514,4.193638
1.636750,4.104290,4.148967,4.202780
1.635106,4.109235,4.153936,4.208597
1.635106,4.107586,4.153936,4.207766
1.635928,4.107586,4.151452,4.207766
1.635106,4.107586,4.151452,4.206935
1.634284,4.106762,4.152280,4.207766
1.633461,4.107586,4.150624,4.206935
1.634284,4.114180,4.161389,4.216077
1.630995,4.119124,4.163873,4.221063
1.628529,4.118300,4.163045,4.219401
1.631817,4.117476,4.163045,4.219401
1.632639,4.118300,4.163873,4.219401
1.633461,4.118300,4.163045,4.220232
1.633461,4.121597,4.168014,4.224388
1.628529,4.129014,4.173811,4.231867
1.627706,4.128190,4.173811,4.230205
1.627706,4.128190,4.172983,4.231036
1.629351,4.128190,4.173811,4.231036
1.626884,4.129014,4.172983,4.231036
1.628529,4.129838,4.174639,4.231867
1.627706,4.129838,4.177123,4.233529
1.624418,4.137256,4.184576,4.243502
1.625240,4.138080,4.185404,4.243502
1.625240,4.138080,4.182920,4.241840
1.626884,4.136432,4.182920,4.243502
1.626062,4.138080,4.183748,4.243502
1.625240,4.138904,4.183748,4.241840
1.624418,4.139728,4.183748,4.242671
1.624418,4.138080,4.184576,4.243502
1.625240,4.137256,4.182092,4.241840
1.625240,4.138904,4.185404,4.244333
1.624418,4.138904,4.185404,4.242671
1.624418,4.138904,4.185404,4.243502
1.625240,4.138904,4.184576,4.242671
1.626884,4.137256,4.184576,4.243502
1.626884,4.138904,4.184576,4.244333
1.626062,4.138080,4.184576,4.244333
1.626062,4.138080,4.185404,4.242671
1.625240,4.138080,4.184576,4.244333
1.626062,4.138904,4.183748,4.243502
1.626884,4.138904,4.185404,4.245164
1.626884,4.138904,4.184576,4.243502
1.623596,4.138904,4.185404,4.244333
1.625240,4.139728,4.185404,4.245164
1.628529,4.134783,4.181264,4.240178
1.630995,4.127366,4.176295,4.232698
1.630173,4.126542,4.175467,4.232698
1.630173,4.128190,4.176295,4.232698
1.630995,4.129014,4.175467,4.232698
1.630995,4.129838,4.175467,4.232698
1.630995,4.129838,4.174639,4.231867
1.627706,4.128190,4.175467,4.233529
1.630173,4.130663,4.175467,4.233529
1.630173,4.129014,4.175467,4.234360
1.630173,4.133959,4.181264,4.239347
1.627706,4.139728,4.185404,4.245164
1.626062,4.138080,4.185404,4.243502
1.626062,4.138904,4.185404,4.244333
1.625240,4.139728,4.185404,4.244333
1.625240,4.138904,4.185404,4.244333
1.625240,4.139728,4.185404,4.244333
1.625240,4.139728,4.185404,4.245164
1.628529,4.138904,4.185404,4.244333
1.627706,4.138904,4.185404,4.242671
1.627706,4.138904,4.187060,4.244333
1.626062,4.138904,4.185404,4.244333
1.627706,4.138904,4.185404,4.244333
1.629351,4.140553,4.185404,4.245995
1.625240,4.138080,4.184576,4.244333
1.624418,4.138904,4.184576,4.244333
1.626062,4.138904,4.184576,4.244333
1.626062,4.138904,4.185404,4.244333
1.626062,4.139728,4.185404,4.245995
1.628529,4.139728,4.185404,4.244333
1.626062,4.139728,4.185404,4.245995
1.627706,4.137256,4.183748,4.244333
1.630173,4.125718,4.169670,4.228543
1.633461,4.119124,4.164702,4.221063
1.630995,4.119124,4.166358,4.221063
1.633461,4.119124,4.164702,4.221894
1.634284,4.119949,4.164702,4.221063
1.633461,4.119949,4.164702,4.225219
1.633461,4.119949,4.163873,4.221063
1.633461,4.119949,4.165530,4.221063
1.633461,4.119949,4.166358,4.221063
1.633461,4.119949,4.164702,4.222725
1.634284,4.118300,4.164702,4.222725
1.632639,4.117476,4.163045,4.221063
1.636750,4.108410,4.153108,4.207766
1.637572,4.108410,4.154764,4.207766
1.638394,4.110883,4.154764,4.208597
1.638394,4.109235,4.154764,4.209428
1.638394,4.109235,4.154764,4.207766
1.640861,4.108410,4.153936,4.208597
1.636750,4.109235,4.155592,4.208597
1.635106,4.108410,4.154764,4.208597
1.635928,4.107586,4.153936,4.207766
1.637572,4.109235,4.153936,4.207766
1.637572,4.109235,4.154764,4.208597
1.636750,4.108410,4.153108,4.208597
1.637572,4.109235,4.155592,4.208597
1.635928,4.109235,4.151452,4.207766
1.639216,4.098521,4.142343,4.196131
1.640861,4.097696,4.142343,4.196131
1.640861,4.097696,4.141514,4.196962
1.639216,4.097696,4.143171,4.196962
1.642505,4.097696,4.142343,4.195300
1.644149,4.086982,4.133233,4.183665
1.644149,4.086982,4.132405,4.182003
1.644149,4.087807,4.134061,4.184496
1.646616,4.080389,4.124952,4.173692
1.649904,4.075444,4.122468,4.171199
1.649904,4.077093,4.123296,4.172030
1.648260,4.077093,4.121640,4.171199
1.647438,4.077917,4.121640,4.171199
1.649904,4.069675,4.114187,4.162888
1.651548,4.065554,4.112531,4.160395
1.650726,4.064730,4.111702,4.158733
1.651548,4.065554,4.112531,4.158733
1.649904,4.065554,4.110874,4.161226
1.651548,4.064730,4.110046,4.157902
1.655659,4.053192,4.098453,4.146267
1.654837,4.053192,4.098453,4.146267
1.654837,4.053192,4.098453,4.145436
1.656481,4.054840,4.099281,4.147929
1.652370,4.053192,4.100109,4.147098
1.653193,4.052368,4.096796,4.146267
1.658948,4.041654,4.086031,4.133801
1.658948,4.042478,4.088515,4.134632
1.657303,4.042478,4.089344,4.134632
1.658125,4.042478,4.088515,4.134632
1.657303,4.041654,4.086859,4.134632
1.660592,4.041654,4.087687,4.134632
1.662236,4.039181,4.083547,4.130476
1.662236,4.027643,4.074438,4.120504
1.663880,4.028467,4.076094,4.119672
1.663880,4.028467,4.076922,4.120504
1.663058,4.028467,4.076922,4.121335
1.666347,4.017753,4.062844,4.109700
1.667991,4.016105,4.062016,4.107206
1.669635,4.013633,4.060360,4.106375
1.672102,4.000446,4.047110,4.090585
1.673746,4.001270,4.047938,4.092247
1.673746,4.001270,4.047938,4.090585
1.672924,4.001270,4.047110,4.090585
1.677035,3.994677,4.041313,4.083105
1.677857,3.982315,4.028063,4.069808
1.678679,3.983963,4.030548,4.069808
1.678679,3.983139,4.029720,4.069808
1.679501,3.982315,4.029720,4.071470
1.678679,3.974897,4.020610,4.061497
1.684434,3.961711,4.008189,4.044876
1.681967,3.961711,4.009017,4.045707
1.681967,3.960887,4.009017,4.046538
1.685256,3.961711,4.007361,4.045707
1.684434,3.960887,4.008189,4.044876
1.689367,3.945228,3.989142,4.024099
1.691011,3.939459,3.982517,4.017451
1.693477,3.937810,3.985002,4.017451
1.693477,3.936986,3.984174,4.017451
1.691011,3.936162,3.985830,4.017451
1.692655,3.936162,3.984174,4.015788
1.695122,3.936162,3.984174,4.015788
1.695944,3.922151,3.967611,4.000829
1.700054,3.911437,3.956846,3.986701
1.701699,3.911437,3.957674,3.987532
1.702521,3.910613,3.957674,3.987532
1.703343,3.909789,3.956846,3.985870
1.702521,3.910613,3.956846,3.985870
1.700876,3.910613,3.956018,3.985039
1.701699,3.910613,3.956846,3.985039
1.704165,3.891658,3.937799,3.962600
1.708276,3.885064,3.932003,3.954289
1.711564,3.885064,3.932831,3.954289
1.711564,3.884240,3.931174,3.954289
1.709920,3.883416,3.931174,3.955120
1.710742,3.882592,3.930346,3.955120
1.712386,3.883416,3.931174,3.953458
1.709920,3.884240,3.930346,3.954289
1.709098,3.883416,3.931174,3.952627
1.710742,3.882592,3.930346,3.954289
1.709098,3.883416,3.930346,3.955120
1.708276,3.881768,3.929518,3.954289
1.712386,3.883416,3.929518,3.953458
1.711564,3.866109,3.911300,3.932681
1.718141,3.854571,3.903847,3.922708
1.720608,3.856219,3.903019,3.921877
1.720608,3.855395,3.902191,3.922708
1.722252,3.856219,3.904675,3.923539
1.719786,3.856219,3.904675,3.921046
1.720608,3.856219,3.903019,3.921877
1.719786,3.855395,3.903019,3.922708
1.720608,3.854571,3.902191,3.921046
1.718963,3.853747,3.902191,3.921046
1.720608,3.855395,3.903019,3.922708
1.718963,3.855395,3.903019,3.921877
1.718141,3.855395,3.901363,3.921046
1.719786,3.855395,3.901363,3.921046
1.718141,3.854571,3.901363,3.920215
1.720608,3.853747,3.903019,3.921046
1.718141,3.863636,3.910472,3.931019
1.711564,3.882592,3.930346,3.951796
1.710742,3.880944,3.928690,3.951796
1.710742,3.882592,3.927862,3.950965
1.709920,3.882592,3.929518,3.951796
1.710742,3.881768,3.928690,3.952627
1.710742,3.881768,3.928690,3.952627
1.711564,3.882592,3.929518,3.952627
1.712386,3.882592,3.928690,3.952627
1.711564,3.882592,3.927862,3.952627
1.711564,3.881768,3.928690,3.951796
1.710742,3.880944,3.927862,3.952627
1.709920,3.880944,3.927862,3.951796
1.710742,3.882592,3.927862,3.950965
1.713208,3.882592,3.927862,3.950965
1.709920,3.880944,3.928690,3.950134
1.706631,3.902372,3.951049,3.976728
1.703343,3.905668,3.953533,3.980883
1.704987,3.906493,3.954362,3.981714
1.702521,3.905668,3.954362,3.981714
1.703343,3.905668,3.952705,3.981714
1.704165,3.906493,3.954362,3.982545
1.703343,3.906493,3.953533,3.981714
1.703343,3.905668,3.952705,3.981714
1.706631,3.907317,3.953533,3.982545
1.704987,3.907317,3.953533,3.982545
1.702521,3.906493,3.953533,3.981714
1.701699,3.907317,3.953533,3.982545
1.699232,3.906493,3.953533,3.981714
1.700054,3.907317,3.953533,3.982545
1.699232,3.905668,3.952705,3.980883
1.698410,3.908965,3.957674,3.986701
1.693477,3.932865,3.980861,4.013295
1.691011,3.931217,3.976721,4.010802
1.692655,3.932041,3.976721,4.010802
1.692655,3.932041,3.978377,4.010802
1.692655,3.931217,3.977549,4.012464
1.691833,3.944404,3.993283,4.028254
1.683612,3.953469,3.999908,4.035734
1.685256,3.956766,4.000736,4.039058
1.682789,3.956766,4.002392,4.038227
1.681145,3.955118,4.001564,4.038227
1.682789,3.955942,4.003220,4.038227
1.684434,3.955118,4.002392,4.037396
1.684434,3.955942,4.001564,4.038227
1.685256,3.955942,4.003220,4.038227
1.684434,3.960887,4.007361,4.044045
1.677035,3.977370,4.024751,4.062328
1.678679,3.976546,4.021438,4.061497
1.678679,3.976546,4.023095,4.061497
1.678679,3.977370,4.024751,4.062328
1.677857,3.975722,4.022267,4.061497
1.677035,3.977370,4.023095,4.061497
1.677857,3.976546,4.023923,4.062328
1.677035,3.977370,4.022267,4.062328
1.679501,3.977370,4.023923,4.062328
1.679501,3.976546,4.023095,4.061497
1.679501,3.976546,4.023095,4.061497
1.681967,3.977370,4.023095,4.062328
1.681145,3.977370,4.023923,4.063160
1.679501,3.977370,4.023923,4.062328
1.676212,3.993029,4.040485,4.082274
1.672102,3.993853,4.041313,4.083936
1.668813,4.010336,4.059532,4.102220
1.668813,4.011160,4.057047,4.103051
1.668813,4.009512,4.057047,4.102220
1.667991,4.010336,4.057047,4.100558
1.669635,4.011984,4.057875,4.102220
1.663880,4.025995,4.073609,4.117179
1.663880,4.025995,4.071953,4.117179
1.663058,4.025171,4.071125,4.116348
1.664703,4.026819,4.071953,4.117179
1.662236,4.025171,4.072781,4.117179
1.662236,4.027643,4.071953,4.119672
1.655659,4.039181,4.086859,4.130476
1.658948,4.038357,4.086031,4.131307
1.657303,4.039181,4.086031,4.130476
1.655659,4.040006,4.086031,4.130476
1.654837,4.038357,4.086031,4.130476
1.656481,4.039181,4.086031,4.131307
1.657303,4.042478,4.089344,4.134632
1.653193,4.053192,4.100937,4.145436
1.652370,4.051544,4.098453,4.143774
1.654015,4.051544,4.099281,4.144605
1.652370,4.052368,4.099281,4.145436
1.653193,4.051544,4.098453,4.144605
1.654837,4.050720,4.100109,4.145436
1.651548,4.049895,4.098453,4.145436
1.652370,4.051544,4.100109,4.145436
1.649904,4.063082,4.113359,4.158733
1.647438,4.063906,4.112531,4.157071
1.649082,4.063082,4.110874,4.157071
1.648260,4.062258,4.110046,4.157071
1.648260,4.062258,4.110874,4.157071
1.644971,4.072148,4.121640,4.168706
1.645793,4.075444,4.123296,4.172030
1.646616,4.074620,4.122468,4.172030
1.646616,4.077093,4.123296,4.172030
1.642505,4.086982,4.134061,4.184496
1.640038,4.086982,4.132405,4.183665
1.644149,4.087807,4.133233,4.183665
1.643327,4.086158,4.133233,4.182834
1.642505,4.086982,4.132405,4.182834
1.641683,4.092752,4.137374,4.189483
1.637572,4.097696,4.141514,4.196962
1.635928,4.098521,4.143171,4.196962
1.636750,4.096872,4.143171,4.195300
1.639216,4.096048,4.141514,4.194469
1.640038,4.096872,4.140686,4.194469
1.637572,4.103466,4.148139,4.202780
1.635106,4.109235,4.153108,4.207766
1.633461,4.108410,4.152280,4.207766
1.634284,4.106762,4.151452,4.206935
1.635928,4.106762,4.152280,4.206935
1.638394,4.106762,4.153108,4.207766
1.634284,4.110059,4.156420,4.209428
1.630995,4.119124,4.165530,4.221063
1.629351,4.117476,4.164702,4.219401
1.631817,4.118300,4.164702,4.220232
1.630995,4.118300,4.164702,4.218570
1.631817,4.117476,4.163873,4.220232
1.634284,4.118300,4.163873,4.219401
1.631817,4.117476,4.163045,4.219401
1.630995,4.127366,4.174639,4.230205
1.628529,4.129014,4.173811,4.232698
1.628529,4.128190,4.174639,4.231867
1.628529,4.128190,4.175467,4.233529
1.629351,4.128190,4.173811,4.231867
1.629351,4.127366,4.174639,4.231036
1.625240,4.131487,4.175467,4.234360
1.624418,4.138904,4.186232,4.244333
1.626884,4.137256,4.185404,4.243502
1.624418,4.137256,4.185404,4.243502
1.625240,4.137256,4.182920,4.244333
1.625240,4.138080,4.184576,4.244333
1.629351,4.136432,4.185404,4.244333
1.624418,4.135608,4.184576,4.241840
1.624418,4.136432,4.184576,4.242671
1.624418,4.138080,4.183748,4.242671
1.625240,4.136432,4.182920,4.243502
1.627706,4.136432,4.184576,4.243502
1.626062,4.138904,4.185404,4.245164
1.628529,4.136432,4.183748,4.242671
1.626062,4.137256,4.184576,4.244333
1.626884,4.137256,4.184576,4.244333
1.626884,4.138080,4.183748,4.244333
1.626884,4.138080,4.185404,4.242671
1.627706,4.137256,4.185404,4.244333
1.625240,4.137256,4.184576,4.244333
1.626884,4.137256,4.185404,4.243502
1.627706,4.137256,4.185404,4.244333
1.626062,4.137256,4.186232,4.244333
1.626062,4.138080,4.184576,4.243502
1.625240,4.137256,4.185404,4.244333
1.625240,4.137256,4.184576,4.243502
1.625240,4.138080,4.183748,4.243502
1.626062,4.135608,4.182092,4.240178
1.631817,4.129838,4.173811,4.232698
1.629351,4.129014,4.174639,4.232698
1.628529,4.129014,4.173811,4.232698
1.630995,4.128190,4.174639,4.231867
1.632639,4.129838,4.175467,4.232698
1.631817,4.129014,4.175467,4.231867
1.628529,4.127366,4.174639,4.231867
1.630995,4.128190,4.175467,4.232698
1.630173,4.129838,4.176295,4.233529
1.630173,4.129014,4.174639,4.232698
1.630995,4.128190,4.176295,4.231867
1.630995,4.129014,4.173811,4.232698
1.629351,4.128190,4.175467,4.231867
1.630173,4.129014,4.175467,4.233529
1.627706,4.137256,4.186232,4.244333
1.625240,4.138080,4.184576,4.244333
1.626062,4.137256,4.185404,4.244333
1.628529,4.138080,4.183748,4.245995
1.625240,4.138904,4.185404,4.245164
1.625240,4.139728,4.183748,4.244333
1.624418,4.138904,4.182920,4.245164
1.622774,4.138904,4.185404,4.243502
1.627706,4.138904,4.185404,4.244333
1.626884,4.138080,4.184576,4.244333
1.630173,4.138904,4.186232,4.244333
1.629351,4.138080,4.185404,4.244333
1.628529,4.139728,4.185404,4.244333
1.624418,4.137256,4.183748,4.244333
1.626884,4.139728,4.184576,4.243502
1.625240,4.139728,4.185404,4.245164
1.626062,4.138904,4.184576,4.245164
1.630173,4.124894,4.168014,4.226050
1.630995,4.119949,4.164702,4.220232
1.633461,4.120773,4.164702,4.220232
1.634284,4.119949,4.164702,4.220232
1.634284,4.117476,4.163873,4.222725
1.631817,4.119949,4.163873,4.220232
1.632639,4.119124,4.165530,4.220232
1.631817,4.118300,4.165530,4.221063
1.632639,4.119124,4.164702,4.221894
1.630995,4.119949,4.164702,4.220232
1.635928,4.107586,4.153936,4.207766
1.635928,4.110059,4.153108,4.207766
1.633461,4.108410,4.153936,4.207766
1.634284,4.110059,4.153936,4.207766
1.635106,4.108410,4.154764,4.209428
1.635928,4.109235,4.154764,4.208597
1.635106,4.108410,4.153108,4.206935
1.635928,4.109235,4.153936,4.207766
1.636750,4.107586,4.151452,4.206935
1.636750,4.109235,4.153936,4.208597
1.637572,4.105114,4.149796,4.202780
1.640038,4.097696,4.142343,4.195300
1.640038,4.100169,4.143999,4.196962
1.639216,4.098521,4.142343,4.196962
1.640038,4.096872,4.143171,4.195300
1.640861,4.097696,4.143171,4.196962
1.640861,4.096872,4.143171,4.196962
1.640038,4.099345,4.143999,4.196131
1.641683,4.097696,4.143999,4.196962
1.640038,4.097696,4.143999,4.195300
1.641683,4.097696,4.143999,4.195300
1.642505,4.088631,4.134061,4.184496
1.644971,4.079565,4.124124,4.172861
1.646616,4.076268,4.122468,4.172030
1.648260,4.075444,4.123296,4.172030
1.644971,4.077093,4.123296,4.171199
1.645793,4.075444,4.122468,4.170368
1.652370,4.064730,4.110874,4.157902
1.653193,4.065554,4.113359,4.158733
1.651548,4.064730,4.110874,4.157902
1.652370,4.065554,4.113359,4.158733
1.649904,4.064730,4.111702,4.158733
1.651548,4.054840,4.100937,4.147929
1.655659,4.053192,4.099281,4.145436
1.654837,4.053192,4.100937,4.147098
1.654837,4.054016,4.100109,4.145436
1.655659,4.053192,4.100937,4.147098
1.657303,4.049071,4.093484,4.140449
1.659770,4.040830,4.088515,4.132970
1.659770,4.040830,4.088515,4.135463
1.660592,4.039181,4.087687,4.133801
1.659770,4.040830,4.091000,4.133801
1.658125,4.041654,4.088515,4.133801
1.662236,4.034237,4.081891,4.126321
1.662236,4.026819,4.075266,4.120504
1.662236,4.027643,4.076094,4.120504
1.663058,4.029292,4.075266,4.120504
1.664703,4.028467,4.075266,4.119672
1.663058,4.027643,4.075266,4.119672
1.664703,4.028467,4.076094,4.119672
1.666347,4.018578,4.066156,4.110531
1.667991,4.014457,4.061188,4.106375
1.669635,4.007864,4.055391,4.098896
1.670457,3.999622,4.047110,4.089754
1.670457,4.000446,4.047110,4.089754
1.672102,4.000446,4.047110,4.090585
1.672924,4.000446,4.047110,4.089754
1.672102,3.987260,4.033860,4.076457
1.677035,3.983139,4.029720,4.069808
1.680323,3.982315,4.028891,4.068977
1.680323,3.982315,4.028891,4.069808
1.677035,3.980666,4.027235,4.067315
1.684434,3.962535,4.008189,4.046538
1.684434,3.960063,4.007361,4.044876
1.686078,3.961711,4.009845,4.047369
1.686078,3.961711,4.007361,4.047369
1.683612,3.960887,4.006533,4.046538
1.689367,3.952645,3.995767,4.034903
1.695122,3.938635,3.983345,4.019113
1.695122,3.936986,3.983345,4.018282
1.695122,3.937810,3.983345,4.017451
1.696766,3.936162,3.984174,4.017451
1.695122,3.935338,3.983345,4.017451
1.695122,3.936986,3.981689,4.015788
1.697588,3.912262,3.960158,3.990025
1.702521,3.909789,3.957674,3.987532
1.701699,3.910613,3.957674,3.986701
1.703343,3.909789,3.957674,3.986701
1.701699,3.908141,3.957674,3.986701
1.702521,3.910613,3.956846,3.985870
1.700054,3.909789,3.957674,3.986701
1.704165,3.908965,3.958502,3.985870
1.701699,3.908965,3.956846,3.985039
1.704987,3.889185,3.936143,3.959275
1.709098,3.884240,3.932003,3.955951
1.706631,3.883416,3.930346,3.954289
1.713208,3.883416,3.932003,3.954289
1.710742,3.884240,3.932831,3.955120
1.710742,3.882592,3.931174,3.954289
1.709920,3.884240,3.932003,3.955120
1.712386,3.881768,3.930346,3.955951
1.709098,3.884240,3.930346,3.954289
1.711564,3.882592,3.931174,3.955951
1.710742,3.882592,3.932003,3.953458
1.709920,3.882592,3.930346,3.954289
1.710742,3.880944,3.928690,3.952627
1.717319,3.857043,3.902191,3.922708
1.720608,3.855395,3.903847,3.922708
1.720608,3.856219,3.904675,3.921877
1.718963,3.856219,3.903847,3.921877
1.719786,3.853747,3.904675,3.922708
1.721430,3.856219,3.903019,3.921046
1.718963,3.856219,3.903847,3.921877
1.717319,3.856219,3.903019,3.922708
1.717319,3.853747,3.901363,3.920215
1.718963,3.854571,3.903847,3.921877
1.719786,3.853747,3.904675,3.922708
1.718963,3.853747,3.903847,3.922708
1.720608,3.853747,3.903019,3.921046
1.720608,3.853747,3.903019,3.921877
1.718963,3.853747,3.903019,3.922708
1.719786,3.853747,3.903019,3.922708
1.719786,3.854571,3.903019,3.921046
1.718963,3.853747,3.901363,3.921046
1.719786,3.860340,3.909644,3.928526
1.710742,3.880944,3.929518,3.953458
1.708276,3.880944,3.929518,3.951796
1.709098,3.880944,3.930346,3.952627
1.710742,3.880944,3.929518,3.951796
1.709920,3.879295,3.930346,3.953458
1.708276,3.880944,3.929518,3.951796
1.709098,3.880944,3.929518,3.953458
1.710742,3.880120,3.929518,3.950965
1.710742,3.879295,3.929518,3.950965
1.710742,3.880120,3.927862,3.951796
1.709920,3.889185,3.938627,3.963431
1.702521,3.905668,3.955190,3.982545
1.702521,3.905668,3.955190,3.982545
1.700876,3.904844,3.954362,3.981714
1.700876,3.905668,3.955190,3.982545
1.700054,3.904844,3.953533,3.982545
1.700054,3.907317,3.952705,3.983377
1.697588,3.904844,3.953533,3.982545
1.698410,3.904844,3.952705,3.982545
1.699232,3.906493,3.953533,3.983377
1.700876,3.904844,3.954362,3.981714
1.703343,3.905668,3.954362,3.982545
1.703343,3.905668,3.952705,3.981714
1.700876,3.906493,3.952705,3.983377
1.701699,3.904844,3.952705,3.981714
1.700054,3.904844,3.954362,3.981714
1.701699,3.906493,3.953533,3.983377
1.700054,3.903196,3.953533,3.981714
1.703343,3.905668,3.953533,3.980883
1.704165,3.904844,3.953533,3.982545
1.702521,3.905668,3.954362,3.982545
1.697588,3.928745,3.978377,4.010802
1.695122,3.929569,3.978377,4.011633
1.691011,3.946052,3.994939,4.026592
1.686078,3.955118,4.002392,4.038227
1.684434,3.955118,4.001564,4.036565
1.686900,3.953469,4.000736,4.040721
1.683612,3.955118,4.001564,4.038227
1.682789,3.953469,4.003220,4.037396
1.681967,3.955118,4.001564,4.039058
1.682789,3.954294,4.002392,4.037396
1.681967,3.964183,4.011501,4.049862
1.677857,3.974897,4.024751,4.062328
1.677035,3.976546,4.023095,4.062328
1.677035,3.974897,4.022267,4.061497
1.673746,3.975722,4.023923,4.062328
1.672924,3.977370,4.023095,4.063160
1.674568,3.975722,4.023095,4.063160
1.675390,3.976546,4.023095,4.062328
1.675390,3.976546,4.021438,4.062328
1.674568,3.976546,4.022267,4.063160
1.672924,3.985611,4.033860,4.075626
1.672102,3.993853,4.042969,4.083936
1.671280,3.995501,4.040485,4.083105
1.672102,3.994677,4.041313,4.085598
1.670457,3.995501,4.041313,4.084767
1.671280,3.995501,4.041313,4.083936
1.672102,3.997150,4.042141,4.084767
1.670457,3.994677,4.042969,4.084767
1.672102,3.994677,4.041313,4.083936
1.672924,3.997150,4.042141,4.083936
1.672102,3.994677,4.040485,4.083936
1.670457,4.010336,4.057047,4.100558
1.666347,4.010336,4.057875,4.103882
1.662236,4.021874,4.070297,4.113855
1.660592,4.023523,4.072781,4.116348
1.662236,4.026819,4.072781,4.117179
1.660592,4.025171,4.071953,4.118010
1.658125,4.025995,4.071953,4.117179
1.658948,4.028467,4.073609,4.119672
1.654837,4.039181,4.086859,4.132970
1.654015,4.040006,4.084375,4.131307
1.653193,4.039181,4.086031,4.132139
1.654837,4.039181,4.083547,4.132139
1.654837,4.037533,4.083547,4.132139
1.655659,4.038357,4.085203,4.132139
1.653193,4.050720,4.097625,4.144605
1.654015,4.052368,4.099281,4.145436
1.653193,4.051544,4.097625,4.144605
1.653193,4.050720,4.098453,4.145436
1.653193,4.049895,4.098453,4.144605
1.651548,4.050720,4.096796,4.144605
1.650726,4.052368,4.098453,4.143774
1.651548,4.061434,4.109218,4.156240
1.649082,4.064730,4.111702,4.158733
1.649904,4.065554,4.110046,4.156240
1.647438,4.062258,4.110874,4.157902
1.650726,4.064730,4.109218,4.157071
1.651548,4.061434,4.108390,4.157071
1.650726,4.065554,4.110046,4.157071
1.649082,4.064730,4.110874,4.156240
1.648260,4.063906,4.110874,4.156240
1.647438,4.076268,4.121640,4.170368
1.645793,4.074620,4.120812,4.169537
1.640861,4.084510,4.131577,4.181172
1.642505,4.086982,4.132405,4.182003
1.641683,4.085334,4.131577,4.181172
1.643327,4.086158,4.132405,4.182003
1.644971,4.086982,4.130749,4.182003
1.642505,4.091927,4.136546,4.189483
1.640861,4.098521,4.142343,4.196962
1.637572,4.096048,4.141514,4.195300
1.640861,4.096872,4.142343,4.195300
1.640861,4.097696,4.140686,4.194469
1.640861,4.096872,4.140686,4.194469
1.636750,4.105938,4.151452,4.205273
1.636750,4.108410,4.153108,4.208597
1.633461,4.106762,4.151452,4.207766
1.635106,4.106762,4.149796,4.206935
1.636750,4.105938,4.150624,4.206104
1.635928,4.107586,4.151452,4.206935
1.635928,4.115828,4.159733,4.214415
1.630995,4.119124,4.163045,4.218570
1.631817,4.117476,4.162217,4.218570
1.631817,4.117476,4.163873,4.217739
1.635106,4.119124,4.163045,4.219401
1.635106,4.117476,4.164702,4.219401
1.632639,4.117476,4.163045,4.218570
1.630995,4.122421,4.168842,4.225219
1.628529,4.129014,4.173811,4.231867
1.627706,4.128190,4.175467,4.232698
1.627706,4.126542,4.172983,4.230205
1.627706,4.127366,4.172983,4.231036
1.628529,4.129014,4.172983,4.231036
1.630173,4.129014,4.173811,4.231867
1.628529,4.132311,4.176295,4.235192
1.626062,4.138904,4.186232,4.242671
1.622774,4.138904,4.183748,4.242671
1.625240,4.138904,4.185404,4.243502
1.625240,4.138904,4.184576,4.243502
1.624418,4.138904,4.184576,4.243502
1.624418,4.137256,4.182920,4.243502
1.626062,4.138904,4.185404,4.243502
1.626884,4.138080,4.185404,4.244333
1.624418,4.138080,4.183748,4.244333
1.626062,4.138080,4.184576,4.242671
1.624418,4.138080,4.184576,4.243502
1.624418,4.138904,4.184576,4.244333
1.625240,4.138080,4.185404,4.243502
1.626062,4.139728,4.182920,4.242671
1.626062,4.139728,4.183748,4.243502
1.626062,4.137256,4.184576,4.242671
1.626062,4.138904,4.184576,4.244333
1.627706,4.138080,4.184576,4.243502
1.626062,4.138904,4.184576,4.243502
1.627706,4.138904,4.184576,4.245164
1.628529,4.138904,4.183748,4.243502
1.627706,4.138904,4.185404,4.243502
1.629351,4.138080,4.185404,4.243502
1.629351,4.138904,4.185404,4.244333
1.627706,4.139728,4.185404,4.243502
1.626062,4.138904,4.184576,4.244333
1.627706,4.139728,4.184576,4.242671
1.630173,4.138904,4.185404,4.243502
1.627706,4.137256,4.184576,4.242671
1.626884,4.138080,4.182920,4.241840
1.629351,4.128190,4.173811,4.232698
1.630173,4.129014,4.176295,4.232698
1.630995,4.130663,4.177123,4.234360
1.627706,4.127366,4.174639,4.232698
1.628529,4.129014,4.173811,4.232698
1.630173,4.130663,4.175467,4.233529
1.630173,4.129014,4.174639,4.232698
1.629351,4.129838,4.174639,4.233529
1.630173,4.130663,4.176295,4.232698
1.628529,4.128190,4.175467,4.232698
1.630173,4.129014,4.174639,4.232698
1.629351,4.129838,4.174639,4.233529
1.630995,4.129838,4.174639,4.231867
1.631817,4.129838,4.174639,4.231867
1.631817,4.129838,4.175467,4.233529
1.630173,4.129838,4.176295,4.232698
1.629351,4.129838,4.173811,4.232698
1.630173,4.129838,4.174639,4.232698
1.630173,4.128190,4.175467,4.231867
1.629351,4.129838,4.175467,4.231867
1.627706,4.131487,4.175467,4.232698
1.627706,4.129838,4.175467,4.231036
1.627706,4.138904,4.185404,4.243502
1.625240,4.140553,4.185404,4.244333
1.626884,4.139728,4.184576,4.243502
1.626884,4.138080,4.186232,4.244333
1.625240,4.138080,4.184576,4.243502
1.625240,4.138080,4.185404,4.244333
1.626884,4.139728,4.184576,4.243502
1.625240,4.139728,4.184576,4.244333
1.626062,4.139728,4.184576,4.244333
1.627706,4.121597,4.164702,4.221063
1.631817,4.119124,4.163045,4.220232
1.631817,4.119124,4.164702,4.218570
1.630995,4.120773,4.164702,4.221063
1.632639,4.119949,4.163873,4.221063
1.631817,4.118300,4.163045,4.219401
1.630995,4.119124,4.163045,4.220232
1.633461,4.120773,4.164702,4.220232
1.632639,4.115004,4.159733,4.216908
1.634284,4.107586,4.151452,4.206935
1.636750,4.109235,4.152280,4.208597
1.637572,4.110059,4.153936,4.208597
1.633461,4.109235,4.153108,4.208597
1.635928,4.108410,4.153936,4.207766
1.637572,4.109235,4.153936,4.208597
1.639216,4.110059,4.153108,4.208597
1.638394,4.108410,4.153108,4.209428
1.635928,4.109235,4.153108,4.208597
1.640038,4.097696,4.143171,4.196131
1.638394,4.100169,4.141514,4.196962
1.638394,4.097696,4.142343,4.195300
1.638394,4.099345,4.142343,4.196962
1.639216,4.098521,4.142343,4.196962
1.641683,4.096872,4.141514,4.196131
1.640861,4.098521,4.143999,4.196131
1.639216,4.099345,4.143999,4.196131
1.635928,4.097696,4.143999,4.195300
1.636750,4.099345,4.143171,4.196962
1.640861,4.100169,4.143999,4.196131
1.642505,4.089455,4.132405,4.185327
1.644971,4.087807,4.133233,4.183665
1.645793,4.077917,4.122468,4.173692
1.648260,4.076268,4.123296,4.171199
1.647438,4.076268,4.122468,4.170368
1.647438,4.076268,4.120812,4.169537
1.649904,4.066379,4.110874,4.157071
1.651548,4.064730,4.112531,4.158733
1.653193,4.065554,4.112531,4.158733
1.654015,4.064730,4.112531,4.160395
1.652370,4.064730,4.110874,4.156240
1.655659,4.052368,4.098453,4.145436
1.656481,4.053192,4.099281,4.145436
1.654837,4.054840,4.101765,4.146267
1.652370,4.053192,4.100937,4.145436
1.654837,4.052368,4.099281,4.144605
1.656481,4.039181,4.087687,4.132139
1.658125,4.040830,4.089344,4.133801
1.656481,4.040830,4.089344,4.132970
1.656481,4.042478,4.087687,4.133801
1.658125,4.041654,4.086859,4.133801
1.660592,4.030940,4.076094,4.122166
1.661414,4.028467,4.075266,4.120504
1.662236,4.029292,4.076922,4.121335
1.664703,4.028467,4.075266,4.120504
1.663880,4.030116,4.076094,4.120504
1.663880,4.028467,4.076094,4.120504
1.663880,4.020226,4.066156,4.110531
1.669635,4.014457,4.062016,4.105544
1.667169,4.016105,4.062016,4.105544
1.668813,4.015281,4.062016,4.105544
1.669635,4.016105,4.062016,4.105544
1.668813,4.015281,4.060360,4.105544
1.669635,4.007864,4.050422,4.095571
1.672924,4.001270,4.048766,4.089754
1.672102,3.993029,4.038829,4.080612
1.678679,3.982315,4.029720,4.068977
1.677857,3.982315,4.029720,4.069808
1.680323,3.983139,4.030548,4.068977
1.680323,3.983139,4.028891,4.068977
1.680323,3.974897,4.020610,4.059004
1.683612,3.960887,4.009017,4.044876
1.685256,3.962535,4.008189,4.044876
1.685256,3.961711,4.009845,4.045707
1.683612,3.961711,4.009017,4.044876
1.686900,3.958414,4.004876,4.040721
1.693477,3.936986,3.984174,4.017451
1.693477,3.934514,3.984174,4.016619
1.692655,3.937810,3.984174,4.015788
1.694299,3.936986,3.983345,4.016619
1.693477,3.936986,3.984174,4.015788
1.692655,3.936162,3.982517,4.015788
1.700876,3.915558,3.960158,3.990025
1.701699,3.911437,3.957674,3.986701
1.702521,3.911437,3.957674,3.984208
1.702521,3.910613,3.957674,3.985039
1.703343,3.909789,3.958502,3.985039
1.702521,3.910613,3.959330,3.985039
1.702521,3.911437,3.956846,3.985870
1.701699,3.910613,3.957674,3.985039
1.704987,3.891658,3.936971,3.960938
1.712386,3.885064,3.932003,3.954289
1.710742,3.884240,3.933659,3.955120
1.713208,3.885889,3.932831,3.955120
1.709098,3.884240,3.932003,3.953458
1.708276,3.882592,3.932003,3.953458
1.710742,3.885064,3.932003,3.953458
1.709098,3.883416,3.932003,3.953458
1.711564,3.883416,3.931174,3.954289
1.710742,3.883416,3.930346,3.953458
1.707454,3.885064,3.932003,3.953458
1.709098,3.885064,3.930346,3.952627
1.709920,3.883416,3.930346,3.953458
1.711564,3.884240,3.930346,3.952627
1.712386,3.885064,3.930346,3.953458
1.715675,3.862812,3.907987,3.928526
1.720608,3.858692,3.904675,3.923539
1.723074,3.857043,3.904675,3.921877
1.718963,3.856219,3.903019,3.921877
1.722252,3.855395,3.903847,3.921877
1.721430,3.853747,3.903019,3.922708
1.721430,3.855395,3.903019,3.921046
1.721430,3.856219,3.904675,3.921046
1.719786,3.856219,3.903019,3.921877
1.719786,3.855395,3.903847,3.921877
1.720608,3.856219,3.903019,3.921046
1.718141,3.855395,3.904675,3.922708
1.718963,3.853747,3.902191,3.921877
1.720608,3.855395,3.903019,3.921046
1.718963,3.857043,3.903847,3.921046
1.721430,3.853747,3.903847,3.921877
1.721430,3.853747,3.903019,3.920215
1.722252,3.854571,3.903019,3.920215
1.719786,3.853747,3.903019,3.921046
1.718963,3.853747,3.903019,3.919384
1.718141,3.857043,3.906331,3.923539
1.708276,3.880944,3.930346,3.951796
1.709098,3.881768,3.929518,3.950965
1.708276,3.880944,3.927862,3.950134
1.709098,3.880944,3.928690,3.950965
1.707454,3.881768,3.928690,3.950965
1.709098,3.880944,3.928690,3.951796
1.709098,3.882592,3.930346,3.951796
1.700054,3.906493,3.953533,3.980883
1.700054,3.907317,3.952705,3.981714
1.700054,3.907317,3.952705,3.980052
1.699232,3.907317,3.954362,3.982545
1.700876,3.905668,3.953533,3.982545
1.701699,3.905668,3.953533,3.980052
1.701699,3.905668,3.954362,3.980052
1.700876,3.905668,3.953533,3.980883
1.700054,3.905668,3.954362,3.982545
1.700054,3.905668,3.953533,3.981714
1.700876,3.908965,3.952705,3.981714
1.700054,3.905668,3.954362,3.982545
1.698410,3.906493,3.952705,3.981714
1.697588,3.905668,3.954362,3.982545
1.701699,3.908141,3.954362,3.982545
1.700876,3.905668,3.953533,3.980883
1.698410,3.904844,3.952705,3.980883
1.698410,3.906493,3.953533,3.982545
1.700054,3.904844,3.953533,3.980052
1.696766,3.914734,3.961815,3.990856
1.694299,3.932865,3.980033,4.009971
1.692655,3.932041,3.977549,4.009971
1.691011,3.932041,3.976721,4.010802
1.691011,3.932865,3.977549,4.011633
1.688544,3.951821,3.999908,4.034903
1.686900,3.955942,3.999908,4.037396
1.683612,3.955942,4.002392,4.038227
1.683612,3.955942,4.001564,4.037396
1.683612,3.954294,4.000736,4.039058
1.685256,3.953469,4.000736,4.038227
1.685256,3.955942,4.000736,4.039058
1.680323,3.972425,4.018954,4.058173
1.679501,3.976546,4.020610,4.062328
1.677035,3.977370,4.021438,4.063160
1.677035,3.976546,4.023095,4.063991
1.677035,3.976546,4.023095,4.062328
1.679501,3.977370,4.022267,4.063160
1.679501,3.976546,4.023095,4.063160
1.676212,3.974073,4.023095,4.062328
1.677035,3.983139,4.030548,4.071470
1.672102,3.994677,4.042969,4.085598
1.672102,3.993853,4.040485,4.083936
1.672924,3.993853,4.041313,4.083936
1.672924,3.994677,4.043797,4.083936
1.672102,3.995501,4.041313,4.083936
1.672102,3.995501,4.041313,4.083936
1.670457,3.996325,4.040485,4.084767
1.672924,3.996325,4.042141,4.085598
1.672102,3.996325,4.042141,4.084767
1.670457,3.994677,4.040485,4.084767
1.669635,3.997150,4.042969,4.085598
1.670457,3.996325,4.042969,4.086430
1.667169,3.995501,4.042969,4.084767
1.667169,4.011160,4.058703,4.103051
1.667169,4.011984,4.059532,4.102220
1.661414,4.022698,4.070297,4.114686
1.662236,4.027643,4.072781,4.118010
1.659770,4.026819,4.073609,4.117179
1.662236,4.026819,4.073609,4.118841
1.661414,4.025171,4.072781,4.117179
1.658948,4.038357,4.085203,4.130476
1.658125,4.039181,4.086859,4.131307
1.658125,4.040830,4.087687,4.132139
1.658948,4.039181,4.086859,4.130476
1.657303,4.040006,4.086031,4.131307
1.654837,4.040006,4.086859,4.134632
1.653193,4.053192,4.099281,4.145436
1.650726,4.052368,4.098453,4.145436
1.652370,4.051544,4.097625,4.143774
1.653193,4.050720,4.098453,4.144605
1.654837,4.052368,4.098453,4.144605
1.654015,4.051544,4.098453,4.145436
1.650726,4.060609,4.107562,4.153746
1.650726,4.064730,4.110874,4.157902
1.650726,4.064730,4.110046,4.157902
1.649082,4.064730,4.110046,4.156240
1.649082,4.063906,4.109218,4.157902
1.651548,4.064730,4.110874,4.157902
1.650726,4.063082,4.109218,4.155409
1.648260,4.064730,4.112531,4.157902
1.647438,4.077917,4.124124,4.172861
1.645793,4.075444,4.121640,4.171199
1.647438,4.075444,4.122468,4.170368
1.644149,4.073796,4.121640,4.170368
1.645793,4.074620,4.121640,4.169537
1.647438,4.073796,4.121640,4.169537
1.645793,4.082038,4.128265,4.176185
1.641683,4.086158,4.131577,4.182834
1.640038,4.085334,4.132405,4.182834
1.640861,4.087807,4.133233,4.184496
1.638394,4.098521,4.144827,4.196131
1.639216,4.096872,4.142343,4.194469
1.636750,4.096048,4.142343,4.194469
1.638394,4.096048,4.142343,4.193638
1.639216,4.094400,4.143171,4.195300
1.637572,4.102641,4.148967,4.201949
1.635106,4.107586,4.153108,4.206935
1.635928,4.107586,4.152280,4.206935
1.635106,4.107586,4.152280,4.207766
1.632639,4.105938,4.151452,4.205273
1.635928,4.106762,4.152280,4.206104
1.636750,4.115004,4.160561,4.216908
1.633461,4.117476,4.163045,4.220232
1.633461,4.117476,4.164702,4.218570
1.631817,4.118300,4.163873,4.218570
1.632639,4.116652,4.163045,4.219401
1.634284,4.117476,4.163873,4.219401
1.635928,4.117476,4.163873,4.220232
1.630995,4.126542,4.175467,4.231867
1.630173,4.126542,4.172983,4.231867
1.630173,4.127366,4.173811,4.232698
1.632639,4.126542,4.172983,4.231867
1.628529,4.126542,4.172983,4.231867
1.628529,4.128190,4.175467,4.231867
1.627706,4.127366,4.174639,4.231036
1.623596,4.133135,4.181264,4.237685
1.623596,4.137256,4.184576,4.242671
1.627706,4.137256,4.183748,4.242671
1.626884,4.136432,4.184576,4.242671
1.626062,4.137256,4.184576,4.243502
1.622774,4.137256,4.184576,4.241009
1.622774,4.137256,4.185404,4.241840
1.626062,4.137256,4.183748,4.243502
1.625240,4.137256,4.185404,4.243502
1.623596,4.138904,4.184576,4.241840
1.625240,4.136432,4.183748,4.242671
1.624418,4.137256,4.184576,4.242671
1.626062,4.135608,4.182920,4.241840
1.626062,4.136432,4.182920,4.241840
1.626884,4.137256,4.182920,4.242671
1.626062,4.137256,4.183748,4.242671
1.625240,4.138080,4.182920,4.243502
1.629351,4.138080,4.183748,4.241840
1.627706,4.137256,4.182920,4.243502
1.629351,4.138080,4.184576,4.244333
1.628529,4.138080,4.183748,4.244333
1.628529,4.138080,4.185404,4.244333
1.626884,4.138904,4.183748,4.243502
1.629351,4.138904,4.184576,4.242671
1.628529,4.137256,4.184576,4.243502
1.628529,4.136432,4.184576,4.242671
1.628529,4.137256,4.182920,4.242671
1.627706,4.138904,4.185404,4.245164
1.626062,4.138080,4.184576,4.241840
1.627706,4.138080,4.185404,4.241840
1.625240,4.138904,4.185404,4.241840
1.627706,4.137256,4.185404,4.243502
1.625240,4.137256,4.185404,4.243502
1.625240,4.137256,4.185404,4.244333
1.629351,4.129014,4.172983,4.232698
1.630995,4.129014,4.174639,4.232698
1.629351,4.128190,4.175467,4.232698
1.630173,4.129014,4.175467,4.232698
1.631817,4.127366,4.176295,4.232698
1.630173,4.128190,4.174639,4.231867
1.630995,4.128190,4.174639,4.231867
1.631817,4.128190,4.175467,4.232698
1.631817,4.128190,4.175467,4.232698
1.630173,4.129838,4.175467,4.234360
1.630995,4.128190,4.175467,4.233529
1.628529,4.129014,4.175467,4.231867
1.626884,4.129014,4.176295,4.233529
1.628529,4.128190,4.175467,4.231036
1.630995,4.128190,4.176295,4.234360
1.630173,4.128190,4.176295,4.232698
1.629351,4.129014,4.175467,4.232698
1.629351,4.127366,4.175467,4.232698
1.629351,4.129838,4.174639,4.232698
1.630173,4.129014,4.176295,4.233529
1.630995,4.129014,4.175467,4.233529
1.628529,4.127366,4.176295,4.232698
1.630173,4.129014,4.175467,4.232698
1.630995,4.128190,4.175467,4.232698
1.628529,4.128190,4.174639,4.233529
1.630995,4.127366,4.176295,4.233529
1.629351,4.129838,4.174639,4.233529
1.630995,4.129014,4.174639,4.231867
1.630995,4.129014,4.175467,4.233529
1.630995,4.129838,4.175467,4.233529
1.631817,4.129014,4.175467,4.233529
1.628529,4.119124,4.164702,4.221894
1.634284,4.117476,4.165530,4.222725
1.634284,4.119124,4.165530,4.221894
1.632639,4.119949,4.163045,4.221063
1.633461,4.119124,4.165530,4.222725
1.634284,4.117476,4.164702,4.221063
1.635928,4.110883,4.159733,4.216908
1.638394,4.107586,4.154764,4.208597
1.637572,4.106762,4.153936,4.208597
1.635928,4.109235,4.155592,4.207766
1.635106,4.106762,4.153936,4.208597
1.636750,4.106762,4.153936,4.208597
1.638394,4.107586,4.154764,4.210259
1.638394,4.107586,4.153108,4.208597
1.637572,4.103466,4.148967,4.204442
1.638394,4.095224,4.142343,4.196962
1.641683,4.099345,4.143171,4.197793
1.643327,4.098521,4.143171,4.196962
1.640038,4.097696,4.143999,4.197793
1.640861,4.097696,4.143171,4.197793
1.642505,4.097696,4.143999,4.198624
1.640861,4.097696,4.144827,4.197793
1.639216,4.098521,4.144827,4.197793
1.641683,4.099345,4.142343,4.196131
1.643327,4.087807,4.133233,4.185327
1.646616,4.086982,4.132405,4.183665
1.646616,4.087807,4.133233,4.185327
1.644971,4.087807,4.134061,4.185327
1.643327,4.087807,4.134061,4.184496
1.642505,4.086982,4.133233,4.186158
1.642505,4.087807,4.133233,4.186158
1.644149,4.079565,4.126608,4.176185
1.645793,4.073796,4.119155,4.169537
1.646616,4.064730,4.111702,4.157902
1.650726,4.066379,4.111702,4.159564
1.649082,4.066379,4.111702,4.159564
1.649082,4.064730,4.110874,4.158733
1.653193,4.054840,4.100109,4.147098
1.654837,4.053192,4.099281,4.144605
1.655659,4.054016,4.100109,4.146267
1.656481,4.053192,4.100109,4.145436
1.655659,4.052368,4.098453,4.144605
1.658948,4.040830,4.086859,4.133801
1.661414,4.041654,4.088515,4.133801
1.661414,4.043302,4.089344,4.134632
1.660592,4.041654,4.087687,4.133801
1.659770,4.043302,4.088515,4.133801
1.658125,4.030116,4.076094,4.122997
1.662236,4.026819,4.076094,4.121335
1.663880,4.028467,4.076094,4.122166
1.661414,4.028467,4.075266,4.121335
1.663880,4.028467,4.074438,4.120504
1.664703,4.025171,4.072781,4.117179
1.666347,4.016929,4.062016,4.107206
1.666347,4.015281,4.062844,4.108037
1.666347,4.013633,4.062016,4.107206
1.668813,4.013633,4.062016,4.105544
1.666347,4.014457,4.060360,4.106375
1.666347,4.013633,4.060360,4.104713
1.668813,4.001270,4.047110,4.090585
1.670457,4.001270,4.047938,4.089754
1.669635,3.999622,4.048766,4.090585
1.672102,3.993853,4.040485,4.082274
1.673746,3.982315,4.029720,4.069808
1.675390,3.982315,4.030548,4.070639
1.672924,3.982315,4.029720,4.068977
1.675390,3.979842,4.026407,4.066484
1.682789,3.961711,4.009017,4.045707
1.682789,3.960887,4.008189,4.044876
1.683612,3.961711,4.009017,4.045707
1.684434,3.961711,4.009845,4.045707
1.684434,3.959238,4.009017,4.044876
1.688544,3.940283,3.986658,4.020775
1.692655,3.937810,3.983345,4.016619
1.692655,3.936986,3.983345,4.016619
1.691833,3.936986,3.984174,4.015788
1.691833,3.936986,3.985002,4.016619
1.692655,3.935338,3.984174,4.015788
1.696766,3.913910,3.960986,3.990856
1.700876,3.911437,3.959330,3.987532
1.697588,3.909789,3.958502,3.985870
1.700876,3.910613,3.957674,3.985870
1.700876,3.909789,3.958502,3.986701
1.702521,3.910613,3.957674,3.986701
1.700054,3.908965,3.956018,3.985039
1.702521,3.906493,3.955190,3.982545
1.708276,3.885064,3.931174,3.954289
1.711564,3.884240,3.932003,3.954289
1.711564,3.882592,3.932831,3.954289
1.710742,3.885064,3.932831,3.953458
1.709098,3.883416,3.932003,3.954289
1.711564,3.883416,3.932831,3.952627
1.709920,3.883416,3.932003,3.952627
1.710742,3.883416,3.931174,3.954289
1.709920,3.882592,3.932003,3.953458
1.711564,3.885064,3.931174,3.953458
1.706631,3.882592,3.930346,3.953458
1.709098,3.883416,3.932003,3.953458
1.709920,3.881768,3.930346,3.954289
1.712386,3.882592,3.931174,3.954289
1.710742,3.883416,3.930346,3.953458
1.708276,3.882592,3.930346,3.950134
1.710742,3.881768,3.930346,3.951796
1.717319,3.858692,3.906331,3.924370
1.719786,3.857043,3.903847,3.921046
1.719786,3.856219,3.903847,3.921877
1.719786,3.855395,3.903847,3.921877
1.720608,3.854571,3.903847,3.921877
1.720608,3.854571,3.903019,3.921046
1.721430,3.855395,3.903847,3.921877
1.718141,3.853747,3.903847,3.921046
1.719786,3.857043,3.903847,3.922708
1.718141,3.853747,3.904675,3.922708
1.718963,3.854571,3.904675,3.921046
1.714031,3.853747,3.902191,3.920215
1.718963,3.855395,3.903847,3.921877
1.718141,3.853747,3.903019,3.921046
1.716497,3.854571,3.902191,3.920215
1.717319,3.853747,3.903019,3.922708
1.719786,3.853747,3.903847,3.921877
1.717319,3.853747,3.903847,3.919384
1.718963,3.853747,3.903019,3.921046
1.721430,3.853747,3.903019,3.920215
1.718963,3.854571,3.903019,3.919384
1.719786,3.855395,3.904675,3.921877
1.711564,3.880120,3.928690,3.950134
1.707454,3.880944,3.928690,3.950134
1.706631,3.880120,3.928690,3.952627
1.709098,3.880120,3.928690,3.950965
1.703343,3.898251,3.948565,3.974235
1.699232,3.906493,3.954362,3.982545
1.699232,3.905668,3.953533,3.981714
1.696766,3.904844,3.954362,3.981714
1.698410,3.907317,3.953533,3.981714
1.698410,3.906493,3.953533,3.980883
1.700054,3.905668,3.954362,3.981714
1.700876,3.906493,3.954362,3.980883
1.698410,3.906493,3.953533,3.981714
1.698410,3.904844,3.953533,3.982545
1.698410,3.906493,3.953533,3.980883
1.700054,3.906493,3.953533,3.981714
1.699232,3.905668,3.952705,3.981714
1.692655,3.928745,3.976721,4.008309
1.691011,3.932865,3.978377,4.009971
1.691833,3.930393,3.978377,4.010802
1.690189,3.932041,3.978377,4.010802
1.690189,3.932865,3.978377,4.012464
1.692655,3.930393,3.977549,4.010802
1.694299,3.931217,3.980033,4.010802
1.694299,3.931217,3.978377,4.010802
1.695944,3.931217,3.980033,4.010802
1.691833,3.932041,3.979205,4.009971
1.691833,3.932865,3.979205,4.009971
1.689367,3.931217,3.978377,4.011633
1.691011,3.931217,3.978377,4.010802
1.692655,3.932865,3.978377,4.010802
1.688544,3.951821,3.999080,4.034072
1.684434,3.955118,4.000736,4.037396
1.687722,3.955942,4.001564,4.039058
1.686078,3.955942,4.001564,4.036565
1.685256,3.958414,4.005704,4.043214
1.678679,3.977370,4.023095,4.062328
1.676212,3.977370,4.023095,4.062328
1.677035,3.976546,4.022267,4.062328
1.677035,3.976546,4.024751,4.062328
1.677035,3.977370,4.022267,4.062328
1.677857,3.977370,4.023923,4.062328
1.676212,3.975722,4.021438,4.060666
1.673746,3.990556,4.037173,4.078119
1.669635,3.995501,4.041313,4.083936
1.668813,3.995501,4.040485,4.083936
1.671280,3.993853,4.040485,4.083936
1.670457,3.995501,4.040485,4.083936
1.669635,3.995501,4.041313,4.082274
1.672924,3.994677,4.040485,4.083936
1.672102,3.994677,4.042969,4.083105
1.671280,3.995501,4.042141,4.083936
1.673746,3.997150,4.043797,4.083936
1.670457,3.997150,4.044626,4.084767
1.666347,4.012808,4.057875,4.100558
1.665525,4.011984,4.057875,4.102220
1.666347,4.010336,4.059532,4.102220
1.666347,4.010336,4.057875,4.100558
1.664703,4.011160,4.057047,4.100558
1.665525,4.011160,4.058703,4.101389
1.670457,4.011984,4.057875,4.100558
1.667991,4.011160,4.058703,4.101389
1.664703,4.021874,4.068641,4.112193
1.660592,4.025995,4.072781,4.117179
1.660592,4.029292,4.076094,4.120504
1.656481,4.040006,4.086031,4.132970
1.655659,4.039181,4.086031,4.130476
1.655659,4.038357,4.084375,4.130476
1.654015,4.038357,4.084375,4.130476
1.658125,4.039181,4.086031,4.130476
1.654837,4.051544,4.097625,4.143774
1.654015,4.051544,4.098453,4.143774
1.654015,4.052368,4.097625,4.142942
1.653193,4.050720,4.098453,4.144605
1.652370,4.051544,4.098453,4.144605
1.651548,4.051544,4.098453,4.145436
1.648260,4.060609,4.106734,4.152084
1.645793,4.063906,4.110874,4.157071
1.647438,4.063906,4.110874,4.157071
1.645793,4.063082,4.110046,4.156240
1.645793,4.063082,4.109218,4.157071
1.646616,4.063082,4.109218,4.157902
1.645793,4.064730,4.112531,4.157902
1.642505,4.075444,4.122468,4.171199
1.644971,4.076268,4.123296,4.170368
1.644971,4.075444,4.120812,4.169537
1.643327,4.075444,4.120812,4.168706
1.641683,4.074620,4.120812,4.169537
1.644149,4.077093,4.121640,4.169537
1.644971,4.075444,4.122468,4.168706
1.645793,4.080389,4.124952,4.172030
1.645793,4.086982,4.133233,4.182834
1.645793,4.086158,4.132405,4.182003
1.644149,4.085334,4.132405,4.181172
1.640038,4.094400,4.139030,4.187820
1.639216,4.100169,4.143999,4.194469
1.637572,4.096872,4.141514,4.191976
1.637572,4.097696,4.142343,4.192807
1.636750,4.096872,4.141514,4.192807
1.638394,4.099345,4.143999,4.195300
1.635928,4.107586,4.153108,4.206935
1.635928,4.107586,4.151452,4.206104
1.635106,4.105938,4.151452,4.204442
1.635106,4.108410,4.152280,4.204442
1.634284,4.107586,4.152280,4.205273
1.630995,4.110883,4.155592,4.209428
1.630173,4.117476,4.164702,4.218570
1.632639,4.118300,4.163045,4.218570
1.633461,4.117476,4.162217,4.218570
1.630995,4.117476,4.162217,4.216077
1.630173,4.118300,4.163045,4.217739
1.630995,4.117476,4.163045,4.217739
1.628529,4.124894,4.170498,4.227712
1.628529,4.127366,4.174639,4.229374
1.627706,4.127366,4.173811,4.231036
1.628529,4.128190,4.172983,4.231036
1.627706,4.127366,4.172983,4.231036
1.627706,4.127366,4.172983,4.230205
1.628529,4.128190,4.173811,4.231036
1.627706,4.132311,4.180436,4.237685
1.627706,4.137256,4.182920,4.242671
1.626884,4.137256,4.182920,4.241009
1.626062,4.137256,4.182920,4.242671
1.626884,4.136432,4.184576,4.242671
1.626884,4.136432,4.182092,4.240178
1.628529,4.133959,4.178779,4.236854
1.623596,4.137256,4.184576,4.243502
1.624418,4.138904,4.182920,4.241840
1.626062,4.137256,4.183748,4.241840
1.625240,4.137256,4.182920,4.241840
1.626884,4.137256,4.183748,4.240178
1.625240,4.138080,4.182920,4.240178
1.626062,4.137256,4.183748,4.241840
1.626062,4.136432,4.184576,4.241009
1.624418,4.138080,4.183748,4.241840
1.623596,4.138080,4.183748,4.241009
1.625240,4.138080,4.183748,4.241840
1.624418,4.138080,4.184576,4.241009
1.625240,4.138080,4.184576,4.243502
1.625240,4.138080,4.183748,4.241840
1.625240,4.137256,4.184576,4.243502
1.628529,4.138904,4.185404,4.244333
1.626062,4.139728,4.186232,4.244333
1.626884,4.138080,4.184576,4.242671
1.625240,4.138080,4.184576,4.244333
1.625240,4.138080,4.184576,4.244333
1.626062,4.138904,4.183748,4.242671
1.624418,4.138904,4.185404,4.243502
1.625240,4.138080,4.185404,4.243502
1.623596,4.136432,4.183748,4.242671
1.625240,4.138904,4.184576,4.244333
1.624418,4.138080,4.184576,4.241840
1.625240,4.137256,4.185404,4.242671
1.623596,4.137256,4.185404,4.241840
1.626062,4.138080,4.185404,4.243502
1.625240,4.138904,4.186232,4.243502
1.628529,4.129014,4.175467,4.231867
1.631817,4.129838,4.175467,4.232698
1.630995,4.129838,4.175467,4.233529
1.630173,4.129014,4.177123,4.231036
1.630173,4.129838,4.175467,4.231036
1.630995,4.129838,4.176295,4.231867
1.630173,4.129014,4.174639,4.231036
1.630995,4.128190,4.176295,4.231867
1.629351,4.129014,4.173811,4.231867
1.630173,4.129014,4.175467,4.231867
1.629351,4.129014,4.174639,4.231867
1.630995,4.129014,4.175467,4.231867
1.629351,4.129838,4.173811,4.231036
1.628529,4.128190,4.175467,4.231867
1.630995,4.128190,4.172983,4.231867
1.631817,4.129014,4.176295,4.232698
1.628529,4.128190,4.174639,4.231867
1.630173,4.129014,4.175467,4.231036
1.629351,4.129014,4.175467,4.230205
1.629351,4.129838,4.175467,4.231867
1.630995,4.128190,4.174639,4.231036
1.631817,4.129014,4.176295,4.234360
1.630173,4.129014,4.175467,4.231036
1.629351,4.129014,4.176295,4.232698
1.630173,4.129014,4.175467,4.232698
1.629351,4.129014,4.175467,4.232698
1.630995,4.130663,4.176295,4.232698
1.629351,4.127366,4.173811,4.231867
1.627706,4.129014,4.174639,4.231867
1.630173,4.129838,4.176295,4.232698
1.630173,4.131487,4.175467,4.231036
1.632639,4.121597,4.166358,4.221894
1.633461,4.118300,4.163873,4.221063
1.634284,4.115828,4.159733,4.214415
1.635106,4.110059,4.153936,4.207766
1.635106,4.109235,4.153936,4.206935
1.636750,4.110059,4.154764,4.207766
1.637572,4.110059,4.153936,4.207766
1.635928,4.107586,4.153936,4.206935
1.635928,4.107586,4.154764,4.207766
1.637572,4.103466,4.148139,4.201118
1.639216,4.097696,4.141514,4.195300
1.639216,4.098521,4.143171,4.195300
1.639216,4.096872,4.143171,4.196962
1.640038,4.099345,4.143171,4.196962
1.640038,4.099345,4.143999,4.196131
1.639216,4.100169,4.143171,4.195300
1.636750,4.098521,4.143999,4.196131
1.643327,4.091927,4.134890,4.186989
1.644149,4.086158,4.132405,4.181172
1.644971,4.087807,4.131577,4.182834
1.646616,4.087807,4.132405,4.183665
1.646616,4.087807,4.132405,4.183665
1.647438,4.089455,4.133233,4.183665
1.646616,4.086982,4.133233,4.183665
1.645793,4.088631,4.134061,4.183665
1.644971,4.088631,4.132405,4.183665
1.645793,4.079565,4.124952,4.174523
1.649082,4.076268,4.121640,4.170368
1.646616,4.077093,4.122468,4.172030
1.645793,4.077093,4.122468,4.170368
1.644971,4.076268,4.122468,4.171199
1.648260,4.069675,4.115015,4.163719
1.651548,4.064730,4.111702,4.158733
1.651548,4.063906,4.110874,4.156240
1.653193,4.053192,4.100109,4.145436
1.653193,4.053192,4.098453,4.147098
1.655659,4.055665,4.100937,4.145436
1.654015,4.054840,4.100109,4.144605
1.656481,4.047423,4.094312,4.140449
1.660592,4.040830,4.088515,4.132970
1.657303,4.039181,4.088515,4.132139
1.654837,4.041654,4.087687,4.132970
1.656481,4.042478,4.088515,4.133801
1.658948,4.030940,4.077750,4.121335
1.662236,4.030116,4.076922,4.120504
1.663058,4.029292,4.075266,4.119672
1.663880,4.029292,4.076094,4.119672
1.663058,4.028467,4.076094,4.119672
1.666347,4.018578,4.064500,4.108869
1.667991,4.014457,4.062844,4.105544
1.667991,4.016105,4.062844,4.105544
1.667169,4.014457,4.061188,4.105544
1.665525,4.015281,4.062016,4.105544
1.665525,4.015281,4.062844,4.107206
1.668813,4.002094,4.050422,4.092247
1.669635,4.000446,4.048766,4.090585
1.672924,3.999622,4.049594,4.090585
1.672924,4.000446,4.047938,4.089754
1.672924,4.000446,4.047110,4.090585
1.673746,4.001270,4.047938,4.091416
1.672924,3.994677,4.041313,4.083936
1.677857,3.983139,4.028891,4.068146
1.677857,3.982315,4.028891,4.068977
1.680323,3.974073,4.019782,4.057342
1.685256,3.963359,4.009845,4.045707
1.681967,3.961711,4.008189,4.044045
1.685256,3.960063,4.009017,4.044045
1.685256,3.961711,4.009017,4.045707
1.686900,3.959238,4.004048,4.042383
1.693477,3.937810,3.983345,4.015788
1.691011,3.936986,3.983345,4.016619
1.691833,3.937810,3.983345,4.016619
1.691833,3.936986,3.982517,4.017451
1.693477,3.937810,3.985002,4.016619
1.693477,3.931217,3.977549,4.009971
1.700054,3.910613,3.956846,3.985039
1.702521,3.912262,3.957674,3.987532
1.700876,3.910613,3.957674,3.985039
1.701699,3.910613,3.958502,3.985870
1.702521,3.911437,3.958502,3.985870
1.703343,3.910613,3.956846,3.984208
1.703343,3.910613,3.957674,3.985039
1.706631,3.892482,3.937799,3.963431
1.710742,3.884240,3.931174,3.953458
1.711564,3.884240,3.932003,3.954289
1.711564,3.883416,3.932003,3.955951
1.708276,3.884240,3.932003,3.954289
1.709920,3.882592,3.931174,3.953458
1.711564,3.883416,3.932003,3.953458
1.713208,3.884240,3.932003,3.953458
1.712386,3.884240,3.931174,3.954289
1.710742,3.883416,3.930346,3.954289
1.707454,3.883416,3.931174,3.952627
1.708276,3.884240,3.932003,3.952627
1.710742,3.883416,3.930346,3.952627
1.709920,3.883416,3.931174,3.952627
1.709920,3.881768,3.931174,3.953458
1.710742,3.883416,3.931174,3.954289
1.709920,3.883416,3.931174,3.953458
1.712386,3.875175,3.922893,3.945147
1.723074,3.854571,3.903019,3.921877
1.720608,3.857867,3.903847,3.922708
1.718963,3.856219,3.903019,3.922708
1.718963,3.856219,3.904675,3.921877
1.719786,3.855395,3.903019,3.922708
1.718141,3.854571,3.903019,3.922708
1.718141,3.855395,3.903019,3.921877
1.718141,3.857043,3.903019,3.921877
1.719786,3.856219,3.903019,3.921046
1.720608,3.854571,3.902191,3.921877
1.718141,3.856219,3.903019,3.921877
1.717319,3.854571,3.901363,3.921046
1.719786,3.854571,3.901363,3.921046
1.719786,3.853747,3.903019,3.920215
1.719786,3.854571,3.903019,3.921877
1.718963,3.855395,3.903019,3.921046
1.718141,3.864461,3.912956,3.931019
1.711564,3.881768,3.929518,3.950965
1.709920,3.882592,3.929518,3.952627
1.709098,3.881768,3.928690,3.953458
1.708276,3.882592,3.929518,3.952627
1.708276,3.882592,3.929518,3.953458
1.710742,3.881768,3.927862,3.952627
1.710742,3.880944,3.929518,3.950965
1.710742,3.881768,3.928690,3.951796
1.709920,3.881768,3.928690,3.952627
1.709920,3.881768,3.929518,3.950965
1.707454,3.885064,3.933659,3.955951
1.701699,3.906493,3.954362,3.980052
1.702521,3.905668,3.953533,3.981714
1.700876,3.907317,3.952705,3.981714
1.703343,3.905668,3.952705,3.982545
1.703343,3.905668,3.953533,3.983377
1.701699,3.907317,3.953533,3.982545
1.701699,3.906493,3.952705,3.981714
1.700876,3.906493,3.952705,3.980052
1.700054,3.905668,3.952705,3.981714
1.699232,3.906493,3.953533,3.981714
1.698410,3.908141,3.953533,3.980052
1.697588,3.911437,3.960158,3.988363
1.695122,3.932865,3.980033,4.010802
1.694299,3.932041,3.978377,4.010802
1.692655,3.932865,3.977549,4.009971
1.694299,3.932865,3.977549,4.009971
1.694299,3.931217,3.978377,4.009140
1.692655,3.932865,3.978377,4.010802
1.692655,3.931217,3.978377,4.009971
1.695122,3.932865,3.978377,4.009971
1.692655,3.932865,3.978377,4.011633
1.692655,3.932041,3.977549,4.009971
1.692655,3.932041,3.978377,4.010802
1.693477,3.932041,3.977549,4.010802
1.691833,3.932865,3.976721,4.010802
1.692655,3.932041,3.978377,4.011633
1.691833,3.933690,3.979205,4.010802
1.692655,3.931217,3.977549,4.010802
1.687722,3.949349,3.996595,4.029917
1.683612,3.953469,4.001564,4.037396
1.681967,3.961711,4.007361,4.043214
1.677035,3.975722,4.023095,4.061497
1.677035,3.975722,4.023095,4.061497
1.679501,3.976546,4.023923,4.062328
1.677857,3.976546,4.023095,4.061497
1.678679,3.976546,4.023923,4.060666
1.681145,3.976546,4.023923,4.061497
1.674568,3.983139,4.030548,4.070639
1.671280,3.994677,4.041313,4.083105
1.672924,3.995501,4.042141,4.083105
1.672102,3.994677,4.041313,4.082274
1.669635,3.994677,4.042141,4.082274
1.670457,3.995501,4.042969,4.082274
1.672102,3.994677,4.042141,4.082274
1.672102,3.994677,4.042141,4.083105
1.671280,3.995501,4.042969,4.083105
1.668813,4.010336,4.057047,4.100558
1.665525,4.009512,4.058703,4.101389
1.663880,4.011160,4.057875,4.101389
1.663058,4.011160,4.057875,4.101389
1.664703,4.010336,4.057875,4.101389
1.662236,4.010336,4.058703,4.101389
1.665525,4.012808,4.058703,4.102220
1.664703,4.010336,4.057047,4.100558
1.663880,4.011984,4.057047,4.102220
1.663880,4.011160,4.057875,4.101389
1.665525,4.010336,4.058703,4.101389
1.665525,4.013633,4.060360,4.103882
1.661414,4.025995,4.075266,4.118010
1.659770,4.033412,4.081062,4.125490
1.657303,4.038357,4.086859,4.131307
1.657303,4.039181,4.086859,4.130476
1.657303,4.037533,4.086031,4.131307
1.656481,4.038357,4.086031,4.130476
1.657303,4.045775,4.094312,4.139618
1.654837,4.051544,4.097625,4.145436
1.652370,4.054016,4.099281,4.144605
1.650726,4.050720,4.098453,4.141280
1.651548,4.051544,4.097625,4.142942
1.650726,4.051544,4.099281,4.145436
1.650726,4.064730,4.111702,4.157902
1.650726,4.063906,4.110046,4.156240
1.651548,4.063082,4.110874,4.157902
1.650726,4.063906,4.110874,4.156240
1.648260,4.063082,4.109218,4.156240
1.649082,4.063906,4.110046,4.157902
1.645793,4.071323,4.119984,4.167044
1.644971,4.076268,4.121640,4.168706
1.646616,4.075444,4.121640,4.171199
1.643327,4.075444,4.120812,4.168706
1.644971,4.077093,4.122468,4.168706
1.644971,4.074620,4.121640,4.167044
1.644149,4.073796,4.120812,4.166213
1.642505,4.086158,4.134061,4.180341
1.640861,4.086982,4.132405,4.181172
1.640861,4.086158,4.131577,4.180341
1.640861,4.086158,4.131577,4.181172
1.640861,4.085334,4.132405,4.181172
1.640038,4.085334,4.132405,4.181172
1.639216,4.084510,4.130749,4.180341
1.640038,4.088631,4.134061,4.186158
1.638394,4.096872,4.141514,4.195300
1.635106,4.097696,4.141514,4.193638
1.637572,4.096872,4.141514,4.193638
1.632639,4.107586,4.153936,4.206104
1.630995,4.105938,4.152280,4.206104
1.632639,4.108410,4.152280,4.206935
1.633461,4.106762,4.153108,4.206104
1.634284,4.106762,4.150624,4.204442
1.632639,4.110883,4.156420,4.208597
1.631817,4.118300,4.163873,4.220232
1.631817,4.117476,4.163045,4.219401
1.628529,4.115828,4.162217,4.218570
1.629351,4.117476,4.163873,4.219401
1.628529,4.116652,4.164702,4.218570
1.631817,4.117476,4.163045,4.219401
1.628529,4.125718,4.172983,4.229374
1.626062,4.128190,4.174639,4.231036
1.628529,4.127366,4.175467,4.231036
1.627706,4.127366,4.174639,4.231867
1.628529,4.127366,4.174639,4.231036
1.627706,4.127366,4.173811,4.231036
1.629351,4.127366,4.173811,4.231036
1.628529,4.137256,4.183748,4.242671
1.625240,4.138904,4.185404,4.242671
1.627706,4.137256,4.183748,4.243502
1.626884,4.137256,4.183748,4.244333
1.626062,4.138080,4.185404,4.242671
1.626062,4.137256,4.184576,4.242671
1.623596,4.137256,4.184576,4.244333
1.624418,4.138904,4.185404,4.243502
1.622774,4.136432,4.182920,4.243502
1.625240,4.127366,4.174639,4.230205
1.623596,4.137256,4.182920,4.241840
1.625240,4.138904,4.183748,4.243502
1.624418,4.137256,4.183748,4.241840
1.624418,4.137256,4.183748,4.242671
1.625240,4.138080,4.183748,4.242671
1.624418,4.139728,4.185404,4.243502
1.621952,4.138080,4.184576,4.242671
1.626062,4.138080,4.184576,4.243502
1.626062,4.138904,4.184576,4.242671
1.623596,4.139728,4.184576,4.241840
1.621952,4.138080,4.183748,4.241840
1.625240,4.137256,4.182920,4.242671
1.624418,4.138080,4.184576,4.243502
1.625240,4.138080,4.184576,4.241840
1.625240,4.138904,4.182920,4.242671
1.623596,4.137256,4.184576,4.242671
1.622774,4.138904,4.184576,4.242671
1.628529,4.138904,4.184576,4.243502
1.626062,4.138080,4.183748,4.242671
1.626884,4.138080,4.182920,4.244333
1.624418,4.138080,4.182920,4.242671
1.624418,4.136432,4.184576,4.241840
1.625240,4.138080,4.185404,4.244333
1.622774,4.138904,4.186232,4.242671
1.622774,4.138904,4.183748,4.241840
1.624418,4.138904,4.186232,4.242671
1.625240,4.138080,4.185404,4.243502
1.625240,4.138904,4.185404,4.242671
1.626884,4.137256,4.183748,4.242671
1.626062,4.137256,4.185404,4.243502
1.630173,4.130663,4.176295,4.232698
1.628529,4.127366,4.174639,4.231036
1.628529,4.128190,4.174639,4.231867
1.626062,4.129014,4.175467,4.232698
1.628529,4.128190,4.175467,4.231036
1.630995,4.128190,4.174639,4.231036
1.630173,4.129014,4.176295,4.231036
1.630995,4.129014,4.174639,4.231036
1.629351,4.128190,4.174639,4.231036
1.632639,4.129014,4.175467,4.231036
1.628529,4.129014,4.176295,4.231036
1.627706,4.128190,4.174639,4.232698
1.626062,4.129014,4.174639,4.231867
1.628529,4.127366,4.174639,4.232698
1.627706,4.129014,4.175467,4.232698
1.627706,4.128190,4.175467,4.233529
1.628529,4.129014,4.174639,4.231867
1.629351,4.124069,4.168842,4.226050
1.632639,4.119124,4.163045,4.219401
1.633461,4.117476,4.163045,4.219401
1.633461,4.118300,4.163045,4.219401
1.631817,4.119124,4.164702,4.218570
1.630995,4.120773,4.163873,4.219401
1.632639,4.119124,4.163873,4.219401
1.631817,4.120773,4.163045,4.218570
1.633461,4.119124,4.163873,4.220232
1.634284,4.117476,4.163873,4.218570
1.634284,4.118300,4.163873,4.218570
1.635106,4.119124,4.163873,4.219401
1.635106,4.119949,4.164702,4.219401
1.634284,4.118300,4.164702,4.220232
1.635106,4.111707,4.156420,4.211922
1.636750,4.107586,4.154764,4.207766
1.637572,4.109235,4.153108,4.208597
1.637572,4.108410,4.152280,4.206935
1.638394,4.108410,4.152280,4.207766
1.636750,4.106762,4.153108,4.207766
1.640038,4.102641,4.148139,4.201118
1.641683,4.097696,4.142343,4.193638
1.640861,4.096872,4.141514,4.196131
1.640861,4.096048,4.143999,4.195300
1.640038,4.096872,4.143999,4.193638
1.640038,4.097696,4.143171,4.196131
1.639216,4.097696,4.143999,4.195300
1.643327,4.093576,4.140686,4.190314
1.642505,4.086158,4.131577,4.181172
1.640861,4.086158,4.132405,4.182834
1.641683,4.086158,4.132405,4.182003
1.643327,4.086982,4.134061,4.182834
1.646616,4.088631,4.133233,4.184496
1.645793,4.086982,4.134061,4.183665
1.644149,4.089455,4.134061,4.182834
1.644971,4.080389,4.127437,4.177016
1.647438,4.075444,4.123296,4.171199
1.648260,4.075444,4.123296,4.169537
1.649904,4.075444,4.124124,4.171199
1.648260,4.075444,4.123296,4.172030
1.647438,4.076268,4.123296,4.172030
1.648260,4.077917,4.124124,4.171199
1.649904,4.076268,4.124124,4.170368
1.646616,4.076268,4.123296,4.171199
1.644149,4.070499,4.116671,4.165381
1.649082,4.058961,4.105078,4.152084
1.654015,4.052368,4.099281,4.144605
1.653193,4.053192,4.100109,4.147098
1.654015,4.052368,4.100109,4.146267
1.654015,4.052368,4.098453,4.145436
1.658125,4.040006,4.086031,4.132970
1.658948,4.041654,4.088515,4.134632
1.657303,4.040830,4.089344,4.133801
1.654837,4.039181,4.087687,4.132970
1.660592,4.030116,4.076922,4.122997
1.661414,4.028467,4.074438,4.120504
1.661414,4.028467,4.075266,4.120504
1.662236,4.028467,4.076094,4.120504
1.664703,4.028467,4.076094,4.120504
1.666347,4.016105,4.062016,4.107206
1.667169,4.016105,4.061188,4.106375
1.666347,4.013633,4.061188,4.105544
1.667169,4.015281,4.061188,4.105544
1.665525,4.014457,4.062844,4.105544
1.666347,4.007864,4.052907,4.097233
1.671280,3.999622,4.047110,4.088923
1.669635,3.998798,4.047938,4.089754
1.667991,3.998798,4.047110,4.088923
1.670457,3.997974,4.047938,4.088923
1.670457,3.998798,4.047938,4.088092
1.671280,3.989732,4.036344,4.078119
1.675390,3.982315,4.029720,4.068977
1.677035,3.982315,4.029720,4.068146
1.679501,3.982315,4.030548,4.068977
1.677035,3.981491,4.029720,4.068977
1.676212,3.980666,4.028063,4.068146
1.677035,3.976546,4.023923,4.063160
1.681967,3.960063,4.008189,4.044876
1.682789,3.959238,4.009845,4.044045
1.683612,3.960063,4.007361,4.044876
1.689367,3.940283,3.987486,4.019113
1.695122,3.936162,3.984174,4.016619
1.695122,3.936986,3.984174,4.016619
1.693477,3.937810,3.983345,4.017451
1.691833,3.936162,3.981689,4.016619
1.692655,3.931217,3.977549,4.009140
1.700054,3.909789,3.957674,3.985870
1.700054,3.909789,3.957674,3.985870
1.702521,3.910613,3.959330,3.985870
1.703343,3.910613,3.957674,3.986701
1.700876,3.908965,3.956846,3.985039
1.700876,3.908965,3.957674,3.985039
1.700054,3.909789,3.957674,3.984208
1.705809,3.890009,3.936971,3.961769
1.709098,3.885064,3.932003,3.954289
1.706631,3.883416,3.933659,3.953458
1.707454,3.885064,3.932003,3.954289
1.709098,3.884240,3.932003,3.952627
1.711564,3.883416,3.931174,3.953458
1.711564,3.882592,3.931174,3.952627
1.709098,3.882592,3.931174,3.953458
1.709920,3.882592,3.932003,3.951796
1.709098,3.882592,3.930346,3.952627
1.709920,3.881768,3.930346,3.952627
1.712386,3.878471,3.926206,3.947640
1.718963,3.853747,3.903019,3.921046
1.721430,3.856219,3.904675,3.921877
1.718141,3.856219,3.905503,3.923539
1.711564,3.880120,3.931174,3.951796
1.708276,3.881768,3.930346,3.951796
1.718141,3.858692,3.906331,3.924370
1.719786,3.855395,3.903847,3.921046
1.720608,3.854571,3.903019,3.920215
1.720608,3.856219,3.903019,3.920215
1.720608,3.855395,3.904675,3.921046
1.718963,3.854571,3.903019,3.921046
1.713208,3.880120,3.929518,3.950134
1.709098,3.881768,3.929518,3.950965
1.707454,3.880944,3.929518,3.950134
1.708276,3.881768,3.930346,3.951796
1.708276,3.881768,3.928690,3.951796
1.709098,3.880944,3.930346,3.950134
1.711564,3.880944,3.928690,3.952627
1.711564,3.881768,3.929518,3.951796
1.710742,3.880120,3.928690,3.951796
1.710742,3.881768,3.929518,3.951796
1.709098,3.880120,3.929518,3.951796
1.709098,3.880944,3.929518,3.951796
1.709098,3.880944,3.930346,3.952627
1.709098,3.880120,3.929518,3.953458
1.711564,3.880944,3.927862,3.951796
1.709098,3.880944,3.928690,3.950134
1.706631,3.880944,3.930346,3.951796
1.707454,3.882592,3.928690,3.951796
1.708276,3.882592,3.930346,3.951796
1.709920,3.881768,3.929518,3.950965
1.709920,3.882592,3.929518,3.950965
1.707454,3.880944,3.929518,3.950965
1.713208,3.869406,3.915440,3.936005
1.712386,3.875999,3.922065,3.944316
1.708276,3.880120,3.929518,3.951796
1.709098,3.889185,3.936143,3.962600
1.699232,3.907317,3.953533,3.983377
1.695122,3.905668,3.953533,3.981714
1.699232,3.905668,3.953533,3.982545
1.700876,3.906493,3.953533,3.980052
1.700054,3.905668,3.951877,3.980883
1.700876,3.905668,3.954362,3.980883
1.700876,3.905668,3.952705,3.980883
1.700054,3.906493,3.953533,3.981714
1.698410,3.907317,3.954362,3.982545
1.702521,3.905668,3.953533,3.982545
1.698410,3.906493,3.953533,3.980883
1.698410,3.918855,3.967611,3.995843
1.693477,3.931217,3.979205,4.010802
1.692655,3.932865,3.977549,4.010802
1.691833,3.931217,3.978377,4.010802
1.688544,3.931217,3.977549,4.011633
1.686900,3.931217,3.977549,4.010802
1.689367,3.930393,3.977549,4.009140
1.693477,3.932041,3.978377,4.009971
1.691833,3.931217,3.978377,4.010802
1.693477,3.931217,3.979205,4.010802
1.693477,3.930393,3.976721,4.009140
1.690189,3.932865,3.978377,4.009140
1.691011,3.932041,3.977549,4.009971
1.688544,3.932041,3.977549,4.009140
1.688544,3.932865,3.975892,4.009140
1.690189,3.932041,3.977549,4.011633
1.689367,3.932041,3.978377,4.011633
1.684434,3.946052,3.993283,4.029086
1.677035,3.975722,4.023923,4.062328
1.677035,3.974897,4.021438,4.060666
1.675390,3.977370,4.022267,4.062328
1.678679,3.976546,4.021438,4.061497
1.677035,3.976546,4.020610,4.061497
1.677035,3.975722,4.022267,4.062328
1.673746,3.991380,4.038001,4.079781
1.670457,3.994677,4.042141,4.082274
1.669635,3.995501,4.041313,4.083105
1.669635,3.995501,4.041313,4.083105
1.671280,3.995501,4.042141,4.083936
1.672924,3.995501,4.042969,4.083105
1.668813,3.995501,4.042141,4.082274
1.665525,4.011160,4.057047,4.099727
1.665525,4.011984,4.057875,4.100558
1.664703,4.010336,4.057047,4.100558
1.663058,4.010336,4.057875,4.101389
1.663058,4.011160,4.056219,4.101389
1.664703,4.012808,4.058703,4.102220
1.666347,4.012808,4.057875,4.103051
1.667169,4.010336,4.057875,4.100558
1.667169,4.011160,4.057875,4.101389
1.664703,4.025171,4.071953,4.118010
1.661414,4.025171,4.071953,4.116348
1.660592,4.025171,4.071125,4.116348
1.660592,4.024347,4.072781,4.117179
1.659770,4.025995,4.071953,4.118010
1.657303,4.025171,4.072781,4.116348
1.660592,4.025171,4.070297,4.117179
1.658125,4.025171,4.071953,4.116348
1.661414,4.030940,4.078578,4.122166
1.654837,4.039181,4.086031,4.131307
1.653193,4.040830,4.087687,4.134632
1.651548,4.051544,4.100937,4.145436
1.652370,4.051544,4.100109,4.142942
1.652370,4.051544,4.097625,4.143774
1.652370,4.049895,4.097625,4.142942
1.654015,4.051544,4.097625,4.144605
1.650726,4.058961,4.105078,4.153746
1.649082,4.063082,4.110046,4.156240
1.646616,4.063082,4.110874,4.156240
1.646616,4.063906,4.110046,4.156240
1.646616,4.063082,4.110046,4.156240
1.648260,4.064730,4.110874,4.156240
1.645793,4.075444,4.122468,4.169537
1.644149,4.075444,4.123296,4.169537
1.645793,4.074620,4.120812,4.167875
1.644971,4.076268,4.119984,4.167875
1.643327,4.077093,4.122468,4.170368
1.644971,4.075444,4.120812,4.167044
1.646616,4.082862,4.128265,4.177016
1.642505,4.085334,4.131577,4.182003
1.644149,4.087807,4.133233,4.182003
1.644149,4.086158,4.130749,4.182003
1.642505,4.087807,4.131577,4.182003
1.641683,4.086982,4.129921,4.182003
1.640861,4.086158,4.129921,4.181172
1.640861,4.090279,4.134890,4.185327
1.640038,4.097696,4.143171,4.192807
1.638394,4.095224,4.142343,4.192807
1.638394,4.098521,4.143171,4.191976
1.639216,4.098521,4.143171,4.192807
1.637572,4.105114,4.150624,4.203611
1.635106,4.107586,4.153936,4.206104
1.632639,4.107586,4.153108,4.207766
1.632639,4.107586,4.151452,4.205273
1.636750,4.109235,4.152280,4.205273
1.636750,4.109235,4.153936,4.207766
1.632639,4.117476,4.164702,4.217739
1.632639,4.119124,4.163873,4.218570
1.631817,4.119124,4.163873,4.219401
1.632639,4.118300,4.163045,4.218570
1.634284,4.118300,4.163873,4.218570
1.633461,4.119124,4.161389,4.218570
1.630173,4.126542,4.172155,4.227712
1.627706,4.128190,4.174639,4.230205
1.627706,4.130663,4.174639,4.230205
1.628529,4.128190,4.173811,4.231036
1.626884,4.128190,4.173811,4.229374
1.627706,4.127366,4.175467,4.230205
1.626062,4.129838,4.174639,4.231867
1.621952,4.137256,4.185404,4.241009
1.623596,4.138904,4.184576,4.242671
1.624418,4.138080,4.184576,4.242671
1.625240,4.138080,4.183748,4.242671
1.623596,4.138904,4.184576,4.242671
1.623596,4.137256,4.182920,4.241840
1.625240,4.138904,4.185404,4.242671
1.624418,4.137256,4.184576,4.241840
1.625240,4.138904,4.182920,4.241840
1.625240,4.138904,4.184576,4.243502
1.625240,4.137256,4.182920,4.241009
1.624418,4.140553,4.184576,4.241840
1.626062,4.129838,4.172155,4.231036
1.630173,4.128190,4.173811,4.231036
1.624418,4.136432,4.182920,4.241840
1.626062,4.138080,4.182920,4.243502
1.626884,4.138080,4.182920,4.244333
1.626062,4.138904,4.184576,4.244333
1.626062,4.138904,4.183748,4.244333
1.626062,4.138080,4.182920,4.244333
1.627706,4.138904,4.184576,4.242671
1.625240,4.138904,4.183748,4.241840
1.626062,4.139728,4.183748,4.243502
1.626062,4.138080,4.182920,4.244333
1.623596,4.138904,4.185404,4.243502
1.625240,4.139728,4.183748,4.243502
1.626062,4.138904,4.185404,4.242671
1.626884,4.138904,4.183748,4.243502
1.625240,4.138080,4.185404,4.245164
1.625240,4.138904,4.186232,4.244333
1.625240,4.138904,4.184576,4.241840
1.626884,4.138904,4.185404,4.243502
1.626062,4.140553,4.185404,4.244333
1.625240,4.138904,4.183748,4.244333
1.625240,4.138904,4.184576,4.243502
1.626062,4.138904,4.186232,4.243502
1.626884,4.139728,4.186232,4.244333
1.625240,4.138080,4.185404,4.244333
1.626884,4.138080,4.185404,4.244333
1.626884,4.138904,4.185404,4.244333
1.628529,4.139728,4.184576,4.243502
1.628529,4.138904,4.185404,4.243502
1.626062,4.138080,4.186232,4.243502
1.627706,4.131487,4.176295,4.233529
1.630173,4.127366,4.175467,4.230205
1.628529,4.128190,4.175467,4.231867
1.628529,4.129014,4.175467,4.232698
1.627706,4.129014,4.173811,4.231867
1.626884,4.129014,4.174639,4.232698
1.627706,4.129838,4.175467,4.232698
1.628529,4.124894,4.171326,4.228543
1.631817,4.117476,4.163873,4.220232
1.634284,4.118300,4.165530,4.221063
1.632639,4.119124,4.163873,4.218570
1.632639,4.119949,4.163873,4.218570
1.631817,4.119949,4.163873,4.220232
1.632639,4.119124,4.165530,4.221894
1.633461,4.118300,4.163045,4.220232
1.633461,4.119124,4.164702,4.219401
1.630173,4.119124,4.164702,4.220232
1.631817,4.119124,4.166358,4.220232
1.629351,4.119949,4.164702,4.219401
1.631817,4.118300,4.163873,4.219401
1.633461,4.119124,4.165530,4.220232
1.631817,4.117476,4.164702,4.218570
1.633461,4.119124,4.165530,4.220232
1.633461,4.119124,4.164702,4.219401
1.632639,4.119124,4.164702,4.221063
1.633461,4.119949,4.165530,4.220232
1.634284,4.119949,4.164702,4.221063
1.631817,4.119124,4.164702,4.220232
1.633461,4.119124,4.163045,4.219401
1.635106,4.119949,4.164702,4.220232
1.633461,4.119949,4.164702,4.220232
1.633461,4.114180,4.157249,4.214415
1.636750,4.109235,4.153936,4.208597
1.637572,4.109235,4.154764,4.207766
1.635928,4.105938,4.152280,4.205273
1.639216,4.096872,4.143171,4.193638
1.639216,4.097696,4.143171,4.194469
1.640861,4.098521,4.143999,4.196131
1.640038,4.099345,4.142343,4.196131
1.640861,4.099345,4.142343,4.196131
1.640038,4.097696,4.143999,4.195300
1.640861,4.091927,4.135718,4.187820
1.644149,4.087807,4.133233,4.182834
1.644971,4.087807,4.132405,4.184496
1.644971,4.086982,4.131577,4.182003
1.644971,4.087807,4.133233,4.182834
1.644149,4.087807,4.133233,4.183665
1.644971,4.087807,4.134061,4.182834
1.644971,4.077093,4.119984,4.167875
1.645793,4.077093,4.121640,4.171199
1.646616,4.077093,4.122468,4.172030
1.649082,4.077093,4.123296,4.171199
1.645793,4.077093,4.121640,4.172030
1.645793,4.077093,4.122468,4.172030
1.644971,4.076268,4.123296,4.172030
1.645793,4.073796,4.119155,4.168706
1.650726,4.063906,4.110874,4.157071
1.651548,4.064730,4.111702,4.159564
1.651548,4.064730,4.112531,4.159564
1.651548,4.065554,4.111702,4.157902
1.651548,4.065554,4.113359,4.157902
1.649082,4.064730,4.112531,4.158733
1.653193,4.061434,4.107562,4.154577
1.656481,4.052368,4.100109,4.143774
1.658125,4.042478,4.087687,4.133801
1.658948,4.040830,4.089344,4.132139
1.661414,4.041654,4.087687,4.132970
1.658948,4.040830,4.086859,4.132139
1.660592,4.034237,4.081891,4.127152
1.665525,4.029292,4.076094,4.120504
1.664703,4.029292,4.074438,4.119672
1.662236,4.029292,4.075266,4.120504
1.663058,4.027643,4.074438,4.118841
1.667169,4.016929,4.061188,4.106375
1.666347,4.015281,4.062016,4.106375
1.667169,4.016105,4.062844,4.107206
1.667169,4.014457,4.062016,4.104713
1.667169,4.014457,4.060360,4.103051
1.672102,4.001270,4.047938,4.090585
1.669635,3.998798,4.047110,4.089754
1.672924,4.001270,4.047938,4.089754
1.674568,4.001270,4.047938,4.089754
1.675390,4.000446,4.048766,4.090585
1.673746,3.990556,4.038001,4.078119
1.677857,3.982315,4.030548,4.068146
1.677035,3.983139,4.029720,4.068146
1.679501,3.982315,4.029720,4.068146
1.675390,3.982315,4.029720,4.068146
1.677035,3.981491,4.030548,4.068977
1.677035,3.977370,4.023095,4.062328
1.681967,3.961711,4.009017,4.043214
1.681145,3.960887,4.009845,4.043214
1.683612,3.961711,4.008189,4.044876
1.683612,3.961711,4.007361,4.042383
1.689367,3.940283,3.987486,4.019944
1.692655,3.936986,3.983345,4.016619
1.694299,3.936986,3.983345,4.014957
1.695122,3.936162,3.983345,4.015788
1.695944,3.936162,3.984174,4.015788
1.692655,3.936162,3.982517,4.014957
1.697588,3.913086,3.959330,3.988363
1.701699,3.911437,3.958502,3.986701
1.700054,3.910613,3.958502,3.985870
1.702521,3.910613,3.958502,3.985870
1.701699,3.910613,3.957674,3.985870
1.700876,3.910613,3.957674,3.986701
1.697588,3.910613,3.955190,3.985870
1.702521,3.898251,3.946080,3.972573
1.709920,3.883416,3.929518,3.952627
1.712386,3.885064,3.931174,3.954289
1.710742,3.885064,3.932003,3.954289
1.710742,3.883416,3.932831,3.953458
1.709920,3.883416,3.931174,3.955120
1.709920,3.884240,3.932003,3.954289
1.711564,3.883416,3.931174,3.955120
1.709098,3.883416,3.931174,3.954289
1.711564,3.882592,3.931174,3.953458
1.710742,3.882592,3.931174,3.953458
1.709920,3.881768,3.931174,3.954289
1.714853,3.868581,3.917097,3.937668
1.718141,3.857867,3.904675,3.922708
1.717319,3.857043,3.905503,3.922708
1.718963,3.855395,3.903847,3.922708
1.717319,3.854571,3.905503,3.922708
1.718963,3.854571,3.904675,3.922708
1.719786,3.855395,3.905503,3.922708
1.722252,3.857867,3.907159,3.926033
1.713208,3.882592,3.931174,3.952627
1.709920,3.883416,3.930346,3.953458
1.709098,3.882592,3.930346,3.953458
1.710742,3.884240,3.930346,3.952627
1.709920,3.882592,3.930346,3.951796
1.712386,3.883416,3.931174,3.951796
1.709920,3.880944,3.930346,3.952627
1.709920,3.880944,3.930346,3.952627
1.706631,3.881768,3.929518,3.953458
1.709098,3.881768,3.930346,3.953458
1.711564,3.880944,3.930346,3.953458
1.710742,3.881768,3.929518,3.951796
1.709098,3.881768,3.930346,3.951796
1.711564,3.880120,3.929518,3.953458
1.709098,3.881768,3.928690,3.952627
1.711564,3.883416,3.930346,3.953458
1.710742,3.880120,3.928690,3.952627
1.712386,3.881768,3.929518,3.953458
1.712386,3.880944,3.929518,3.953458
1.712386,3.880120,3.930346,3.951796
1.710742,3.880944,3.927862,3.952627
1.709920,3.881768,3.928690,3.952627
1.708276,3.880120,3.930346,3.951796
1.709920,3.880944,3.929518,3.952627
1.711564,3.880944,3.929518,3.950134
1.708276,3.880944,3.929518,3.950965
1.706631,3.880944,3.927862,3.950134
1.708276,3.880944,3.927862,3.952627
1.709920,3.881768,3.929518,3.951796
1.707454,3.880120,3.927862,3.949303
1.702521,3.901548,3.950221,3.975897
1.698410,3.906493,3.953533,3.981714
1.696766,3.906493,3.952705,3.979221
1.698410,3.905668,3.954362,3.981714
1.700054,3.906493,3.955190,3.981714
1.701699,3.907317,3.954362,3.981714
1.700054,3.907317,3.952705,3.982545
1.702521,3.906493,3.954362,3.980883
1.702521,3.907317,3.953533,3.981714
1.699232,3.907317,3.953533,3.980883
1.695944,3.927921,3.975064,4.005816
1.693477,3.931217,3.977549,4.010802
1.692655,3.932041,3.977549,4.011633
1.692655,3.932865,3.977549,4.010802
1.690189,3.931217,3.978377,4.009971
1.691011,3.932865,3.978377,4.011633
1.690189,3.933690,3.979205,4.010802
1.689367,3.932041,3.977549,4.009971
1.693477,3.933690,3.978377,4.009971
1.692655,3.933690,3.978377,4.010802
1.692655,3.932865,3.978377,4.009971
1.691011,3.933690,3.978377,4.011633
1.693477,3.931217,3.977549,4.009140
1.694299,3.932865,3.977549,4.009971
1.690189,3.950173,3.997423,4.031579
1.685256,3.955942,4.001564,4.036565
1.683612,3.955942,4.002392,4.036565
1.683612,3.956766,4.001564,4.036565
1.680323,3.956766,3.999908,4.037396
1.686078,3.956766,4.002392,4.036565
1.681967,3.965832,4.012329,4.048200
1.677857,3.976546,4.023095,4.061497
1.678679,3.975722,4.023095,4.060666
1.676212,3.976546,4.023095,4.060666
1.677035,3.980666,4.026407,4.064822
1.672102,3.994677,4.042141,4.082274
1.669635,3.994677,4.040485,4.082274
1.669635,3.994677,4.042141,4.081443
1.668813,3.994677,4.042969,4.083105
1.668813,3.994677,4.042969,4.083936
1.667991,3.994677,4.042141,4.083105
1.667169,4.010336,4.057875,4.100558
1.663880,4.011160,4.056219,4.100558
1.664703,4.012808,4.057047,4.102220
1.664703,4.011984,4.059532,4.101389
1.663880,4.011984,4.057875,4.102220
1.664703,4.011160,4.057875,4.101389
1.664703,4.010336,4.057047,4.100558
1.663880,4.013633,4.059532,4.103882
1.661414,4.028467,4.074438,4.119672
1.660592,4.025171,4.071953,4.118010
1.662236,4.026819,4.071953,4.118010
1.661414,4.026819,4.071953,4.117179
1.659770,4.026819,4.071953,4.116348
1.659770,4.026819,4.072781,4.115517
1.661414,4.027643,4.071953,4.116348
1.663880,4.026819,4.071953,4.118010
1.661414,4.026819,4.071953,4.117179
1.661414,4.025995,4.072781,4.117179
1.658948,4.034237,4.080234,4.125490
1.654837,4.039181,4.086859,4.132139
1.656481,4.044126,4.090172,4.134632
1.651548,4.054840,4.100937,4.145436
1.652370,4.054016,4.098453,4.145436
1.651548,4.050720,4.097625,4.143774
1.650726,4.051544,4.098453,4.142942
1.652370,4.055665,4.103421,4.149591
1.648260,4.063906,4.112531,4.157902
1.648260,4.064730,4.110046,4.156240
1.649082,4.063906,4.110874,4.156240
1.650726,4.064730,4.112531,4.157071
1.649082,4.063906,4.110874,4.157071
1.646616,4.073796,4.121640,4.167044
1.645793,4.077093,4.122468,4.169537
1.643327,4.077093,4.120812,4.170368
1.644971,4.075444,4.121640,4.169537
1.645793,4.077093,4.122468,4.170368
1.644971,4.076268,4.121640,4.168706
1.644149,4.085334,4.132405,4.181172
1.641683,4.087807,4.131577,4.182834
1.642505,4.087807,4.130749,4.183665
1.644149,4.087807,4.132405,4.182003
1.642505,4.086158,4.132405,4.183665
1.640861,4.087807,4.132405,4.182003
1.637572,4.089455,4.135718,4.185327
1.635928,4.098521,4.143999,4.196962
1.636750,4.098521,4.142343,4.195300
1.638394,4.097696,4.142343,4.195300
1.636750,4.098521,4.141514,4.193638
1.640038,4.096872,4.141514,4.194469
1.638394,4.097696,4.140686,4.193638
1.637572,4.096872,4.141514,4.194469
1.638394,4.101817,4.147311,4.201118
1.636750,4.108410,4.153936,4.207766
1.634284,4.107586,4.151452,4.207766
1.634284,4.108410,4.151452,4.205273
1.633461,4.115004,4.161389,4.216077
1.632639,4.120773,4.163045,4.219401
1.630173,4.119124,4.164702,4.218570
1.629351,4.118300,4.163045,4.219401
1.631817,4.119124,4.164702,4.218570
1.630995,4.117476,4.164702,4.218570
1.630173,4.123245,4.168014,4.225219
1.626884,4.129838,4.173811,4.232698
1.628529,4.129014,4.174639,4.230205
1.630995,4.129014,4.174639,4.231036
1.628529,4.129014,4.173811,4.231867
1.631817,4.129838,4.173811,4.231867
1.629351,4.128190,4.174639,4.230205
1.627706,4.136432,4.181264,4.239347
1.626062,4.139728,4.183748,4.242671
1.625240,4.138080,4.184576,4.242671
1.622774,4.139728,4.183748,4.242671
1.622774,4.138080,4.182092,4.243502
1.623596,4.137256,4.183748,4.243502
1.623596,4.138080,4.184576,4.243502
1.623596,4.138904,4.184576,4.243502
1.626062,4.138904,4.185404,4.242671
1.627706,4.138080,4.183748,4.242671
1.626062,4.138904,4.185404,4.241840
1.626062,4.138904,4.184576,4.242671
1.623596,4.138080,4.184576,4.243502
1.622774,4.138080,4.183748,4.245995
1.625240,4.139728,4.184576,4.243502
1.627706,4.130663,4.175467,4.233529
1.630173,4.129014,4.173811,4.232698
1.630173,4.129838,4.175467,4.233529
1.626062,4.137256,4.181264,4.241009
1.625240,4.138080,4.184576,4.243502
1.625240,4.139728,4.185404,4.242671
1.626062,4.138904,4.185404,4.243502
1.627706,4.138904,4.185404,4.242671
1.624418,4.139728,4.184576,4.242671
1.624418,4.138080,4.184576,4.243502
1.622774,4.138904,4.182920,4.243502
1.621129,4.138904,4.183748,4.244333
1.620307,4.138904,4.184576,4.244333
1.621952,4.139728,4.185404,4.243502
1.620307,4.140553,4.186232,4.244333
1.623596,4.137256,4.185404,4.244333
1.623596,4.138904,4.184576,4.243502
1.622774,4.140553,4.183748,4.245164
1.623596,4.139728,4.185404,4.242671
1.623596,4.141377,4.185404,4.244333
1.624418,4.138904,4.186232,4.245164
1.626062,4.138904,4.185404,4.245164
1.627706,4.140553,4.184576,4.244333
1.626062,4.139728,4.184576,4.245164
1.626884,4.138904,4.183748,4.245995
1.624418,4.139728,4.185404,4.244333
1.624418,4.140553,4.184576,4.245164
1.626062,4.138904,4.185404,4.245164
1.626062,4.138904,4.187060,4.244333
1.629351,4.139728,4.185404,4.245164
1.625240,4.138904,4.185404,4.243502
1.626062,4.133135,4.177951,4.235192
1.626062,4.130663,4.174639,4.231036
1.628529,4.131487,4.175467,4.232698
1.629351,4.129838,4.175467,4.231867
1.630995,4.126542,4.171326,4.227712
1.633461,4.118300,4.164702,4.220232
1.634284,4.120773,4.164702,4.219401
1.634284,4.119949,4.164702,4.220232
1.631817,4.119949,4.164702,4.222725
1.632639,4.119949,4.163045,4.221063
1.633461,4.119124,4.163873,4.220232
1.633461,4.119949,4.163873,4.221894
1.634284,4.119124,4.164702,4.221063
1.634284,4.120773,4.163873,4.221063
1.635928,4.119124,4.164702,4.220232
1.633461,4.119949,4.165530,4.220232
1.632639,4.120773,4.164702,4.220232
1.630995,4.120773,4.164702,4.221063
1.632639,4.120773,4.164702,4.221894
1.631817,4.119949,4.163045,4.220232
1.633461,4.120773,4.163873,4.220232
1.632639,4.120773,4.164702,4.219401
1.634284,4.119949,4.163873,4.219401
1.635106,4.118300,4.164702,4.220232
1.630173,4.119124,4.164702,4.222725
1.631817,4.119124,4.165530,4.221894
1.634284,4.119949,4.166358,4.221063
1.631817,4.119949,4.164702,4.222725
1.631817,4.119949,4.164702,4.220232
1.633461,4.118300,4.164702,4.221063
1.635106,4.120773,4.165530,4.221063
1.634284,4.115004,4.161389,4.214415
1.640861,4.096872,4.142343,4.196962
1.641683,4.099345,4.143999,4.196962
1.642505,4.098521,4.143171,4.196131
1.642505,4.098521,4.144827,4.197793
1.640861,4.098521,4.143999,4.195300
1.641683,4.096048,4.141514,4.192807
1.645793,4.085334,4.133233,4.182003
1.645793,4.086982,4.134061,4.182834
1.644971,4.087807,4.133233,4.182003
1.645793,4.088631,4.133233,4.183665
1.644149,4.089455,4.134061,4.183665
1.644149,4.089455,4.134061,4.182834
1.646616,4.074620,4.122468,4.170368
1.648260,4.076268,4.123296,4.171199
1.645793,4.077917,4.122468,4.171199
1.645793,4.077093,4.123296,4.172030
1.646616,4.077093,4.120812,4.170368
1.647438,4.077093,4.123296,4.172030
1.645793,4.071323,4.117499,4.163719
1.649082,4.065554,4.113359,4.158733
1.648260,4.064730,4.111702,4.158733
1.650726,4.066379,4.111702,4.157071
1.651548,4.063906,4.111702,4.158733
1.653193,4.065554,4.111702,4.158733
1.654015,4.065554,4.114187,4.159564
1.650726,4.065554,4.112531,4.158733
1.656481,4.054840,4.100937,4.145436
1.655659,4.053192,4.100937,4.145436
1.653193,4.055665,4.100937,4.147098
1.655659,4.054840,4.100937,4.146267
1.656481,4.051544,4.097625,4.144605
1.658125,4.040830,4.087687,4.132139
1.658948,4.041654,4.088515,4.132970
1.659770,4.031764,4.077750,4.122997
1.662236,4.028467,4.076094,4.122166
1.663880,4.029292,4.075266,4.121335
1.662236,4.030116,4.076094,4.120504
1.663880,4.029292,4.073609,4.119672
1.667169,4.015281,4.061188,4.106375
1.667169,4.016105,4.062844,4.105544
1.669635,4.015281,4.061188,4.106375
1.667991,4.016105,4.061188,4.106375
1.666347,4.009512,4.055391,4.098065
1.669635,4.002919,4.047938,4.089754
1.672924,4.001270,4.047110,4.089754
1.672924,4.002094,4.046282,4.090585
1.671280,4.001270,4.046282,4.088923
1.672924,3.998798,4.044626,4.088923
1.677857,3.983963,4.028063,4.068977
1.678679,3.984787,4.031376,4.068977
1.677857,3.982315,4.029720,4.068146
1.676212,3.983139,4.029720,4.068977
1.676212,3.981491,4.028891,4.068977
1.680323,3.974073,4.019782,4.057342
1.681967,3.960887,4.008189,4.044045
1.679501,3.961711,4.006533,4.044876
1.682789,3.961711,4.007361,4.046538
1.685256,3.961711,4.008189,4.044876
1.686078,3.961711,4.007361,4.045707
1.684434,3.961711,4.004876,4.044045
1.688544,3.955118,3.999908,4.036565
1.692655,3.938635,3.980861,4.015788
1.692655,3.936162,3.984174,4.016619
1.693477,3.936986,3.983345,4.016619
1.691833,3.936162,3.982517,4.015788
1.699232,3.914734,3.959330,3.988363
1.700876,3.912262,3.959330,3.986701
1.702521,3.910613,3.957674,3.984208
1.702521,3.910613,3.957674,3.985039
1.702521,3.911437,3.957674,3.985039
1.701699,3.911437,3.958502,3.986701
1.701699,3.910613,3.956846,3.985870
1.704165,3.899899,3.945252,3.971742
1.712386,3.884240,3.932003,3.954289
1.712386,3.885064,3.932003,3.955120
1.712386,3.884240,3.932003,3.954289
1.710742,3.884240,3.932003,3.954289
1.713208,3.883416,3.932003,3.954289
1.712386,3.885064,3.932003,3.953458
1.712386,3.884240,3.928690,3.952627
1.711564,3.884240,3.930346,3.952627
1.713208,3.883416,3.931174,3.953458
1.712386,3.884240,3.931174,3.952627
1.713208,3.879295,3.927862,3.948472
1.718963,3.855395,3.903847,3.921877
1.719786,3.856219,3.904675,3.922708
1.719786,3.856219,3.903019,3.922708
1.721430,3.856219,3.905503,3.922708
1.718141,3.854571,3.903019,3.922708
1.716497,3.854571,3.903847,3.921877
1.717319,3.856219,3.904675,3.921877
1.718963,3.856219,3.903019,3.921877
1.718141,3.855395,3.904675,3.922708
1.718141,3.856219,3.903847,3.921877
1.719786,3.855395,3.903847,3.921046
1.720608,3.855395,3.903019,3.920215
1.714031,3.875999,3.924550,3.944316
1.712386,3.881768,3.929518,3.951796
1.710742,3.882592,3.928690,3.952627
1.707454,3.881768,3.928690,3.952627
1.709920,3.883416,3.929518,3.953458
1.706631,3.882592,3.929518,3.950965
1.709098,3.883416,3.927034,3.952627
1.710742,3.882592,3.928690,3.951796
1.710742,3.882592,3.929518,3.950965
1.711564,3.882592,3.930346,3.952627
1.708276,3.880944,3.929518,3.952627
1.707454,3.881768,3.930346,3.951796
1.709098,3.883416,3.928690,3.951796
1.709098,3.881768,3.928690,3.950965
1.708276,3.883416,3.928690,3.951796
1.709920,3.883416,3.927862,3.952627
1.709098,3.881768,3.928690,3.952627
1.709098,3.881768,3.929518,3.952627
1.709098,3.880120,3.927862,3.950134
1.709098,3.881768,3.930346,3.950134
1.709098,3.881768,3.929518,3.950134
1.711564,3.880944,3.928690,3.950965
1.711564,3.881768,3.928690,3.951796
1.707454,3.881768,3.927034,3.950965
1.709098,3.880944,3.929518,3.950134
1.707454,3.880944,3.930346,3.950134
1.709098,3.882592,3.928690,3.950134
1.709920,3.880944,3.929518,3.950134
1.704165,3.894954,3.942768,3.968417
1.701699,3.905668,3.954362,3.983377
1.702521,3.905668,3.953533,3.982545
1.702521,3.906493,3.953533,3.980052
1.701699,3.907317,3.952705,3.981714
1.701699,3.906493,3.954362,3.981714
1.699232,3.917207,3.964299,3.994180
1.691833,3.934514,3.978377,4.012464
1.691011,3.932865,3.978377,4.011633
1.691011,3.932865,3.978377,4.009971
1.691833,3.931217,3.978377,4.009971
1.691011,3.932865,3.977549,4.010802
1.691011,3.931217,3.978377,4.010802
1.693477,3.930393,3.978377,4.010802
1.692655,3.932041,3.978377,4.010802
1.693477,3.931217,3.979205,4.010802
1.693477,3.932865,3.978377,4.010802
1.689367,3.950997,3.999080,4.032410
1.684434,3.954294,4.001564,4.038227
1.683612,3.955118,4.001564,4.037396
1.686078,3.955118,4.002392,4.036565
1.685256,3.955942,4.001564,4.036565
1.681967,3.955942,4.001564,4.036565
1.681967,3.956766,4.002392,4.037396
1.682789,3.956766,4.002392,4.038227
1.686900,3.955942,4.001564,4.037396
1.683612,3.955118,4.001564,4.037396
1.684434,3.955942,4.002392,4.039058
1.684434,3.955942,4.001564,4.038227
1.682789,3.954294,4.000736,4.037396
1.687722,3.955942,4.001564,4.037396
1.685256,3.963359,4.009845,4.046538
1.677035,3.978194,4.027235,4.065653
1.667991,3.996325,4.041313,4.083105
1.667169,3.994677,4.042141,4.082274
1.671280,3.995501,4.040485,4.083105
1.669635,3.995501,4.040485,4.083105
1.668813,3.995501,4.042141,4.083936
1.667991,3.995501,4.042141,4.084767
1.664703,4.012808,4.058703,4.100558
1.663880,4.011160,4.057875,4.101389
1.663880,4.011160,4.058703,4.101389
1.664703,4.011160,4.057875,4.101389
1.665525,4.009512,4.057047,4.102220
1.664703,4.010336,4.057047,4.102220
1.663880,4.013633,4.059532,4.104713
1.660592,4.025995,4.073609,4.116348
1.658125,4.026819,4.072781,4.117179
1.660592,4.026819,4.071953,4.117179
1.660592,4.025995,4.071953,4.117179
1.660592,4.025995,4.072781,4.116348
1.658948,4.026819,4.071953,4.115517
1.661414,4.026819,4.071953,4.117179
1.659770,4.025995,4.071953,4.116348
1.658948,4.036709,4.082719,4.127152
1.656481,4.040006,4.086031,4.130476
1.655659,4.040006,4.086859,4.130476
1.656481,4.040006,4.086031,4.131307
1.658948,4.041654,4.086031,4.131307
1.658125,4.039181,4.083547,4.130476
1.658948,4.041654,4.085203,4.130476
1.659770,4.041654,4.085203,4.131307
1.659770,4.043302,4.087687,4.133801
1.653193,4.052368,4.098453,4.145436
1.653193,4.054840,4.099281,4.145436
1.650726,4.064730,4.112531,4.157902
1.649082,4.063906,4.110046,4.157071
1.649082,4.064730,4.110874,4.157902
1.646616,4.064730,4.109218,4.157902
1.644971,4.064730,4.110874,4.157902
1.640038,4.076268,4.121640,4.172030
1.640038,4.076268,4.120812,4.171199
1.641683,4.077093,4.120812,4.169537
1.642505,4.075444,4.119984,4.169537
1.646616,4.075444,4.120812,4.168706
1.646616,4.080389,4.126608,4.176185
1.641683,4.087807,4.132405,4.182834
1.640861,4.087807,4.132405,4.182834
1.640861,4.086158,4.132405,4.182003
1.640861,4.085334,4.132405,4.182003
1.640861,4.086982,4.132405,4.180341
1.643327,4.089455,4.134061,4.183665
1.637572,4.099345,4.143999,4.195300
1.636750,4.098521,4.142343,4.192807
1.637572,4.097696,4.143171,4.192807
1.638394,4.096872,4.140686,4.194469
1.640861,4.098521,4.141514,4.195300
1.640861,4.097696,4.141514,4.193638
1.641683,4.098521,4.141514,4.193638
1.639216,4.109235,4.151452,4.206935
1.635928,4.107586,4.152280,4.206104
1.635928,4.106762,4.153108,4.205273
1.636750,4.108410,4.153108,4.206104
1.635928,4.107586,4.151452,4.206104
1.634284,4.115004,4.160561,4.215246
1.630995,4.119124,4.162217,4.218570
1.632639,4.119949,4.163045,4.217739
1.629351,4.118300,4.161389,4.217739
1.631817,4.117476,4.163045,4.218570
1.630995,4.117476,4.162217,4.217739
1.630173,4.122421,4.168014,4.225219
1.630173,4.128190,4.174639,4.231036
1.628529,4.128190,4.171326,4.229374
1.626884,4.128190,4.172155,4.229374
1.626884,4.129014,4.174639,4.230205
1.625240,4.127366,4.172155,4.229374
1.626884,4.129014,4.172155,4.231867
1.628529,4.136432,4.180436,4.237685
1.627706,4.138080,4.182920,4.241840
1.627706,4.138904,4.182920,4.240178
1.629351,4.139728,4.182920,4.241009
1.626884,4.138080,4.183748,4.241009
1.626884,4.138080,4.184576,4.241840
1.626884,4.138080,4.185404,4.241840
1.625240,4.138080,4.182920,4.241009
1.625240,4.137256,4.183748,4.241840
1.625240,4.138080,4.185404,4.242671
1.626884,4.138904,4.184576,4.243502
1.626884,4.139728,4.183748,4.241009
1.627706,4.139728,4.184576,4.241840
1.624418,4.138904,4.182920,4.243502
1.627706,4.139728,4.184576,4.242671
1.627706,4.139728,4.184576,4.241840
1.627706,4.138904,4.184576,4.241840
1.627706,4.139728,4.185404,4.242671
1.628529,4.132311,4.176295,4.233529
1.628529,4.129014,4.173811,4.231867
1.628529,4.129838,4.174639,4.233529
1.627706,4.129838,4.173811,4.232698
1.628529,4.129838,4.174639,4.232698
1.626884,4.138904,4.183748,4.241840
1.625240,4.138904,4.184576,4.243502
1.623596,4.138080,4.183748,4.243502
1.625240,4.138904,4.182920,4.243502
1.624418,4.138904,4.182920,4.242671
1.625240,4.138904,4.184576,4.241840
1.622774,4.138904,4.184576,4.241840
1.624418,4.139728,4.185404,4.243502
1.624418,4.138904,4.183748,4.243502
1.625240,4.138904,4.182920,4.243502
1.626062,4.139728,4.183748,4.244333
1.625240,4.138904,4.183748,4.243502
1.625240,4.141377,4.185404,4.242671
1.625240,4.138080,4.184576,4.242671
1.627706,4.140553,4.184576,4.241840
1.625240,4.140553,4.186232,4.243502
1.623596,4.139728,4.185404,4.241840
1.624418,4.138904,4.185404,4.242671
1.625240,4.138904,4.185404,4.241009
1.625240,4.138080,4.185404,4.243502
1.627706,4.138904,4.183748,4.242671
1.628529,4.138904,4.182920,4.241840
1.625240,4.138904,4.184576,4.242671
1.624418,4.140553,4.184576,4.242671
1.621129,4.138904,4.183748,4.244333
1.623596,4.140553,4.184576,4.242671
1.626062,4.135608,4.178779,4.238516
1.629351,4.130663,4.174639,4.232698
1.629351,4.129838,4.173811,4.230205
1.635106,4.119949,4.163873,4.219401
1.635106,4.119949,4.164702,4.221063
1.631817,4.119949,4.163873,4.220232
1.634284,4.121597,4.164702,4.221894
1.635928,4.119949,4.165530,4.220232
1.634284,4.120773,4.163873,4.220232
1.632639,4.119949,4.163873,4.220232
1.635928,4.119949,4.165530,4.220232
1.633461,4.120773,4.164702,4.220232
1.630995,4.119949,4.164702,4.221063
1.629351,4.119949,4.164702,4.220232
1.629351,4.120773,4.163873,4.218570
1.631817,4.120773,4.165530,4.219401
1.630173,4.118300,4.163045,4.219401
1.630995,4.119124,4.163873,4.220232
1.631817,4.119949,4.164702,4.220232
1.630173,4.120773,4.164702,4.220232
1.630173,4.119949,4.164702,4.221063
1.629351,4.118300,4.163873,4.219401
1.635928,4.109235,4.153936,4.206104
1.636750,4.109235,4.153936,4.206935
1.637572,4.110059,4.153108,4.207766
1.638394,4.110059,4.153936,4.207766
1.637572,4.109235,4.153108,4.207766
1.635928,4.109235,4.153108,4.207766
1.636750,4.109235,4.153936,4.207766
1.636750,4.109235,4.153108,4.207766
1.636750,4.110883,4.153936,4.207766
1.637572,4.105114,4.149796,4.205273
1.641683,4.098521,4.142343,4.195300
1.640861,4.099345,4.143999,4.196962
1.643327,4.099345,4.143171,4.196962
1.643327,4.087807,4.134061,4.182003
1.644149,4.087807,4.132405,4.182003
1.643327,4.086982,4.134061,4.182834
1.642505,4.089455,4.132405,4.182834
1.641683,4.088631,4.131577,4.182834
1.645793,4.088631,4.133233,4.182834
1.645793,4.076268,4.123296,4.172030
1.646616,4.075444,4.119984,4.169537
1.648260,4.077093,4.122468,4.171199
1.647438,4.076268,4.122468,4.170368
1.647438,4.076268,4.123296,4.170368
1.647438,4.077093,4.120812,4.169537
1.652370,4.064730,4.110874,4.157071
1.654837,4.063906,4.110874,4.157071
1.651548,4.066379,4.111702,4.158733
1.651548,4.065554,4.112531,4.157902
1.651548,4.067203,4.113359,4.158733
1.648260,4.065554,4.112531,4.157902
1.649904,4.059785,4.105078,4.150422
1.656481,4.054840,4.100109,4.144605
1.655659,4.054016,4.100109,4.145436
1.654837,4.054016,4.100109,4.146267
1.654837,4.054840,4.100109,4.145436
1.652370,4.055665,4.100937,4.146267
1.654837,4.056489,4.100109,4.146267
1.655659,4.054840,4.101765,4.145436
1.655659,4.044126,4.089344,4.136294
1.660592,4.040830,4.086859,4.131307
1.662236,4.029292,4.074438,4.118841
1.661414,4.028467,4.073609,4.120504
1.665525,4.030116,4.074438,4.120504
1.663058,4.029292,4.075266,4.118841
1.665525,4.017753,4.062016,4.108037
1.667991,4.014457,4.061188,4.104713
1.669635,4.014457,4.061188,4.105544
1.667991,4.016105,4.062016,4.104713
1.667991,4.007864,4.054563,4.097233
1.673746,4.000446,4.046282,4.089754
1.674568,4.001270,4.047938,4.088923
1.672924,4.002094,4.047110,4.088092
1.672924,4.000446,4.046282,4.088092
1.673746,3.993853,4.038829,4.081443
1.677035,3.982315,4.028063,4.068146
1.678679,3.983139,4.028063,4.068146
1.678679,3.982315,4.029720,4.069808
1.678679,3.983139,4.028063,4.067315
1.679501,3.983139,4.029720,4.068977
1.681967,3.965832,4.011501,4.050693
1.683612,3.962535,4.009017,4.044045
1.685256,3.961711,4.008189,4.044876
1.685256,3.961711,4.007361,4.044045
1.686078,3.963359,4.007361,4.044045
1.684434,3.961711,4.008189,4.044045
1.685256,3.954294,3.999908,4.037396
1.692655,3.937810,3.980861,4.014957
1.692655,3.936986,3.982517,4.017451
1.693477,3.937810,3.983345,4.015788
1.692655,3.936162,3.982517,4.014957
1.691833,3.936162,3.982517,4.014957
1.696766,3.921327,3.965955,3.997505
1.700054,3.910613,3.956846,3.985870
1.699232,3.910613,3.957674,3.985870
1.698410,3.912262,3.956018,3.985039
1.699232,3.911437,3.957674,3.985870
1.701699,3.910613,3.957674,3.985039
1.700054,3.908965,3.956018,3.984208
1.703343,3.907317,3.953533,3.982545
1.709098,3.883416,3.930346,3.952627
1.709098,3.884240,3.931174,3.953458
1.711564,3.884240,3.932003,3.952627
1.713208,3.883416,3.931174,3.953458
1.712386,3.883416,3.931174,3.953458
1.709098,3.884240,3.930346,3.953458
1.712386,3.882592,3.929518,3.953458
1.711564,3.881768,3.930346,3.953458
1.711564,3.883416,3.930346,3.953458
1.708276,3.883416,3.931174,3.952627
1.712386,3.884240,3.931174,3.953458
1.710742,3.875999,3.922893,3.944316
1.718963,3.854571,3.902191,3.920215
1.720608,3.857043,3.903019,3.922708
1.719786,3.855395,3.903847,3.921877
1.719786,3.856219,3.903019,3.921046
1.719786,3.855395,3.903019,3.921877
1.718141,3.855395,3.903019,3.923539
1.722252,3.855395,3.903847,3.921046
1.719786,3.854571,3.903019,3.920215
1.718963,3.854571,3.903019,3.921046
1.718963,3.854571,3.902191,3.919384
1.720608,3.855395,3.903019,3.921046
1.719786,3.853747,3.902191,3.921877
1.718141,3.866109,3.915440,3.934343
1.708276,3.881768,3.929518,3.953458
1.706631,3.880120,3.929518,3.951796
1.709098,3.880120,3.929518,3.950965
1.709098,3.881768,3.928690,3.950965
1.708276,3.880120,3.927862,3.950134
1.707454,3.882592,3.928690,3.950134
1.705809,3.881768,3.928690,3.951796
1.706631,3.880944,3.929518,3.951796
1.704987,3.882592,3.928690,3.951796
1.709098,3.880120,3.928690,3.950965
1.710742,3.880120,3.927862,3.950965
1.709920,3.881768,3.928690,3.950965
1.711564,3.880120,3.930346,3.950965
1.713208,3.880120,3.928690,3.950134
1.713208,3.879295,3.928690,3.950965
1.712386,3.880120,3.927862,3.950965
1.710742,3.880120,3.927862,3.950134
1.709098,3.880120,3.927862,3.950965
1.709098,3.881768,3.927862,3.950965
1.710742,3.880944,3.928690,3.950965
1.709920,3.880944,3.927862,3.950134
1.710742,3.880944,3.927862,3.950134
1.712386,3.881768,3.927862,3.950965
1.708276,3.880120,3.928690,3.951796
1.709920,3.879295,3.927862,3.951796
1.708276,3.880120,3.927862,3.950134
1.709098,3.880120,3.928690,3.950965
1.708276,3.882592,3.927034,3.950134
1.709098,3.880944,3.927034,3.951796
1.708276,3.890834,3.940284,3.963431
1.700876,3.906493,3.953533,3.980883
1.699232,3.905668,3.953533,3.980883
1.693477,3.924624,3.972580,4.001660
1.692655,3.931217,3.978377,4.009971
1.693477,3.932865,3.978377,4.009971
1.693477,3.932041,3.977549,4.009971
1.691833,3.932041,3.977549,4.009971
1.691011,3.931217,3.977549,4.009140
1.693477,3.932041,3.977549,4.009140
1.692655,3.932041,3.978377,4.009971
1.691011,3.931217,3.979205,4.009140
1.683612,3.954294,4.000736,4.036565
1.681967,3.955118,4.002392,4.036565
1.681967,3.954294,3.999908,4.036565
1.682789,3.956766,4.001564,4.037396
1.681967,3.955118,4.000736,4.038227
1.681967,3.955942,4.002392,4.039058
1.681967,3.955118,4.003220,4.037396
1.683612,3.955118,4.001564,4.036565
1.685256,3.955942,4.002392,4.037396
1.685256,3.955118,4.001564,4.037396
1.685256,3.954294,4.002392,4.037396
1.681967,3.954294,4.003220,4.037396
1.682789,3.958414,4.005704,4.041552
1.676212,3.975722,4.023923,4.061497
1.675390,3.977370,4.022267,4.061497
1.675390,3.975722,4.022267,4.061497
1.675390,3.976546,4.022267,4.062328
1.677035,3.976546,4.022267,4.060666
1.673746,3.977370,4.023095,4.061497
1.675390,3.979842,4.027235,4.066484
1.672924,3.994677,4.042969,4.084767
1.672924,3.995501,4.040485,4.083105
1.671280,3.995501,4.041313,4.083105
1.672924,3.995501,4.040485,4.083105
1.666347,4.011160,4.057047,4.101389
1.665525,4.010336,4.057047,4.100558
1.663880,4.011160,4.056219,4.100558
1.662236,4.010336,4.056219,4.099727
1.664703,4.012808,4.056219,4.101389
1.664703,4.011984,4.057875,4.101389
1.661414,4.021874,4.068641,4.112193
1.659770,4.025171,4.072781,4.116348
1.660592,4.025995,4.071125,4.116348
1.662236,4.025995,4.071953,4.116348
1.661414,4.025995,4.071125,4.117179
1.660592,4.025171,4.071953,4.117179
1.661414,4.025995,4.073609,4.118010
1.660592,4.028467,4.075266,4.118841
1.656481,4.040830,4.086859,4.130476
1.656481,4.039181,4.086859,4.129645
1.654837,4.039181,4.085203,4.129645
1.655659,4.039181,4.085203,4.129645
1.657303,4.039181,4.086859,4.130476
1.656481,4.040006,4.085203,4.131307
1.656481,4.039181,4.086859,4.130476
1.659770,4.039181,4.086031,4.130476
1.658948,4.039181,4.086031,4.130476
1.657303,4.049895,4.097625,4.142942
1.654837,4.051544,4.098453,4.142942
1.651548,4.052368,4.099281,4.142942
1.654837,4.052368,4.098453,4.144605
1.650726,4.064730,4.110874,4.157902
1.649082,4.064730,4.110046,4.156240
1.649904,4.065554,4.110874,4.155409
1.648260,4.064730,4.110874,4.156240
1.650726,4.068027,4.116671,4.162888
1.646616,4.077093,4.122468,4.171199
1.645793,4.075444,4.121640,4.168706
1.646616,4.076268,4.122468,4.167875
1.644971,4.074620,4.122468,4.168706
1.645793,4.077093,4.122468,4.171199
1.641683,4.087807,4.133233,4.183665
1.639216,4.087807,4.133233,4.182003
1.641683,4.086158,4.131577,4.181172
1.641683,4.086158,4.130749,4.179510
1.643327,4.085334,4.132405,4.182003
1.640038,4.090279,4.133233,4.183665
1.639216,4.100169,4.143171,4.195300
1.640861,4.096872,4.142343,4.195300
1.639216,4.096872,4.140686,4.192807
1.639216,4.096872,4.140686,4.194469
1.640038,4.096872,4.142343,4.193638
1.637572,4.096048,4.141514,4.193638
1.636750,4.105114,4.149796,4.202780
1.636750,4.107586,4.153108,4.206935
1.634284,4.108410,4.151452,4.207766
1.635106,4.107586,4.151452,4.205273
1.635106,4.105938,4.149796,4.205273
1.635928,4.107586,4.151452,4.204442
1.635106,4.108410,4.152280,4.204442
1.635106,4.109235,4.153108,4.206104
1.630995,4.119124,4.163873,4.220232
1.634284,4.118300,4.162217,4.219401
1.630995,4.118300,4.163045,4.218570
1.633461,4.116652,4.163873,4.219401
1.633461,4.119124,4.165530,4.219401
1.630173,4.128190,4.174639,4.232698
1.629351,4.129014,4.172983,4.231036
1.626884,4.127366,4.173811,4.230205
1.626884,4.128190,4.172983,4.229374
1.626062,4.129014,4.173811,4.229374
1.627706,4.129014,4.175467,4.231867
1.626062,4.130663,4.177123,4.233529
1.623596,4.138904,4.185404,4.241840
1.625240,4.138080,4.184576,4.241840
1.625240,4.138904,4.183748,4.241840
1.625240,4.137256,4.184576,4.242671
1.628529,4.139728,4.185404,4.241840
1.626884,4.138904,4.183748,4.241840
1.626062,4.138080,4.183748,4.241840
1.623596,4.138904,4.183748,4.241840
1.622774,4.139728,4.183748,4.242671
1.622774,4.138904,4.184576,4.240178
1.626062,4.139728,4.185404,4.242671
1.624418,4.137256,4.182920,4.241009
1.625240,4.138904,4.184576,4.241840
1.622774,4.138904,4.184576,4.241009
1.626062,4.138904,4.184576,4.242671
1.625240,4.138904,4.182920,4.243502
1.624418,4.138080,4.183748,4.243502
1.624418,4.137256,4.182920,4.242671
1.625240,4.140553,4.184576,4.242671
1.625240,4.139728,4.184576,4.243502
1.625240,4.132311,4.177951,4.234360
1.627706,4.129014,4.172983,4.229374
1.629351,4.130663,4.173811,4.231036
1.628529,4.129838,4.172983,4.232698
1.630173,4.131487,4.173811,4.231036
1.630173,4.129838,4.172983,4.231036
1.630173,4.129014,4.172983,4.231036
1.626062,4.137256,4.184576,4.241009
1.625240,4.138080,4.185404,4.243502
1.625240,4.138080,4.184576,4.243502
1.624418,4.138080,4.184576,4.241009
1.624418,4.138904,4.185404,4.244333
1.626062,4.138904,4.184576,4.243502
1.626062,4.138904,4.185404,4.241840
1.626062,4.138904,4.184576,4.242671
1.625240,4.140553,4.184576,4.243502
1.622774,4.138904,4.182920,4.242671
1.625240,4.139728,4.183748,4.243502
1.623596,4.138080,4.184576,4.242671
1.623596,4.137256,4.184576,4.243502
1.624418,4.140553,4.185404,4.243502
1.623596,4.139728,4.182920,4.243502
1.623596,4.138904,4.183748,4.244333
1.625240,4.139728,4.185404,4.243502
1.625240,4.138080,4.184576,4.245164
1.626062,4.138904,4.184576,4.242671
1.624418,4.138080,4.184576,4.243502
1.625240,4.138904,4.183748,4.242671
1.626062,4.139728,4.183748,4.244333
1.627706,4.138904,4.185404,4.244333
1.630173,4.140553,4.185404,4.243502
1.626062,4.136432,4.180436,4.239347
1.629351,4.129014,4.175467,4.231867
1.630995,4.121597,4.163873,4.221063
1.633461,4.120773,4.166358,4.220232
1.633461,4.119124,4.163873,4.220232
1.635106,4.121597,4.165530,4.221894
1.635928,4.121597,4.166358,4.221894
1.635928,4.119949,4.167186,4.221063
1.634284,4.118300,4.164702,4.220232
1.635106,4.119124,4.163045,4.221063
1.635106,4.121597,4.165530,4.220232
1.634284,4.118300,4.165530,4.220232
1.633461,4.120773,4.165530,4.220232
1.633461,4.119124,4.165530,4.220232
1.630995,4.119124,4.165530,4.219401
1.633461,4.119949,4.164702,4.219401
1.635928,4.112531,4.158905,4.211922
1.636750,4.109235,4.153936,4.207766
1.637572,4.107586,4.154764,4.207766
1.640038,4.108410,4.155592,4.208597
1.639216,4.108410,4.153936,4.207766
1.635928,4.107586,4.153108,4.206935
1.636750,4.108410,4.154764,4.207766
1.635928,4.109235,4.153936,4.208597
1.635928,4.109235,4.153108,4.207766
1.637572,4.110059,4.153936,4.207766
1.637572,4.109235,4.154764,4.207766
1.638394,4.107586,4.153108,4.206104
1.636750,4.108410,4.153108,4.206935
1.635106,4.109235,4.152280,4.207766
1.637572,4.109235,4.153108,4.207766
1.635928,4.106762,4.150624,4.203611
1.640038,4.094400,4.137374,4.189483
1.644149,4.086982,4.132405,4.182003
1.645793,4.086982,4.131577,4.182834
1.644971,4.087807,4.130749,4.182003
1.644971,4.086982,4.132405,4.183665
1.642505,4.086982,4.132405,4.182003
1.647438,4.077093,4.122468,4.170368
1.648260,4.076268,4.123296,4.171199
1.649082,4.077917,4.123296,4.172030
1.646616,4.077917,4.122468,4.171199
1.646616,4.077093,4.122468,4.170368
1.646616,4.071323,4.117499,4.164550
1.650726,4.063082,4.111702,4.157902
1.651548,4.063906,4.113359,4.158733
1.649082,4.063906,4.111702,4.157902
1.650726,4.064730,4.114187,4.158733
1.650726,4.064730,4.112531,4.157902
1.649904,4.058961,4.105906,4.150422
1.651548,4.052368,4.100937,4.143774
1.652370,4.054016,4.100109,4.143774
1.653193,4.054016,4.100937,4.146267
1.654837,4.054016,4.100109,4.145436
1.655659,4.054840,4.100109,4.145436
1.654015,4.053192,4.100109,4.145436
1.656481,4.041654,4.087687,4.132139
1.657303,4.042478,4.087687,4.132970
1.658125,4.040830,4.087687,4.132970
1.658948,4.042478,4.089344,4.133801
1.657303,4.043302,4.089344,4.133801
1.657303,4.041654,4.088515,4.132970
1.658948,4.041654,4.087687,4.132139
1.662236,4.030940,4.075266,4.120504
1.665525,4.021874,4.067813,4.112193
1.667991,4.015281,4.062016,4.103882
1.667991,4.015281,4.062844,4.105544
1.666347,4.015281,4.062016,4.106375
1.667169,4.013633,4.060360,4.103882
1.671280,4.001270,4.047110,4.088923
1.673746,4.001270,4.047110,4.089754
1.672102,4.002094,4.047938,4.088923
1.672102,4.000446,4.048766,4.089754
1.672102,3.993029,4.040485,4.080612
1.677035,3.983139,4.030548,4.068977
1.678679,3.983139,4.030548,4.068977
1.677857,3.982315,4.029720,4.068977
1.677857,3.983139,4.029720,4.068146
1.677857,3.980666,4.025579,4.066484
1.684434,3.961711,4.008189,4.044876
1.686078,3.963359,4.007361,4.044045
1.685256,3.961711,4.009845,4.044876
1.683612,3.960887,4.008189,4.045707
1.682789,3.961711,4.008189,4.044876
1.682789,3.956766,4.002392,4.039058
1.691011,3.936986,3.982517,4.015788
1.691833,3.936986,3.984174,4.017451
1.691011,3.936162,3.983345,4.016619
1.692655,3.936986,3.983345,4.015788
1.693477,3.936986,3.982517,4.015788
1.692655,3.936986,3.982517,4.014957
1.692655,3.936162,3.983345,4.015788
1.693477,3.927096,3.973408,4.004153
1.702521,3.911437,3.959330,3.985870
1.700876,3.910613,3.957674,3.985870
1.699232,3.910613,3.957674,3.987532
1.700054,3.910613,3.957674,3.987532
1.699232,3.910613,3.958502,3.985870
1.700054,3.908141,3.952705,3.980052
1.707454,3.884240,3.930346,3.954289
1.709098,3.884240,3.932003,3.955120
1.708276,3.884240,3.931174,3.955120
1.709920,3.884240,3.932003,3.953458
1.710742,3.884240,3.931174,3.952627
1.712386,3.881768,3.931174,3.954289
1.711564,3.882592,3.930346,3.953458
1.711564,3.883416,3.930346,3.953458
1.710742,3.884240,3.930346,3.954289
1.709920,3.885064,3.930346,3.951796
1.709920,3.885064,3.930346,3.953458
1.709098,3.881768,3.927862,3.951796
1.714853,3.858692,3.903847,3.921877
1.718141,3.857043,3.903847,3.921877
1.717319,3.857867,3.904675,3.922708
1.715675,3.855395,3.904675,3.921046
1.716497,3.857043,3.904675,3.921877
1.717319,3.857043,3.903019,3.921877
1.720608,3.856219,3.904675,3.921046
1.721430,3.856219,3.903847,3.922708
1.718963,3.854571,3.903847,3.919384
1.718963,3.856219,3.903019,3.921877
1.716497,3.854571,3.903019,3.920215
1.721430,3.855395,3.903847,3.921046
1.718963,3.855395,3.903847,3.920215
1.719786,3.855395,3.903019,3.921046
1.719786,3.855395,3.903019,3.921877
1.713208,3.880944,3.929518,3.950134
1.709920,3.881768,3.929518,3.952627
1.708276,3.880944,3.928690,3.950965
1.707454,3.879295,3.929518,3.949303
1.709920,3.881768,3.928690,3.951796
1.711564,3.882592,3.930346,3.950965
1.710742,3.880944,3.929518,3.951796
1.709920,3.881768,3.928690,3.950134
1.711564,3.881768,3.929518,3.950965
1.711564,3.881768,3.928690,3.950965
1.711564,3.881768,3.929518,3.951796
1.712386,3.880944,3.928690,3.950965
1.712386,3.881768,3.928690,3.950134
1.712386,3.881768,3.928690,3.950965
1.710742,3.881768,3.929518,3.951796
1.711564,3.880944,3.929518,3.950134
1.711564,3.880120,3.927862,3.950965
1.709920,3.881768,3.928690,3.950965
1.709098,3.881768,3.929518,3.951796
1.707454,3.880944,3.927862,3.949303
1.707454,3.880944,3.929518,3.950134
1.708276,3.880944,3.927862,3.949303
1.708276,3.880944,3.929518,3.950965
1.708276,3.880944,3.928690,3.950134
1.709920,3.881768,3.928690,3.950965
1.704165,3.898251,3.946909,3.970910
1.701699,3.908141,3.952705,3.980883
1.702521,3.906493,3.952705,3.980883
1.700876,3.906493,3.952705,3.980883
1.700876,3.906493,3.952705,3.981714
1.702521,3.911437,3.956018,3.984208
1.696766,3.932041,3.979205,4.011633
1.693477,3.933690,3.978377,4.009971
1.693477,3.932041,3.978377,4.010802
1.692655,3.932041,3.978377,4.009971
1.692655,3.932865,3.979205,4.009971
1.689367,3.932041,3.979205,4.009140
1.691011,3.932865,3.979205,4.010802
1.687722,3.937810,3.985002,4.017451
1.683612,3.955942,4.004048,4.036565
1.681967,3.955118,4.001564,4.037396
1.681145,3.955942,4.000736,4.036565
1.682789,3.955942,4.002392,4.037396
1.682789,3.955118,4.002392,4.036565
1.684434,3.954294,4.001564,4.036565
1.682789,3.955118,4.000736,4.038227
1.682789,3.955118,4.003220,4.038227
1.683612,3.955942,4.001564,4.036565
1.683612,3.956766,4.002392,4.036565
1.679501,3.969128,4.017298,4.054018
1.679501,3.974073,4.023095,4.060666
1.680323,3.976546,4.023923,4.062328
1.677035,3.977370,4.022267,4.062328
1.676212,3.977370,4.023923,4.062328
1.677035,3.977370,4.022267,4.061497
1.677857,3.976546,4.023095,4.061497
1.677857,3.977370,4.023095,4.061497
1.677035,3.977370,4.023095,4.061497
1.677035,3.976546,4.021438,4.062328
1.678679,3.974897,4.023923,4.062328
1.678679,3.976546,4.023923,4.062328
1.677035,3.979842,4.026407,4.067315
1.670457,3.995501,4.042141,4.083105
1.671280,3.996325,4.042969,4.083936
1.664703,4.012808,4.059532,4.101389
1.665525,4.011160,4.058703,4.100558
1.663880,4.011160,4.058703,4.101389
1.666347,4.010336,4.056219,4.100558
1.663058,4.010336,4.056219,4.099727
1.665525,4.017753,4.063672,4.108037
1.660592,4.025171,4.071953,4.118010
1.663058,4.025995,4.071125,4.116348
1.662236,4.025171,4.071953,4.115517
1.662236,4.026819,4.071953,4.115517
1.662236,4.025995,4.071953,4.115517
1.662236,4.026819,4.073609,4.117179
1.659770,4.033412,4.081062,4.124659
1.657303,4.039181,4.086859,4.131307
1.658125,4.040006,4.085203,4.128814
1.658948,4.040006,4.086031,4.129645
1.658125,4.040006,4.086031,4.130476
1.655659,4.037533,4.084375,4.129645
1.659770,4.040006,4.085203,4.129645
1.658125,4.039181,4.086859,4.128814
1.656481,4.048247,4.096796,4.140449
1.654015,4.051544,4.097625,4.143774
1.655659,4.051544,4.097625,4.142942
1.653193,4.050720,4.098453,4.142942
1.652370,4.051544,4.095968,4.143774
1.651548,4.050720,4.097625,4.142942
1.654015,4.053192,4.098453,4.143774
1.652370,4.053192,4.097625,4.142942
1.652370,4.053192,4.097625,4.143774
1.649904,4.063082,4.109218,4.155409
1.648260,4.066379,4.110874,4.157902
1.645793,4.077093,4.122468,4.170368
1.646616,4.076268,4.119984,4.167875
1.645793,4.076268,4.121640,4.167875
1.644971,4.074620,4.120812,4.167044
1.644971,4.076268,4.119984,4.167875
1.643327,4.086982,4.131577,4.180341
1.642505,4.087807,4.129921,4.179510
1.640038,4.086982,4.130749,4.181172
1.639216,4.086982,4.129921,4.181172
1.638394,4.086158,4.130749,4.182003
1.641683,4.090279,4.133233,4.183665
1.639216,4.098521,4.143171,4.194469
1.639216,4.096872,4.140686,4.193638
1.635928,4.096048,4.140686,4.192807
1.638394,4.096048,4.142343,4.191145
1.639216,4.096872,4.141514,4.193638
1.638394,4.099345,4.144827,4.196962
1.637572,4.109235,4.153108,4.206935
1.635106,4.107586,4.153108,4.206104
1.634284,4.107586,4.152280,4.203611
1.635928,4.105938,4.151452,4.205273
1.637572,4.107586,4.153936,4.203611
1.636750,4.105938,4.152280,4.205273
1.637572,4.111707,4.156420,4.211922
1.633461,4.119124,4.163045,4.216908
1.633461,4.119949,4.163045,4.218570
1.630173,4.119124,4.162217,4.216908
1.629351,4.117476,4.162217,4.218570
1.630995,4.119124,4.163045,4.217739
1.630995,4.119949,4.164702,4.219401
1.629351,4.129014,4.172983,4.231867
1.627706,4.128190,4.172983,4.230205
1.630995,4.128190,4.173811,4.230205
1.631817,4.127366,4.173811,4.231867
1.631817,4.128190,4.172983,4.229374
1.628529,4.129014,4.173811,4.230205
1.629351,4.129014,4.174639,4.230205
1.628529,4.136432,4.183748,4.241840
1.626062,4.138080,4.182920,4.241009
1.624418,4.138080,4.182092,4.241009
1.626062,4.138080,4.182092,4.241840
1.626884,4.138080,4.182920,4.241840
1.626062,4.138080,4.182920,4.241840
1.626884,4.138904,4.182920,4.241840
1.628529,4.138080,4.183748,4.241009
1.627706,4.138904,4.182920,4.241840
1.629351,4.138904,4.184576,4.242671
1.628529,4.138080,4.182920,4.241840
1.627706,4.138904,4.182920,4.241840
1.628529,4.138080,4.182920,4.241009
1.626062,4.138904,4.182920,4.241840
1.626884,4.138080,4.183748,4.242671
1.624418,4.139728,4.183748,4.243502
1.626062,4.137256,4.185404,4.242671
1.624418,4.138904,4.185404,4.242671
1.625240,4.138080,4.184576,4.243502
1.625240,4.138080,4.183748,4.243502
1.624418,4.138904,4.182920,4.242671
1.625240,4.139728,4.184576,4.243502
1.623596,4.138904,4.182920,4.243502
1.626884,4.133135,4.177951,4.236023
1.628529,4.129014,4.174639,4.231036
1.631817,4.128190,4.174639,4.231867
1.629351,4.128190,4.173811,4.231036
1.629351,4.129014,4.173811,4.231867
1.628529,4.129838,4.174639,4.231036
1.629351,4.129014,4.173811,4.231036
1.626884,4.127366,4.172983,4.231036
1.628529,4.128190,4.173811,4.231036
1.630173,4.128190,4.172983,4.232698
1.626062,4.138080,4.185404,4.243502
1.627706,4.138904,4.184576,4.242671
1.625240,4.138904,4.184576,4.241840
1.627706,4.137256,4.183748,4.241009
1.626062,4.139728,4.183748,4.242671
1.625240,4.138080,4.183748,4.241840
1.625240,4.139728,4.184576,4.241840
1.626884,4.140553,4.185404,4.241840
1.623596,4.138904,4.184576,4.241840
1.621952,4.139728,4.184576,4.242671
1.626062,4.139728,4.183748,4.242671
1.626062,4.140553,4.184576,4.243502
1.626884,4.139728,4.185404,4.241840
1.626884,4.139728,4.184576,4.243502
1.626062,4.137256,4.185404,4.242671
1.627706,4.138904,4.184576,4.241840
1.630173,4.139728,4.185404,4.244333
1.626062,4.138904,4.184576,4.242671
1.626062,4.138080,4.185404,4.241840
1.626884,4.138080,4.186232,4.242671
1.623596,4.139728,4.184576,4.242671
1.625240,4.137256,4.182920,4.241009
1.626884,4.127366,4.172983,4.229374
1.628529,4.118300,4.163873,4.218570
1.631817,4.119124,4.164702,4.218570
1.631817,4.119949,4.164702,4.219401
1.633461,4.119124,4.164702,4.218570
1.630995,4.119124,4.164702,4.220232
1.631817,4.119124,4.165530,4.219401
1.630995,4.118300,4.164702,4.218570
1.633461,4.121597,4.165530,4.219401
1.635106,4.120773,4.164702,4.219401
1.633461,4.118300,4.165530,4.220232
1.633461,4.118300,4.163873,4.218570
1.635928,4.109235,4.153108,4.206935
1.639216,4.108410,4.153936,4.206935
1.636750,4.108410,4.152280,4.206104
1.638394,4.107586,4.153108,4.206935
1.633461,4.108410,4.153108,4.204442
1.634284,4.110059,4.153108,4.206935
1.635106,4.110059,4.153936,4.207766
1.637572,4.110059,4.153108,4.206104
1.635106,4.109235,4.153936,4.205273
1.633461,4.109235,4.154764,4.206935
1.632639,4.108410,4.153108,4.206104
1.636750,4.109235,4.153936,4.207766
1.637572,4.107586,4.153936,4.206935
1.635928,4.108410,4.153936,4.206935
1.640038,4.098521,4.143999,4.194469
1.638394,4.096872,4.141514,4.192807
1.642505,4.099345,4.143171,4.195300
1.640038,4.096872,4.142343,4.192807
1.640038,4.097696,4.143999,4.193638
1.643327,4.085334,4.132405,4.180341
1.641683,4.086158,4.131577,4.182003
1.643327,4.086158,4.133233,4.183665
1.644971,4.082038,4.128265,4.177016
1.648260,4.075444,4.123296,4.170368
1.648260,4.075444,4.122468,4.170368
1.648260,4.075444,4.122468,4.169537
1.646616,4.074620,4.122468,4.169537
1.649904,4.072148,4.117499,4.164550
1.649904,4.064730,4.110874,4.157071
1.653193,4.065554,4.111702,4.157902
1.651548,4.065554,4.112531,4.157902
1.652370,4.063906,4.111702,4.157071
1.652370,4.063906,4.112531,4.158733
1.654015,4.054016,4.102593,4.146267
1.651548,4.052368,4.098453,4.144605
1.652370,4.054840,4.099281,4.145436
1.654837,4.054016,4.100937,4.145436
1.654015,4.054016,4.100937,4.146267
1.652370,4.053192,4.099281,4.146267
1.655659,4.041654,4.087687,4.134632
1.662236,4.041654,4.088515,4.134632
1.658948,4.039181,4.086859,4.132970
1.659770,4.042478,4.087687,4.132970
1.659770,4.040006,4.087687,4.132970
1.658948,4.041654,4.088515,4.132970
1.659770,4.040830,4.087687,4.131307
1.661414,4.026819,4.075266,4.120504
1.660592,4.028467,4.076094,4.119672
1.662236,4.028467,4.074438,4.119672
1.662236,4.028467,4.076094,4.119672
1.666347,4.015281,4.061188,4.105544
1.670457,4.015281,4.062844,4.104713
1.671280,4.013633,4.062016,4.105544
1.671280,4.001270,4.048766,4.089754
1.674568,3.999622,4.046282,4.088923
1.672924,4.000446,4.047938,4.088923
1.675390,4.000446,4.047938,4.089754
1.674568,3.996325,4.043797,4.087261
1.677857,3.980666,4.028891,4.067315
1.679501,3.982315,4.027235,4.069808
1.680323,3.981491,4.028891,4.068146
1.677035,3.982315,4.028063,4.067315
1.677857,3.979018,4.025579,4.063991
1.682789,3.961711,4.007361,4.044045
1.684434,3.961711,4.008189,4.044045
1.686078,3.961711,4.007361,4.044045
1.686078,3.960887,4.009017,4.045707
1.686900,3.960887,4.008189,4.043214
1.686900,3.949349,3.995767,4.029917
1.694299,3.937810,3.985002,4.016619
1.691833,3.934514,3.982517,4.016619
1.691011,3.935338,3.984174,4.016619
1.693477,3.935338,3.983345,4.016619
1.693477,3.934514,3.983345,4.014957
1.692655,3.934514,3.983345,4.015788
1.693477,3.928745,3.975892,4.007478
1.701699,3.909789,3.957674,3.984208
1.702521,3.910613,3.959330,3.985870
1.702521,3.908141,3.959330,3.985870
1.703343,3.909789,3.958502,3.985870
1.703343,3.909789,3.958502,3.985039
1.701699,3.909789,3.957674,3.985039
1.700054,3.909789,3.957674,3.985870
1.703343,3.898251,3.946080,3.969248
1.710742,3.883416,3.932003,3.953458
1.710742,3.884240,3.932003,3.953458
1.710742,3.883416,3.932003,3.954289
1.711564,3.885064,3.932831,3.953458
1.708276,3.882592,3.932003,3.953458
1.709098,3.882592,3.930346,3.952627
1.710742,3.882592,3.931174,3.952627
1.710742,3.882592,3.931174,3.953458
1.712386,3.881768,3.931174,3.951796
1.710742,3.883416,3.932003,3.953458
1.709098,3.883416,3.931174,3.952627
1.707454,3.883416,3.932003,3.952627
1.713208,3.864461,3.911300,3.931019
1.720608,3.854571,3.903847,3.921877
1.720608,3.855395,3.904675,3.920215
1.723074,3.857043,3.904675,3.920215
1.718141,3.854571,3.903019,3.920215
1.719786,3.855395,3.903847,3.921877
1.718963,3.855395,3.903847,3.921046
1.721430,3.854571,3.904675,3.921046
1.720608,3.853747,3.903019,3.921877
1.720608,3.855395,3.903019,3.921877
1.719786,3.854571,3.902191,3.921046
1.718141,3.853747,3.903847,3.919384
1.718141,3.852098,3.903847,3.921046
1.716497,3.854571,3.903019,3.919384
1.717319,3.853747,3.903019,3.921046
1.718963,3.853747,3.903019,3.918553
1.717319,3.863636,3.914612,3.932681
1.712386,3.882592,3.931174,3.952627
1.710742,3.880944,3.931174,3.950965
1.709920,3.880944,3.930346,3.951796
1.710742,3.880944,3.927862,3.949303
1.711564,3.881768,3.929518,3.951796
1.710742,3.880944,3.929518,3.950965
1.709920,3.880944,3.931174,3.950965
1.710742,3.880944,3.928690,3.950965
1.711564,3.880944,3.928690,3.952627
1.710742,3.880944,3.928690,3.951796
1.709098,3.880120,3.929518,3.951796
1.709920,3.879295,3.928690,3.950134
1.709920,3.880120,3.929518,3.951796
1.711564,3.880120,3.928690,3.950965
1.711564,3.880944,3.927862,3.950134
1.708276,3.880120,3.929518,3.950134
1.702521,3.904844,3.953533,3.979221
1.702521,3.905668,3.953533,3.980052
1.704165,3.907317,3.953533,3.980883
1.702521,3.908141,3.953533,3.980883
1.700876,3.905668,3.954362,3.980883
1.700054,3.906493,3.954362,3.980052
1.700054,3.905668,3.954362,3.980883
1.701699,3.905668,3.955190,3.980883
1.703343,3.905668,3.953533,3.980883
1.704165,3.905668,3.953533,3.979221
1.704165,3.906493,3.954362,3.980883
1.703343,3.905668,3.953533,3.980883
1.702521,3.904844,3.953533,3.980052
1.701699,3.905668,3.953533,3.980052
1.700876,3.911437,3.959330,3.986701
1.695122,3.932865,3.980861,4.010802
1.694299,3.931217,3.978377,4.009971
1.692655,3.932041,3.978377,4.008309
1.691833,3.932865,3.977549,4.009971
1.691011,3.931217,3.978377,4.009971
1.692655,3.938635,3.988314,4.021606
1.682789,3.955942,4.002392,4.036565
1.684434,3.955118,4.002392,4.037396
1.682789,3.954294,4.001564,4.036565
1.683612,3.955118,4.000736,4.037396
1.683612,3.955118,4.000736,4.037396
1.683612,3.955118,4.002392,4.036565
1.683612,3.955118,4.002392,4.036565
1.683612,3.955942,4.002392,4.037396
1.684434,3.956766,4.004048,4.039889
1.680323,3.975722,4.023095,4.060666
1.678679,3.977370,4.023095,4.060666
1.677035,3.977370,4.022267,4.061497
1.678679,3.974073,4.023923,4.062328
1.678679,3.975722,4.023923,4.062328
1.677035,3.976546,4.023095,4.059004
1.677035,3.976546,4.023923,4.061497
1.675390,3.975722,4.024751,4.060666
1.677857,3.976546,4.022267,4.060666
1.678679,3.976546,4.023923,4.061497
1.678679,3.976546,4.024751,4.062328
1.677035,3.976546,4.023923,4.060666
1.676212,3.976546,4.024751,4.062328
1.676212,3.976546,4.024751,4.061497
1.675390,3.976546,4.024751,4.060666
1.674568,3.984787,4.032204,4.068977
1.670457,4.011984,4.061188,4.103051
1.664703,4.011160,4.059532,4.100558
1.665525,4.010336,4.057875,4.099727
1.665525,4.011984,4.058703,4.101389
1.663058,4.011160,4.056219,4.100558
1.663058,4.021874,4.070297,4.114686
1.663058,4.025171,4.072781,4.116348
1.662236,4.025171,4.071953,4.117179
1.660592,4.025171,4.071953,4.116348
1.659770,4.025995,4.072781,4.117179
1.662236,4.024347,4.072781,4.116348
1.656481,4.037533,4.087687,4.129645
1.656481,4.039181,4.086031,4.131307
1.656481,4.039181,4.087687,4.130476
1.656481,4.038357,4.085203,4.129645
1.658125,4.040006,4.086031,4.131307
1.658125,4.038357,4.086031,4.129645
1.656481,4.039181,4.087687,4.131307
1.654015,4.053192,4.099281,4.144605
1.651548,4.050720,4.099281,4.142942
1.655659,4.053192,4.099281,4.143774
1.654015,4.051544,4.099281,4.143774
1.654015,4.053192,4.098453,4.144605
1.656481,4.053192,4.098453,4.143774
1.654837,4.051544,4.098453,4.144605
1.653193,4.049895,4.099281,4.143774
1.650726,4.063906,4.111702,4.156240
1.649082,4.063906,4.112531,4.157071
1.649082,4.063082,4.110046,4.155409
1.648260,4.062258,4.109218,4.155409
1.649904,4.063906,4.110046,4.156240
1.647438,4.073796,4.121640,4.167875
1.645793,4.075444,4.122468,4.169537
1.646616,4.075444,4.120812,4.170368
1.646616,4.076268,4.119984,4.169537
1.644149,4.086158,4.132405,4.181172
1.642505,4.086982,4.131577,4.182003
1.644971,4.086982,4.130749,4.182003
1.645793,4.086982,4.130749,4.181172
1.643327,4.086158,4.133233,4.182003
1.640861,4.086982,4.134061,4.183665
1.640038,4.098521,4.143999,4.195300
1.637572,4.097696,4.142343,4.193638
1.639216,4.098521,4.143171,4.192807
1.636750,4.096872,4.142343,4.192807
1.637572,4.096872,4.141514,4.192807
1.636750,4.099345,4.147311,4.197793
1.634284,4.107586,4.153936,4.206104
1.635928,4.107586,4.152280,4.206104
1.635106,4.107586,4.152280,4.204442
1.632639,4.105938,4.151452,4.205273
1.635106,4.106762,4.153108,4.205273
1.634284,4.106762,4.152280,4.204442
1.632639,4.115828,4.161389,4.215246
1.631817,4.117476,4.163873,4.218570
1.630995,4.117476,4.163045,4.217739
1.630995,4.115828,4.163045,4.216908
1.632639,4.116652,4.164702,4.217739
1.631817,4.119124,4.163045,4.217739
1.630995,4.117476,4.162217,4.216908
1.631817,4.119949,4.165530,4.219401
1.629351,4.128190,4.173811,4.229374
1.630173,4.126542,4.173811,4.228543
1.629351,4.127366,4.174639,4.231867
1.629351,4.129014,4.172983,4.229374
1.628529,4.129838,4.174639,4.231036
1.630995,4.128190,4.172983,4.231036
1.629351,4.134783,4.181264,4.239347
1.625240,4.137256,4.182920,4.243502
1.626884,4.138080,4.184576,4.241840
1.626884,4.137256,4.182920,4.242671
1.626062,4.138080,4.182920,4.241840
1.628529,4.137256,4.185404,4.243502
1.626062,4.137256,4.182920,4.242671
1.625240,4.138080,4.183748,4.241840
1.624418,4.137256,4.182092,4.242671
1.626884,4.137256,4.185404,4.242671
1.625240,4.137256,4.183748,4.241009
1.625240,4.138080,4.183748,4.241840
1.623596,4.138080,4.182920,4.241009
1.625240,4.139728,4.184576,4.242671
1.624418,4.138080,4.184576,4.243502
1.626062,4.138904,4.183748,4.242671
1.629351,4.138904,4.184576,4.244333
1.627706,4.138080,4.184576,4.241840
1.625240,4.138080,4.185404,4.242671
1.623596,4.136432,4.184576,4.241009
1.624418,4.138904,4.184576,4.241840
1.625240,4.137256,4.185404,4.242671
1.625240,4.138080,4.184576,4.242671
1.625240,4.138080,4.183748,4.243502
1.621952,4.137256,4.183748,4.242671
1.621952,4.137256,4.182920,4.242671
1.624418,4.134783,4.179607,4.239347
1.626884,4.129014,4.172983,4.231036
1.629351,4.129838,4.173811,4.232698
1.630995,4.129838,4.174639,4.232698
1.629351,4.128190,4.173811,4.231867
1.628529,4.129014,4.176295,4.232698
1.629351,4.129014,4.173811,4.232698
1.628529,4.128190,4.174639,4.230205
1.630173,4.129014,4.175467,4.231036
1.630995,4.129014,4.175467,4.231036
1.630995,4.128190,4.175467,4.231036
1.629351,4.129838,4.173811,4.231867
1.628529,4.129838,4.175467,4.230205
1.628529,4.128190,4.175467,4.233529
1.625240,4.135608,4.182092,4.241840
1.624418,4.138904,4.184576,4.242671
1.624418,4.137256,4.184576,4.242671
1.623596,4.138904,4.183748,4.244333
1.625240,4.140553,4.185404,4.243502
1.622774,4.137256,4.185404,4.243502
1.625240,4.139728,4.185404,4.242671
1.627706,4.138904,4.184576,4.244333
1.625240,4.138080,4.185404,4.243502
1.626884,4.137256,4.185404,4.244333
1.628529,4.138904,4.184576,4.244333
1.628529,4.138904,4.184576,4.244333
1.626062,4.138904,4.184576,4.243502
1.626062,4.139728,4.186232,4.244333
1.627706,4.139728,4.185404,4.244333
1.624418,4.138904,4.185404,4.243502
1.624418,4.138904,4.185404,4.242671
1.625240,4.137256,4.183748,4.241840
1.630995,4.121597,4.166358,4.223557
1.633461,4.121597,4.164702,4.221063
1.634284,4.119124,4.163873,4.220232
1.633461,4.119949,4.164702,4.219401
1.631817,4.119949,4.163873,4.220232
1.634284,4.121597,4.164702,4.220232
1.633461,4.120773,4.165530,4.219401
1.634284,4.119949,4.163873,4.218570
1.631817,4.119949,4.163873,4.221063
1.632639,4.118300,4.164702,4.219401
1.635928,4.110883,4.152280,4.206935
1.637572,4.110883,4.154764,4.206935
1.638394,4.108410,4.153108,4.206104
1.637572,4.110059,4.153936,4.206935
1.638394,4.109235,4.153936,4.206104
1.638394,4.107586,4.153936,4.206104
1.637572,4.108410,4.153936,4.206104
1.638394,4.108410,4.154764,4.207766
1.635928,4.106762,4.153108,4.206104
1.637572,4.108410,4.153936,4.206935
1.639216,4.106762,4.153936,4.207766
1.640861,4.098521,4.143171,4.193638
1.640861,4.097696,4.142343,4.194469
1.643327,4.096872,4.143999,4.194469
1.640861,4.096872,4.143171,4.194469
1.639216,4.097696,4.142343,4.195300
1.640861,4.098521,4.143999,4.194469
1.640861,4.097696,4.141514,4.194469
1.637572,4.098521,4.143171,4.194469
1.639216,4.100169,4.143171,4.196962
1.640038,4.097696,4.142343,4.193638
1.642505,4.086158,4.131577,4.182003
1.645793,4.082038,4.125780,4.176185
1.648260,4.075444,4.121640,4.169537
1.650726,4.076268,4.122468,4.171199
1.648260,4.076268,4.123296,4.169537
1.650726,4.076268,4.124124,4.169537
1.651548,4.067203,4.113359,4.158733
1.652370,4.065554,4.112531,4.157071
1.648260,4.064730,4.111702,4.157071
1.652370,4.065554,4.112531,4.157071
1.651548,4.064730,4.112531,4.157902
1.654015,4.055665,4.100937,4.147098
1.654837,4.054016,4.100109,4.145436
1.654837,4.054016,4.099281,4.146267
1.654015,4.054840,4.101765,4.146267
1.656481,4.054016,4.100937,4.145436
1.656481,4.053192,4.097625,4.143774
1.657303,4.041654,4.086859,4.131307
1.658125,4.041654,4.088515,4.133801
1.658948,4.041654,4.086859,4.132970
1.660592,4.040830,4.087687,4.132139
1.662236,4.040830,4.089344,4.133801
1.659770,4.036709,4.084375,4.129645
1.663880,4.028467,4.075266,4.118841
1.664703,4.028467,4.076094,4.119672
1.663880,4.028467,4.074438,4.120504
1.663880,4.026819,4.076094,4.118841
1.664703,4.027643,4.075266,4.120504
1.663058,4.026819,4.075266,4.119672
1.664703,4.021874,4.068641,4.114686
1.668813,4.014457,4.061188,4.105544
1.668813,4.011160,4.058703,4.102220
1.673746,3.999622,4.046282,4.088092
1.672924,3.998798,4.047938,4.089754
1.672924,3.999622,4.047938,4.088923
1.673746,3.999622,4.047110,4.088923
1.677035,3.983963,4.031376,4.072301
1.677035,3.983963,4.030548,4.068977
1.677035,3.982315,4.028891,4.069808
1.677857,3.982315,4.028891,4.069808
1.677857,3.982315,4.028891,4.068146
1.683612,3.965008,4.012329,4.049862
1.683612,3.960887,4.009017,4.045707
1.681967,3.960887,4.009017,4.044045
1.683612,3.960063,4.007361,4.044876
1.686900,3.961711,4.009017,4.044876
1.687722,3.948524,3.994939,4.031579
1.692655,3.936162,3.982517,4.016619
1.693477,3.936986,3.984174,4.016619
1.694299,3.936162,3.984174,4.015788
1.695944,3.936162,3.984174,4.016619
1.692655,3.935338,3.984174,4.016619
1.692655,3.934514,3.983345,4.014957
1.697588,3.912262,3.960158,3.985870
1.702521,3.910613,3.957674,3.985039
1.703343,3.908965,3.956846,3.985870
1.703343,3.909789,3.958502,3.986701
1.703343,3.908141,3.956846,3.985039
1.702521,3.909789,3.956018,3.984208
1.700054,3.909789,3.956846,3.985039
1.702521,3.908965,3.956018,3.985870
1.702521,3.908965,3.956846,3.986701
1.702521,3.895779,3.943596,3.969248
1.707454,3.881768,3.931174,3.951796
1.711564,3.882592,3.932003,3.953458
1.711564,3.881768,3.931174,3.953458
1.709098,3.883416,3.931174,3.953458
1.709098,3.881768,3.932003,3.954289
1.711564,3.881768,3.931174,3.953458
1.708276,3.881768,3.930346,3.952627
1.710742,3.881768,3.932003,3.953458
1.710742,3.882592,3.931174,3.951796
1.713208,3.883416,3.931174,3.953458
1.713208,3.882592,3.930346,3.953458
1.711564,3.879295,3.928690,3.948472
1.717319,3.856219,3.903019,3.921046
1.719786,3.855395,3.903019,3.921046
1.722252,3.854571,3.904675,3.921877
1.722252,3.854571,3.903847,3.921046
1.722252,3.854571,3.904675,3.921046
1.720608,3.854571,3.903019,3.920215
1.721430,3.853747,3.901363,3.920215
1.722252,3.854571,3.903847,3.921046
1.720608,3.854571,3.903847,3.921046
1.718963,3.852922,3.903019,3.920215
1.719786,3.854571,3.903019,3.921046
1.721430,3.854571,3.903019,3.921046
1.723896,3.854571,3.903019,3.921877
1.723074,3.853747,3.902191,3.920215
1.723074,3.854571,3.903019,3.921046
1.718963,3.853747,3.903019,3.921877
1.718963,3.855395,3.903847,3.921877
1.719786,3.854571,3.903847,3.921046
1.719786,3.860340,3.910472,3.930188
1.709920,3.880120,3.930346,3.951796
1.709920,3.881768,3.929518,3.951796
1.711564,3.880120,3.928690,3.950134
1.710742,3.880944,3.928690,3.952627
1.713208,3.880944,3.930346,3.952627
1.709920,3.879295,3.929518,3.951796
1.709920,3.880944,3.929518,3.950965
1.711564,3.880944,3.930346,3.950965
1.711564,3.880944,3.929518,3.950965
1.712386,3.880120,3.929518,3.950134
1.711564,3.880944,3.930346,3.952627
1.704987,3.900723,3.951877,3.976728
1.700054,3.905668,3.954362,3.981714
1.700054,3.906493,3.956018,3.981714
1.701699,3.907317,3.954362,3.980883
1.701699,3.905668,3.955190,3.981714
1.700054,3.904844,3.953533,3.980883
1.699232,3.906493,3.954362,3.981714
1.700876,3.907317,3.954362,3.980883
1.700876,3.905668,3.954362,3.981714
1.701699,3.904844,3.953533,3.980883
1.700054,3.905668,3.952705,3.981714
1.700876,3.905668,3.954362,3.980883
1.700054,3.905668,3.952705,3.981714
1.699232,3.905668,3.953533,3.980052
1.700054,3.905668,3.953533,3.982545
1.701699,3.905668,3.953533,3.980883
1.700876,3.906493,3.952705,3.980052
1.702521,3.906493,3.953533,3.980052
1.703343,3.905668,3.954362,3.980052
1.700876,3.908141,3.955190,3.983377
1.692655,3.930393,3.980033,4.010802
1.692655,3.931217,3.979205,4.009971
1.692655,3.932865,3.980861,4.014126
1.686078,3.954294,4.002392,4.036565
1.683612,3.955942,3.999908,4.037396
1.683612,3.955942,4.001564,4.037396
1.683612,3.956766,4.001564,4.037396
1.681967,3.955942,4.001564,4.037396
1.681967,3.955118,4.002392,4.037396
1.682789,3.955118,4.002392,4.037396
1.681145,3.960887,4.007361,4.044045
1.678679,3.977370,4.024751,4.061497
1.676212,3.975722,4.023095,4.061497
1.677035,3.974073,4.023095,4.060666
1.679501,3.975722,4.023095,4.062328
1.677035,3.975722,4.022267,4.060666
1.679501,3.975722,4.023095,4.060666
1.677035,3.976546,4.022267,4.061497
1.675390,3.976546,4.022267,4.062328
1.676212,3.974897,4.022267,4.063991
1.676212,3.975722,4.021438,4.062328
1.675390,3.988084,4.035516,4.078119
1.673746,3.993853,4.040485,4.083105
1.672102,3.993853,4.040485,4.083105
1.672102,3.994677,4.042141,4.083936
1.672924,3.994677,4.041313,4.083105
1.674568,3.993029,4.041313,4.083105
1.675390,3.994677,4.041313,4.083936
1.673746,3.995501,4.042969,4.083105
1.673746,3.995501,4.042141,4.083105
1.672102,3.994677,4.041313,4.083936
1.668813,4.008688,4.057875,4.100558
1.667169,4.011984,4.058703,4.101389
1.666347,4.017753,4.065328,4.109700
1.663058,4.025995,4.072781,4.117179
1.661414,4.026819,4.071953,4.118841
1.663058,4.025171,4.071953,4.117179
1.661414,4.025995,4.071953,4.117179
1.659770,4.025171,4.071953,4.116348
1.657303,4.037533,4.086031,4.130476
1.654015,4.039181,4.086031,4.130476
1.656481,4.040006,4.086031,4.130476
1.657303,4.039181,4.086031,4.130476
1.657303,4.039181,4.086859,4.129645
1.654837,4.039181,4.084375,4.130476
1.655659,4.045775,4.095968,4.139618
1.653193,4.052368,4.099281,4.144605
1.652370,4.053192,4.099281,4.142942
1.653193,4.049895,4.099281,4.142942
1.652370,4.050720,4.098453,4.142942
1.652370,4.050720,4.097625,4.144605
1.652370,4.051544,4.097625,4.143774
1.653193,4.054016,4.100937,4.144605
1.648260,4.063906,4.112531,4.157902
1.648260,4.063906,4.110046,4.157071
1.648260,4.063082,4.110874,4.156240
1.649082,4.064730,4.110874,4.156240
1.647438,4.063082,4.110046,4.157071
1.647438,4.063082,4.110046,4.157071
1.646616,4.063906,4.110874,4.156240
1.647438,4.063906,4.108390,4.155409
1.647438,4.068851,4.116671,4.161226
1.642505,4.076268,4.123296,4.170368
1.640861,4.082038,4.128265,4.177016
1.641683,4.086982,4.132405,4.182003
1.643327,4.086982,4.131577,4.182834
1.644149,4.086158,4.132405,4.182003
1.643327,4.085334,4.131577,4.182003
1.640861,4.088631,4.134061,4.184496
1.638394,4.099345,4.143999,4.196131
1.637572,4.096872,4.143171,4.195300
1.637572,4.096048,4.143171,4.196131
1.638394,4.097696,4.141514,4.195300
1.637572,4.096048,4.142343,4.193638
1.640038,4.100169,4.147311,4.199455
1.635928,4.107586,4.154764,4.206104
1.633461,4.106762,4.152280,4.206104
1.632639,4.109235,4.153936,4.206104
1.634284,4.108410,4.152280,4.206935
1.633461,4.105938,4.151452,4.206104
1.633461,4.110883,4.157249,4.210259
1.630173,4.118300,4.163873,4.221063
1.631817,4.117476,4.163045,4.219401
1.632639,4.118300,4.163873,4.220232
1.632639,4.119124,4.162217,4.219401
1.633461,4.116652,4.163873,4.218570
1.632639,4.117476,4.162217,4.218570
1.630173,4.121597,4.164702,4.221063
1.628529,4.128190,4.175467,4.231867
1.629351,4.127366,4.174639,4.231867
1.626062,4.128190,4.173811,4.231036
1.629351,4.128190,4.173811,4.231036
1.626884,4.129014,4.175467,4.229374
1.626884,4.129014,4.173811,4.231036
1.626884,4.129014,4.176295,4.231036
1.622774,4.138080,4.185404,4.243502
1.623596,4.138904,4.183748,4.241840
1.624418,4.138080,4.184576,4.241009
1.624418,4.137256,4.184576,4.242671
1.623596,4.136432,4.184576,4.241840
1.622774,4.136432,4.184576,4.242671
1.626062,4.139728,4.185404,4.241840
1.624418,4.138080,4.184576,4.242671
1.623596,4.138080,4.182920,4.241840
1.625240,4.138904,4.182920,4.242671
1.626884,4.137256,4.185404,4.242671
1.626062,4.137256,4.184576,4.241009
1.626062,4.136432,4.184576,4.242671
1.627706,4.138904,4.184576,4.243502
1.626884,4.138904,4.184576,4.242671
1.626884,4.138080,4.183748,4.243502
1.626062,4.137256,4.185404,4.241840
1.624418,4.138904,4.185404,4.242671
1.625240,4.137256,4.183748,4.242671
1.623596,4.138904,4.184576,4.244333
1.624418,4.138080,4.183748,4.242671
1.626062,4.139728,4.184576,4.242671
1.626062,4.138904,4.185404,4.243502
1.626062,4.138080,4.185404,4.242671
1.625240,4.140553,4.185404,4.241840
1.625240,4.139728,4.185404,4.241840
1.628529,4.138080,4.184576,4.242671
1.627706,4.138904,4.184576,4.241840
1.626062,4.138904,4.184576,4.243502
1.625240,4.136432,4.182920,4.239347
1.628529,4.128190,4.173811,4.231036
1.626884,4.128190,4.174639,4.231036
1.629351,4.129014,4.174639,4.231867
1.629351,4.129838,4.174639,4.230205
1.630173,4.129838,4.174639,4.231867
1.630995,4.130663,4.172983,4.231036
1.630995,4.128190,4.175467,4.231036
1.630995,4.129014,4.175467,4.230205
1.628529,4.129838,4.174639,4.231867
1.627706,4.129014,4.174639,4.231867
1.629351,4.129838,4.175467,4.231867
1.628529,4.129014,4.175467,4.231867
1.628529,4.129838,4.175467,4.231036
1.629351,4.129014,4.174639,4.231867
1.628529,4.129838,4.176295,4.232698
1.626884,4.129014,4.174639,4.230205
1.628529,4.129014,4.175467,4.231867
1.626884,4.129838,4.175467,4.231867
1.630173,4.129838,4.175467,4.232698
1.630173,4.129838,4.175467,4.233529
1.628529,4.130663,4.175467,4.231867
1.626884,4.137256,4.185404,4.242671
1.626884,4.138080,4.186232,4.245164
1.626062,4.138080,4.185404,4.243502
1.626884,4.138080,4.184576,4.244333
1.626062,4.138080,4.187060,4.244333
1.625240,4.138080,4.185404,4.243502
1.626884,4.138080,4.186232,4.244333
1.628529,4.139728,4.186232,4.244333
1.627706,4.138904,4.185404,4.243502
1.625240,4.138080,4.185404,4.242671
1.630995,4.119949,4.165530,4.221894
1.630173,4.118300,4.164702,4.220232
1.634284,4.119949,4.166358,4.221894
1.631817,4.117476,4.164702,4.219401
1.633461,4.119124,4.166358,4.221063
1.635106,4.118300,4.165530,4.219401
1.634284,4.118300,4.165530,4.220232
1.635106,4.119949,4.165530,4.219401
1.634284,4.118300,4.164702,4.218570
1.635928,4.108410,4.153108,4.207766
1.638394,4.109235,4.155592,4.207766
1.639216,4.110059,4.154764,4.208597
1.638394,4.109235,4.154764,4.208597
1.636750,4.108410,4.153936,4.207766
1.638394,4.109235,4.154764,4.208597
1.636750,4.109235,4.156420,4.209428
1.637572,4.107586,4.154764,4.207766
1.636750,4.109235,4.155592,4.209428
1.637572,4.100169,4.145655,4.197793
1.640861,4.098521,4.144827,4.194469
1.641683,4.097696,4.144827,4.195300
1.641683,4.100993,4.144827,4.195300
1.643327,4.099345,4.143999,4.196131
1.641683,4.100169,4.143999,4.195300
1.640861,4.098521,4.143999,4.194469
1.641683,4.097696,4.143171,4.194469
1.641683,4.097696,4.143999,4.195300
1.643327,4.098521,4.143999,4.195300
1.642505,4.098521,4.143999,4.195300
1.641683,4.091927,4.138202,4.186989
1.644149,4.086982,4.131577,4.181172
1.644149,4.075444,4.122468,4.171199
1.647438,4.075444,4.123296,4.170368
1.645793,4.075444,4.123296,4.170368
1.646616,4.077093,4.124124,4.170368
1.650726,4.068027,4.113359,4.157902
1.649904,4.064730,4.111702,4.157071
1.651548,4.065554,4.113359,4.158733
1.649082,4.063906,4.111702,4.158733
1.651548,4.062258,4.110046,4.156240
1.655659,4.051544,4.099281,4.144605
1.654837,4.051544,4.100109,4.145436
1.658125,4.054016,4.100937,4.145436
1.654837,4.054016,4.100937,4.145436
1.655659,4.050720,4.097625,4.142942
1.658948,4.041654,4.086859,4.132139
1.660592,4.042478,4.091000,4.132970
1.659770,4.041654,4.088515,4.132970
1.661414,4.041654,4.088515,4.132970
1.658948,4.041654,4.087687,4.132139
1.658948,4.034237,4.081062,4.124659
1.662236,4.030116,4.076094,4.120504
1.660592,4.028467,4.076094,4.120504
1.662236,4.029292,4.076094,4.120504
1.663880,4.028467,4.076922,4.121335
1.660592,4.029292,4.076094,4.119672
1.661414,4.024347,4.071125,4.116348
1.665525,4.014457,4.061188,4.104713
1.666347,4.016105,4.062016,4.106375
1.667991,4.015281,4.062016,4.106375
1.667991,4.014457,4.061188,4.104713
1.670457,4.014457,4.061188,4.105544
1.670457,4.005391,4.052079,4.094740
1.673746,4.001270,4.047938,4.088923
1.670457,3.997150,4.042141,4.084767
1.676212,3.982315,4.028063,4.068146
1.679501,3.984787,4.029720,4.068977
1.677857,3.982315,4.028891,4.069808
1.677857,3.981491,4.028063,4.068977
1.679501,3.972425,4.018954,4.054849
1.684434,3.962535,4.009017,4.045707
1.684434,3.960887,4.009845,4.044876
1.684434,3.960887,4.009017,4.044045
1.681967,3.961711,4.007361,4.044045
1.686078,3.955942,4.004048,4.037396
1.693477,3.936986,3.982517,4.015788
1.697588,3.937810,3.983345,4.015788
1.694299,3.937810,3.984174,4.018282
1.692655,3.936986,3.984174,4.015788
1.692655,3.936986,3.983345,4.015788
1.694299,3.936986,3.983345,4.015788
1.694299,3.920503,3.966783,3.995843
1.700876,3.910613,3.958502,3.985870
1.701699,3.910613,3.958502,3.986701
1.704165,3.909789,3.956846,3.984208
1.703343,3.909789,3.957674,3.985870
1.705809,3.910613,3.956846,3.984208
1.704987,3.911437,3.956018,3.985039
1.704165,3.910613,3.955190,3.984208
1.706631,3.896603,3.942768,3.968417
1.709920,3.884240,3.930346,3.954289
1.709920,3.884240,3.932003,3.955120
1.711564,3.885064,3.932003,3.953458
1.711564,3.885064,3.931174,3.952627
1.708276,3.883416,3.931174,3.952627
1.708276,3.883416,3.932003,3.954289
1.708276,3.885064,3.932003,3.953458
1.709098,3.883416,3.931174,3.953458
1.709098,3.883416,3.931174,3.952627
1.710742,3.884240,3.932003,3.952627
1.710742,3.882592,3.931174,3.952627
1.709098,3.882592,3.931174,3.952627
1.709098,3.884240,3.932003,3.954289
1.709098,3.882592,3.931174,3.953458
1.709920,3.876823,3.924550,3.946809
1.719786,3.856219,3.905503,3.922708
1.721430,3.854571,3.903847,3.921877
1.720608,3.854571,3.903847,3.921046
1.719786,3.855395,3.903847,3.921877
1.718141,3.855395,3.903847,3.921046
1.718141,3.854571,3.903847,3.921877
1.719786,3.854571,3.902191,3.920215
1.720608,3.855395,3.904675,3.920215
1.718963,3.854571,3.903847,3.919384
1.720608,3.854571,3.903847,3.919384
1.722252,3.852922,3.904675,3.920215
1.720608,3.854571,3.903847,3.921046
1.718141,3.853747,3.903847,3.920215
1.719786,3.853747,3.902191,3.919384
1.719786,3.855395,3.903847,3.921046
1.720608,3.856219,3.903847,3.920215
1.718141,3.854571,3.903019,3.919384
1.719786,3.854571,3.903019,3.920215
1.720608,3.854571,3.903847,3.920215
1.718963,3.857867,3.907159,3.925201
1.712386,3.880944,3.931174,3.950965
1.707454,3.881768,3.928690,3.949303
1.709098,3.881768,3.928690,3.950965
1.707454,3.881768,3.928690,3.949303
1.708276,3.881768,3.928690,3.951796
1.708276,3.880120,3.929518,3.950965
1.709920,3.880944,3.929518,3.950134
1.704165,3.899899,3.949393,3.973404
1.700876,3.906493,3.953533,3.980052
1.699232,3.907317,3.954362,3.980052
1.700876,3.906493,3.955190,3.980883
1.700876,3.905668,3.955190,3.980052
1.700054,3.906493,3.953533,3.980052
1.702521,3.908141,3.955190,3.980052
1.699232,3.907317,3.955190,3.981714
1.699232,3.908141,3.956018,3.980883
1.701699,3.906493,3.956018,3.980883
1.701699,3.907317,3.954362,3.980883
1.702521,3.906493,3.954362,3.980052
1.703343,3.906493,3.954362,3.980052
1.700876,3.907317,3.953533,3.980052
1.702521,3.907317,3.955190,3.981714
1.700876,3.907317,3.955190,3.980883
1.703343,3.907317,3.953533,3.980052
1.702521,3.907317,3.954362,3.980052
1.700054,3.908141,3.954362,3.980052
1.700054,3.907317,3.954362,3.980052
1.700876,3.905668,3.955190,3.980052
1.702521,3.906493,3.956018,3.981714
1.693477,3.930393,3.979205,4.007478
1.692655,3.931217,3.980033,4.010802
1.682789,3.954294,4.001564,4.035734
1.679501,3.954294,4.002392,4.036565
1.685256,3.955942,4.002392,4.037396
1.683612,3.954294,4.001564,4.036565
1.681967,3.955942,4.003220,4.035734
1.683612,3.955118,4.003220,4.036565
1.682789,3.955942,4.003220,4.036565
1.680323,3.972425,4.021438,4.058173
1.677035,3.975722,4.023095,4.061497
1.678679,3.976546,4.023923,4.061497
1.677035,3.976546,4.023923,4.060666
1.674568,3.976546,4.023923,4.060666
1.677035,3.976546,4.023095,4.061497
1.676212,3.976546,4.023095,4.061497
1.673746,3.976546,4.023095,4.060666
1.674568,3.986436,4.033032,4.070639
1.671280,3.996325,4.042141,4.082274
1.669635,3.996325,4.042141,4.082274
1.671280,3.997150,4.042969,4.082274
1.670457,3.996325,4.042141,4.082274
1.669635,3.997150,4.042141,4.082274
1.670457,3.994677,4.043797,4.080612
1.671280,3.993853,4.042969,4.081443
1.672102,3.995501,4.042969,4.082274
1.671280,3.995501,4.040485,4.081443
1.671280,3.996325,4.041313,4.082274
1.671280,3.996325,4.042141,4.083936
1.668813,3.993853,4.042141,4.083105
1.669635,3.995501,4.042141,4.083936
1.666347,4.008688,4.054563,4.097233
1.663880,4.011160,4.057875,4.101389
1.662236,4.022698,4.071953,4.113855
1.658948,4.027643,4.073609,4.118010
1.658948,4.025171,4.073609,4.115517
1.661414,4.025171,4.072781,4.114686
1.662236,4.025171,4.072781,4.116348
1.658125,4.039181,4.086859,4.128814
1.657303,4.040006,4.087687,4.129645
1.658125,4.039181,4.086031,4.130476
1.658125,4.039181,4.086031,4.130476
1.654837,4.040006,4.086031,4.129645
1.655659,4.039181,4.086031,4.130476
1.652370,4.051544,4.100937,4.143774
1.649904,4.053192,4.100109,4.145436
1.651548,4.052368,4.097625,4.142942
1.649904,4.049895,4.097625,4.142942
1.652370,4.052368,4.097625,4.143774
1.651548,4.051544,4.098453,4.143774
1.650726,4.057313,4.104249,4.148760
1.648260,4.063906,4.110874,4.156240
1.649904,4.064730,4.110874,4.156240
1.651548,4.064730,4.110874,4.154577
1.647438,4.063906,4.110046,4.153746
1.649082,4.063906,4.110874,4.155409
1.650726,4.063906,4.110874,4.154577
1.648260,4.063082,4.110046,4.155409
1.647438,4.076268,4.122468,4.167875
1.643327,4.076268,4.119984,4.167875
1.644149,4.074620,4.121640,4.168706
1.644149,4.076268,4.122468,4.168706
1.642505,4.075444,4.123296,4.169537
1.642505,4.073796,4.122468,4.167875
1.640861,4.082862,4.128265,4.176185
1.641683,4.086158,4.132405,4.182003
1.640861,4.086982,4.133233,4.181172
1.641683,4.086982,4.133233,4.182003
1.640861,4.098521,4.143171,4.193638
1.640861,4.096048,4.141514,4.193638
1.638394,4.096048,4.141514,4.192807
1.640038,4.098521,4.141514,4.192807
1.639216,4.096872,4.142343,4.192807
1.637572,4.100993,4.145655,4.195300
1.634284,4.108410,4.153936,4.206104
1.637572,4.107586,4.153108,4.204442
1.635928,4.108410,4.153108,4.205273
1.636750,4.107586,4.152280,4.206104
1.636750,4.107586,4.152280,4.203611
1.634284,4.111707,4.158077,4.209428
1.630995,4.119949,4.163045,4.217739
1.631817,4.118300,4.163873,4.218570
1.632639,4.117476,4.163045,4.218570
1.631817,4.116652,4.163873,4.217739
1.630995,4.117476,4.163873,4.217739
1.630995,4.118300,4.163873,4.217739
1.630995,4.126542,4.172155,4.227712
1.627706,4.127366,4.173811,4.228543
1.630173,4.128190,4.173811,4.230205
1.629351,4.126542,4.173811,4.230205
1.626884,4.126542,4.172983,4.229374
1.627706,4.127366,4.173811,4.230205
1.630173,4.128190,4.174639,4.230205
1.626884,4.129014,4.175467,4.231867
1.624418,4.137256,4.185404,4.241840
1.626884,4.138080,4.184576,4.242671
1.625240,4.137256,4.184576,4.241009
1.625240,4.137256,4.182920,4.240178
1.624418,4.138080,4.184576,4.241009
1.623596,4.137256,4.182920,4.241009
1.627706,4.137256,4.184576,4.240178
1.627706,4.138904,4.185404,4.242671
1.626062,4.137256,4.185404,4.241009
1.626062,4.138080,4.182920,4.241840
1.626062,4.138080,4.182920,4.239347
1.628529,4.137256,4.182920,4.241840
1.629351,4.138904,4.185404,4.241840
1.626062,4.137256,4.183748,4.241009
1.624418,4.138080,4.183748,4.242671
1.623596,4.138904,4.185404,4.242671
1.625240,4.138080,4.185404,4.241840
1.624418,4.138080,4.183748,4.241009
1.624418,4.139728,4.185404,4.241840
1.624418,4.138080,4.183748,4.241009
1.624418,4.139728,4.183748,4.241840
1.625240,4.138904,4.182920,4.243502
1.625240,4.140553,4.184576,4.243502
1.622774,4.137256,4.182920,4.242671
1.624418,4.139728,4.184576,4.242671
1.626062,4.139728,4.185404,4.243502
1.625240,4.138904,4.184576,4.242671
1.626062,4.138904,4.183748,4.243502
1.625240,4.138904,4.183748,4.243502
1.626062,4.138904,4.183748,4.242671
1.627706,4.137256,4.182920,4.241009
1.629351,4.138904,4.184576,4.243502
1.626884,4.137256,4.180436,4.241840
1.630995,4.128190,4.172155,4.232698
1.630995,4.129014,4.172983,4.231867
1.630995,4.129014,4.173811,4.230205
1.627706,4.129014,4.173811,4.231036
1.629351,4.129838,4.175467,4.231867
1.630173,4.128190,4.173811,4.231036
1.630995,4.129838,4.175467,4.232698
1.632639,4.129838,4.174639,4.231036
1.630173,4.129014,4.175467,4.230205
1.630995,4.129838,4.175467,4.230205
1.629351,4.128190,4.174639,4.231867
1.630173,4.129838,4.174639,4.231036
1.630173,4.129838,4.173811,4.231036
1.631817,4.129838,4.174639,4.232698
1.630995,4.129838,4.174639,4.231036
1.630173,4.129014,4.174639,4.231867
1.631817,4.131487,4.174639,4.231036
1.630173,4.129014,4.175467,4.231867
1.630995,4.129838,4.175467,4.230205
1.630995,4.129838,4.175467,4.231036
1.629351,4.129838,4.175467,4.231867
1.629351,4.129838,4.175467,4.231867
1.629351,4.129838,4.175467,4.230205
1.630173,4.129838,4.175467,4.231867
1.628529,4.129838,4.174639,4.231036
1.628529,4.130663,4.174639,4.231867
1.628529,4.130663,4.175467,4.231867
1.628529,4.130663,4.174639,4.232698
1.628529,4.129014,4.175467,4.231867
1.626884,4.129014,4.174639,4.231036
1.627706,4.129838,4.175467,4.231867
1.628529,4.120773,4.163873,4.220232
1.630995,4.120773,4.163873,4.219401
1.630995,4.119124,4.164702,4.220232
1.631817,4.119124,4.163873,4.218570
1.632639,4.119124,4.164702,4.219401
1.630995,4.119124,4.163045,4.217739
1.632639,4.116652,4.161389,4.217739
1.634284,4.108410,4.152280,4.205273
1.635106,4.108410,4.153108,4.206935
1.635106,4.110059,4.154764,4.207766
1.635106,4.109235,4.153108,4.206935
1.634284,4.108410,4.153936,4.206935
1.635928,4.109235,4.153936,4.205273
1.635928,4.110059,4.153936,4.208597
1.638394,4.108410,4.154764,4.206104
1.637572,4.100993,4.144827,4.196962
1.641683,4.099345,4.142343,4.194469
1.641683,4.099345,4.143999,4.193638
1.643327,4.099345,4.143171,4.194469
1.641683,4.098521,4.143171,4.194469
1.641683,4.099345,4.142343,4.195300
1.642505,4.100169,4.143171,4.195300
1.640861,4.098521,4.143999,4.196131
1.640038,4.098521,4.143999,4.195300
1.640038,4.093576,4.139030,4.189483
1.643327,4.086158,4.132405,4.182834
1.644149,4.087807,4.132405,4.182003
1.642505,4.090279,4.133233,4.182003
1.644971,4.088631,4.133233,4.182834
1.644149,4.087807,4.134061,4.182834
1.643327,4.086982,4.132405,4.182003
1.645793,4.078741,4.122468,4.172030
1.648260,4.077093,4.121640,4.170368
1.650726,4.064730,4.110046,4.157071
1.652370,4.064730,4.110874,4.157071
1.651548,4.065554,4.111702,4.158733
1.651548,4.064730,4.110874,4.158733
1.650726,4.057313,4.103421,4.149591
1.653193,4.054016,4.100109,4.145436
1.654015,4.053192,4.100109,4.146267
1.655659,4.054016,4.100109,4.146267
1.653193,4.054016,4.100109,4.145436
1.655659,4.044126,4.088515,4.134632
1.658948,4.041654,4.088515,4.132970
1.658125,4.042478,4.087687,4.133801
1.660592,4.041654,4.088515,4.133801
1.658125,4.041654,4.086859,4.132970
1.661414,4.032588,4.080234,4.123828
1.661414,4.027643,4.074438,4.119672
1.663058,4.029292,4.075266,4.120504
1.663058,4.029292,4.076094,4.120504
1.661414,4.028467,4.076922,4.118841
1.663058,4.027643,4.076094,4.119672
1.665525,4.016105,4.062016,4.106375
1.667169,4.015281,4.061188,4.106375
1.667169,4.014457,4.061188,4.106375
1.667991,4.015281,4.062844,4.105544
1.668813,4.014457,4.061188,4.104713
1.666347,4.015281,4.062016,4.105544
1.670457,4.004567,4.051250,4.092247
1.672102,4.002094,4.047110,4.088923
1.672924,3.999622,4.045454,4.088923
1.675390,3.991380,4.036344,4.077288
1.679501,3.983963,4.029720,4.068977
1.676212,3.983963,4.028891,4.069808
1.676212,3.982315,4.028891,4.068146
1.676212,3.983139,4.028891,4.068146
1.681145,3.965008,4.008189,4.046538
1.686078,3.964183,4.007361,4.044876
1.686078,3.961711,4.007361,4.045707
1.683612,3.961711,4.008189,4.044876
1.685256,3.961711,4.008189,4.044045
1.689367,3.946876,3.993283,4.029086
1.694299,3.937810,3.984174,4.016619
1.692655,3.936986,3.984174,4.016619
1.695122,3.937810,3.984174,4.016619
1.693477,3.936986,3.983345,4.016619
1.693477,3.936986,3.983345,4.015788
1.697588,3.920503,3.965955,3.997505
1.699232,3.911437,3.957674,3.985870
1.699232,3.910613,3.958502,3.985870
1.701699,3.911437,3.958502,3.985039
1.701699,3.910613,3.957674,3.985039
1.699232,3.909789,3.956846,3.985039
1.700876,3.910613,3.956846,3.985039
1.699232,3.909789,3.957674,3.985870
1.703343,3.897427,3.941940,3.968417
1.710742,3.884240,3.931174,3.955120
1.709920,3.884240,3.932003,3.955120
1.711564,3.884240,3.932003,3.954289
1.713208,3.885064,3.932003,3.953458
1.711564,3.883416,3.932003,3.953458
1.710742,3.884240,3.932831,3.955120
1.709098,3.884240,3.932831,3.954289
1.712386,3.884240,3.931174,3.953458
1.710742,3.883416,3.932003,3.952627
1.712386,3.883416,3.932003,3.952627
1.709920,3.883416,3.931174,3.953458
1.709920,3.883416,3.931174,3.952627
1.708276,3.883416,3.931174,3.953458
1.709920,3.882592,3.930346,3.953458
1.711564,3.884240,3.931174,3.952627
1.712386,3.881768,3.929518,3.950965
1.717319,3.856219,3.903847,3.922708
1.721430,3.854571,3.903847,3.921877
1.719786,3.856219,3.903847,3.921877
1.718141,3.857043,3.903847,3.921877
1.719786,3.857043,3.903847,3.920215
1.719786,3.855395,3.903847,3.921046
1.720608,3.855395,3.903847,3.921877
1.721430,3.855395,3.903847,3.920215
1.723074,3.856219,3.903019,3.920215
1.721430,3.855395,3.901363,3.921046
1.721430,3.854571,3.903019,3.920215
1.721430,3.856219,3.902191,3.920215
1.719786,3.854571,3.903019,3.920215
1.719786,3.854571,3.903019,3.918553
1.720608,3.854571,3.903019,3.920215
1.719786,3.855395,3.903019,3.920215
1.719786,3.855395,3.902191,3.920215
1.719786,3.856219,3.903019,3.919384
1.719786,3.854571,3.903019,3.920215
1.719786,3.854571,3.901363,3.918553
1.720608,3.856219,3.902191,3.921046
1.718963,3.856219,3.905503,3.921877
1.709920,3.881768,3.928690,3.950965
1.706631,3.881768,3.927862,3.950134
1.706631,3.880944,3.927862,3.950965
1.708276,3.882592,3.929518,3.950134
1.704165,3.893306,3.941112,3.964262
1.697588,3.907317,3.953533,3.980883
1.697588,3.907317,3.953533,3.980052
1.695944,3.908141,3.953533,3.981714
1.700054,3.906493,3.953533,3.981714
1.700876,3.907317,3.953533,3.981714
1.701699,3.907317,3.954362,3.980883
1.700876,3.905668,3.952705,3.981714
1.697588,3.906493,3.952705,3.980883
1.698410,3.907317,3.953533,3.980052
1.700876,3.907317,3.953533,3.981714
1.700054,3.906493,3.952705,3.980883
1.702521,3.908965,3.953533,3.981714
1.700054,3.909789,3.955190,3.983377
1.694299,3.932865,3.979205,4.010802
1.692655,3.932041,3.978377,4.011633
1.691011,3.932041,3.978377,4.009971
1.693477,3.932865,3.977549,4.010802
1.691833,3.932041,3.979205,4.012464
1.690189,3.932041,3.977549,4.010802
1.691833,3.932041,3.978377,4.009971
1.692655,3.932041,3.977549,4.009971
1.691833,3.932865,3.978377,4.011633
1.690189,3.932041,3.980033,4.010802
1.690189,3.932041,3.978377,4.010802
1.688544,3.931217,3.978377,4.010802
1.691011,3.932865,3.978377,4.009971
1.686900,3.952645,3.999908,4.033241
1.684434,3.955118,4.002392,4.038227
1.683612,3.955942,4.003220,4.037396
1.683612,3.956766,4.001564,4.037396
1.682789,3.960887,4.007361,4.043214
1.677857,3.976546,4.022267,4.061497
1.677857,3.977370,4.023095,4.061497
1.678679,3.975722,4.024751,4.062328
1.676212,3.975722,4.023095,4.060666
1.676212,3.975722,4.023095,4.060666
1.678679,3.975722,4.023095,4.062328
1.677035,3.975722,4.023923,4.061497
1.678679,3.979842,4.026407,4.065653
1.672102,3.995501,4.042969,4.083105
1.671280,3.995501,4.042969,4.083105
1.669635,3.994677,4.041313,4.081443
1.671280,3.994677,4.042141,4.082274
1.668813,3.994677,4.041313,4.082274
1.671280,3.993853,4.042141,4.083105
1.671280,3.995501,4.042969,4.083105
1.670457,3.995501,4.042969,4.083105
1.670457,3.997150,4.040485,4.083105
1.671280,3.996325,4.043797,4.083105
1.669635,4.003743,4.051250,4.094740
1.664703,4.011160,4.057047,4.099727
1.664703,4.011160,4.057047,4.101389
1.663880,4.011984,4.058703,4.101389
1.664703,4.011984,4.058703,4.103882
1.665525,4.010336,4.058703,4.102220
1.668813,4.010336,4.058703,4.102220
1.667991,4.011160,4.057875,4.100558
1.663880,4.021050,4.070297,4.113024
1.661414,4.025995,4.075266,4.114686
1.661414,4.025171,4.072781,4.115517
1.659770,4.038357,4.086031,4.130476
1.658125,4.040006,4.086859,4.130476
1.657303,4.040830,4.086031,4.129645
1.657303,4.039181,4.084375,4.129645
1.657303,4.039181,4.086031,4.129645
1.657303,4.048247,4.095140,4.138787
1.654837,4.053192,4.098453,4.143774
1.653193,4.052368,4.098453,4.141280
1.652370,4.052368,4.099281,4.142942
1.651548,4.053192,4.098453,4.142942
1.649904,4.051544,4.099281,4.142942
1.649904,4.056489,4.102593,4.148760
1.648260,4.064730,4.110874,4.157071
1.647438,4.063906,4.110874,4.156240
1.646616,4.063082,4.109218,4.154577
1.648260,4.064730,4.110874,4.156240
1.647438,4.065554,4.110046,4.156240
1.648260,4.063082,4.110046,4.155409
1.648260,4.071323,4.117499,4.163719
1.644149,4.076268,4.121640,4.171199
1.644149,4.076268,4.122468,4.169537
1.644149,4.075444,4.119984,4.167044
1.644971,4.074620,4.121640,4.168706
1.643327,4.075444,4.119984,4.167875
1.644971,4.077093,4.122468,4.169537
1.644149,4.075444,4.122468,4.168706
1.641683,4.083686,4.129921,4.179510
1.640861,4.086982,4.131577,4.181172
1.642505,4.086982,4.130749,4.180341
1.642505,4.090279,4.136546,4.186158
1.635928,4.099345,4.143171,4.196131
1.637572,4.097696,4.142343,4.193638
1.635928,4.096872,4.141514,4.192807
1.640038,4.099345,4.143171,4.196131
1.636750,4.098521,4.143171,4.194469
1.634284,4.108410,4.151452,4.205273
1.635928,4.108410,4.151452,4.207766
1.634284,4.109235,4.153108,4.206104
1.632639,4.108410,4.151452,4.206104
1.633461,4.109235,4.153108,4.206104
1.633461,4.110059,4.152280,4.205273
1.632639,4.118300,4.163045,4.218570
1.632639,4.118300,4.163873,4.218570
1.633461,4.119124,4.163873,4.218570
1.631817,4.119949,4.163873,4.218570
1.634284,4.117476,4.162217,4.216908
1.633461,4.117476,4.161389,4.218570
1.632639,4.124069,4.169670,4.224388
1.630173,4.128190,4.174639,4.232698
1.629351,4.129838,4.173811,4.230205
1.628529,4.129014,4.172983,4.231036
1.629351,4.129838,4.172155,4.229374
1.629351,4.129014,4.172983,4.230205
1.632639,4.127366,4.174639,4.231867
1.629351,4.131487,4.177951,4.234360
1.626062,4.139728,4.186232,4.243502
1.626884,4.139728,4.183748,4.241840
1.624418,4.140553,4.184576,4.241840
1.624418,4.138080,4.184576,4.241840
1.626062,4.137256,4.181264,4.239347
1.626062,4.138080,4.184576,4.243502
1.623596,4.138080,4.183748,4.242671
1.626884,4.139728,4.184576,4.242671
1.624418,4.138904,4.185404,4.242671
1.626062,4.139728,4.183748,4.242671
1.624418,4.137256,4.183748,4.243502
1.624418,4.137256,4.182920,4.241840
1.627706,4.137256,4.182920,4.241840
1.624418,4.138080,4.183748,4.241840
1.624418,4.138080,4.185404,4.242671
1.622774,4.137256,4.183748,4.241840
1.623596,4.137256,4.183748,4.241840
1.624418,4.138080,4.183748,4.242671
1.626884,4.138080,4.183748,4.242671
1.625240,4.137256,4.184576,4.242671
1.626884,4.136432,4.182920,4.243502
1.623596,4.138904,4.184576,4.241840
1.623596,4.137256,4.184576,4.242671
1.624418,4.137256,4.183748,4.241840
1.624418,4.139728,4.182920,4.243502
1.623596,4.138904,4.184576,4.241840
1.625240,4.138904,4.183748,4.241840
1.624418,4.138080,4.184576,4.243502
1.625240,4.137256,4.181264,4.241840
1.626062,4.138080,4.184576,4.244333
1.626884,4.137256,4.183748,4.243502
1.627706,4.138904,4.184576,4.241840
1.627706,4.138904,4.185404,4.243502
1.626884,4.137256,4.184576,4.242671
1.628529,4.138080,4.185404,4.243502
1.627706,4.138080,4.182920,4.243502
1.628529,4.128190,4.173811,4.231867
1.629351,4.130663,4.174639,4.231036
1.627706,4.129014,4.175467,4.231036
1.627706,4.129838,4.174639,4.230205
1.627706,4.128190,4.174639,4.232698
1.626884,4.127366,4.174639,4.231867
1.626884,4.129838,4.175467,4.231036
1.629351,4.128190,4.174639,4.231036
1.630995,4.129014,4.174639,4.231867
1.628529,4.128190,4.173811,4.231036
1.629351,4.130663,4.174639,4.232698
1.629351,4.129014,4.175467,4.231036
1.628529,4.129014,4.174639,4.231867
1.628529,4.130663,4.175467,4.231867
1.628529,4.130663,4.176295,4.230205
1.629351,4.128190,4.175467,4.231867
1.630173,4.129838,4.175467,4.231867
1.630995,4.128190,4.174639,4.231867
1.627706,4.127366,4.174639,4.231036
1.629351,4.129838,4.175467,4.231867
1.630995,4.128190,4.175467,4.231036
1.630173,4.127366,4.174639,4.230205
1.632639,4.129014,4.177123,4.232698
1.630995,4.129014,4.174639,4.232698
1.631817,4.128190,4.174639,4.232698
1.630173,4.129014,4.174639,4.231036
1.628529,4.129014,4.175467,4.231867
1.628529,4.130663,4.175467,4.231036
1.627706,4.129014,4.173811,4.231867
1.627706,4.129014,4.175467,4.231867
1.630995,4.129838,4.175467,4.232698
1.631817,4.119949,4.164702,4.221894
1.635106,4.119949,4.164702,4.220232
1.633461,4.118300,4.163045,4.216908
1.635928,4.107586,4.152280,4.206935
1.634284,4.110059,4.154764,4.207766
1.634284,4.108410,4.153936,4.206104
1.636750,4.110059,4.153936,4.207766
1.637572,4.109235,4.154764,4.207766
1.636750,4.108410,4.153108,4.206935
1.636750,4.109235,4.153936,4.206935
1.641683,4.097696,4.143999,4.194469
1.642505,4.097696,4.143999,4.193638
1.642505,4.097696,4.142343,4.193638
1.641683,4.097696,4.143999,4.193638
1.642505,4.097696,4.143171,4.195300
1.643327,4.098521,4.143171,4.194469
1.643327,4.098521,4.142343,4.195300
1.641683,4.096872,4.140686,4.192807
1.645793,4.086158,4.132405,4.182003
1.644149,4.086982,4.133233,4.181172
1.642505,4.086982,4.133233,4.182003
1.642505,4.086982,4.132405,4.182003
1.640861,4.086982,4.131577,4.181172
1.640861,4.086982,4.132405,4.180341
1.644971,4.086982,4.133233,4.183665
1.642505,4.086982,4.132405,4.182003
1.643327,4.087807,4.132405,4.182003
1.645793,4.076268,4.122468,4.168706
1.646616,4.077093,4.124124,4.169537
1.647438,4.077093,4.122468,4.169537
1.645793,4.076268,4.123296,4.170368
1.651548,4.069675,4.115015,4.162057
1.652370,4.064730,4.110874,4.156240
1.651548,4.063906,4.110874,4.157902
1.655659,4.054840,4.100109,4.146267
1.654837,4.053192,4.099281,4.144605
1.654015,4.054016,4.099281,4.146267
1.656481,4.052368,4.100109,4.146267
1.658948,4.051544,4.096796,4.142111
1.659770,4.040006,4.086859,4.132139
1.658125,4.043302,4.088515,4.132139
1.659770,4.042478,4.087687,4.132139
1.660592,4.041654,4.088515,4.132970
1.663058,4.035885,4.079406,4.125490
1.663880,4.028467,4.073609,4.119672
1.662236,4.028467,4.076094,4.119672
1.663058,4.030116,4.074438,4.118841
1.662236,4.028467,4.076094,4.119672
1.663058,4.025995,4.072781,4.115517
1.668813,4.014457,4.062016,4.104713
1.667169,4.015281,4.062016,4.103882
1.667991,4.016105,4.062844,4.104713
1.667169,4.016105,4.062844,4.105544
1.666347,4.015281,4.062016,4.103882
1.667169,4.006215,4.052079,4.095571
1.671280,4.002094,4.047938,4.089754
1.672924,4.001270,4.047110,4.088923
1.672924,4.002094,4.046282,4.087261
1.672924,3.998798,4.047938,4.088923
1.671280,4.001270,4.046282,4.088092
1.674568,3.999622,4.046282,4.087261
1.676212,3.988084,4.034688,4.073132
1.675390,3.982315,4.028891,4.068977
1.677035,3.979018,4.023095,4.063160
1.682789,3.960887,4.006533,4.043214
1.685256,3.962535,4.007361,4.044876
1.686078,3.961711,4.008189,4.043214
1.686078,3.962535,4.007361,4.042383
1.684434,3.960063,4.007361,4.042383
1.690189,3.940283,3.985002,4.019113
1.691833,3.937810,3.984174,4.014957
1.691833,3.936986,3.983345,4.014957
1.692655,3.936162,3.981689,4.014957
1.692655,3.936162,3.982517,4.014126
1.695944,3.936162,3.981689,4.013295
1.698410,3.912262,3.957674,3.987532
1.700876,3.910613,3.956846,3.985039
1.702521,3.911437,3.957674,3.984208
1.700054,3.910613,3.957674,3.985039
1.702521,3.910613,3.956018,3.984208
1.702521,3.910613,3.956846,3.985039
1.701699,3.911437,3.957674,3.985039
1.704987,3.899899,3.943596,3.970079
1.710742,3.883416,3.932003,3.951796
1.711564,3.885064,3.931174,3.952627
1.710742,3.884240,3.931174,3.953458
1.711564,3.885064,3.931174,3.952627
1.714031,3.885064,3.931174,3.953458
1.711564,3.885064,3.930346,3.953458
1.709920,3.884240,3.931174,3.953458
1.712386,3.884240,3.931174,3.953458
1.709920,3.882592,3.931174,3.953458
1.708276,3.884240,3.931174,3.952627
1.708276,3.883416,3.931174,3.954289
1.709920,3.883416,3.929518,3.952627
1.707454,3.883416,3.930346,3.950965
1.709920,3.883416,3.931174,3.951796
1.708276,3.884240,3.930346,3.952627
1.708276,3.882592,3.929518,3.950134
1.714031,3.859516,3.905503,3.922708
1.717319,3.856219,3.902191,3.919384
1.717319,3.854571,3.902191,3.921046
1.719786,3.857043,3.903847,3.921877
1.720608,3.856219,3.903847,3.920215
1.720608,3.855395,3.903019,3.920215
1.718963,3.855395,3.902191,3.921046
1.721430,3.855395,3.902191,3.921877
1.722252,3.855395,3.902191,3.920215
1.721430,3.857043,3.903019,3.920215
1.720608,3.854571,3.902191,3.920215
1.721430,3.854571,3.903019,3.921877
1.718963,3.853747,3.903847,3.921046
1.721430,3.856219,3.903019,3.921877
1.718141,3.854571,3.903019,3.920215
1.717319,3.857043,3.903019,3.920215
1.718963,3.855395,3.903847,3.919384
1.720608,3.855395,3.902191,3.920215
1.719786,3.855395,3.903019,3.920215
1.717319,3.869406,3.917097,3.936836
1.709920,3.882592,3.929518,3.950965
1.713208,3.881768,3.928690,3.950134
1.713208,3.881768,3.929518,3.950965
1.711564,3.882592,3.928690,3.950965
1.709098,3.881768,3.928690,3.950134
1.708276,3.880944,3.928690,3.950965
1.708276,3.880944,3.927862,3.950134
1.709920,3.881768,3.928690,3.950965
1.705809,3.893306,3.941940,3.965924
1.702521,3.906493,3.954362,3.980883
1.700054,3.905668,3.952705,3.980883
1.702521,3.906493,3.953533,3.982545
1.700054,3.907317,3.953533,3.983377
1.700054,3.907317,3.952705,3.981714
1.700054,3.906493,3.952705,3.981714
1.699232,3.907317,3.953533,3.982545
1.700876,3.907317,3.953533,3.980883
1.701699,3.906493,3.951877,3.981714
1.702521,3.905668,3.953533,3.980883
1.700054,3.906493,3.951049,3.980052
1.695944,3.923800,3.971752,4.001660
1.689367,3.931217,3.978377,4.009971
1.689367,3.932041,3.976721,4.009971
1.690189,3.932865,3.978377,4.010802
1.688544,3.932041,3.978377,4.010802
1.691011,3.932041,3.979205,4.010802
1.692655,3.932041,3.979205,4.010802
1.692655,3.932865,3.978377,4.010802
1.689367,3.931217,3.977549,4.010802
1.693477,3.932865,3.978377,4.010802
1.691833,3.932041,3.976721,4.010802
1.692655,3.933690,3.978377,4.009140
1.691833,3.932865,3.977549,4.009971
1.691833,3.932865,3.978377,4.009140
1.692655,3.932865,3.978377,4.009971
1.691833,3.931217,3.977549,4.009140
1.691833,3.932041,3.976721,4.009140
1.686078,3.949349,3.997423,4.029917
1.682789,3.954294,4.001564,4.038227
1.681145,3.956766,4.003220,4.038227
1.677035,3.975722,4.023095,4.059835
1.676212,3.975722,4.021438,4.059004
1.674568,3.976546,4.023095,4.059835
1.677035,3.975722,4.022267,4.059004
1.677035,3.976546,4.022267,4.060666
1.676212,3.974897,4.023095,4.060666
1.677035,3.980666,4.025579,4.064822
1.671280,3.995501,4.042141,4.082274
1.667991,3.993853,4.040485,4.082274
1.668813,3.996325,4.040485,4.081443
1.672102,3.996325,4.041313,4.082274
1.672102,3.995501,4.040485,4.082274
1.672924,3.995501,4.040485,4.083105
1.670457,3.996325,4.040485,4.083105
1.672924,3.996325,4.042141,4.081443
1.671280,4.002919,4.048766,4.089754
1.665525,4.011160,4.056219,4.098896
1.667991,4.011160,4.058703,4.100558
1.665525,4.009512,4.057047,4.098896
1.664703,4.011160,4.057047,4.099727
1.666347,4.011984,4.057875,4.098896
1.664703,4.011984,4.056219,4.099727
1.666347,4.010336,4.057875,4.101389
1.666347,4.012808,4.057875,4.100558
1.664703,4.011160,4.057875,4.098896
1.667169,4.011160,4.057875,4.100558
1.664703,4.011984,4.057875,4.099727
1.665525,4.015281,4.062016,4.104713
1.659770,4.031764,4.077750,4.122166
1.654837,4.039181,4.085203,4.130476
1.656481,4.040006,4.086031,4.130476
1.658125,4.040006,4.086031,4.129645
1.656481,4.039181,4.084375,4.129645
1.655659,4.043302,4.090172,4.134632
1.649904,4.051544,4.099281,4.142942
1.653193,4.053192,4.099281,4.143774
1.654837,4.054016,4.098453,4.142942
1.652370,4.050720,4.097625,4.141280
1.654015,4.053192,4.097625,4.142111
1.651548,4.063082,4.108390,4.153746
1.650726,4.064730,4.110874,4.156240
1.649904,4.064730,4.110046,4.156240
1.649082,4.063906,4.109218,4.153746
1.651548,4.064730,4.109218,4.155409
1.649904,4.063082,4.108390,4.154577
1.647438,4.069675,4.115015,4.161226
1.648260,4.075444,4.122468,4.169537
1.645793,4.073796,4.120812,4.167875
1.648260,4.075444,4.121640,4.167875
1.643327,4.074620,4.119155,4.167875
1.643327,4.073796,4.119984,4.170368
1.643327,4.074620,4.119984,4.168706
1.641683,4.082862,4.128265,4.178679
1.638394,4.085334,4.131577,4.182834
1.642505,4.085334,4.130749,4.181172
1.640861,4.084510,4.130749,4.181172
1.641683,4.085334,4.131577,4.182003
1.641683,4.085334,4.130749,4.181172
1.643327,4.085334,4.132405,4.181172
1.642505,4.090279,4.135718,4.185327
1.639216,4.096048,4.142343,4.193638
1.639216,4.096048,4.141514,4.195300
1.640038,4.095224,4.142343,4.194469
1.632639,4.107586,4.153108,4.206935
1.633461,4.107586,4.152280,4.206104
1.635106,4.106762,4.152280,4.203611
1.635928,4.106762,4.150624,4.203611
1.635928,4.106762,4.152280,4.206104
1.634284,4.108410,4.152280,4.206104
1.630995,4.119124,4.164702,4.218570
1.631817,4.116652,4.162217,4.218570
1.630995,4.117476,4.162217,4.217739
1.631817,4.116652,4.163045,4.218570
1.630995,4.119124,4.163873,4.218570
1.630995,4.117476,4.162217,4.217739
1.626884,4.126542,4.172983,4.228543
1.625240,4.128190,4.174639,4.231036
1.626884,4.129014,4.173811,4.230205
1.626062,4.129014,4.173811,4.230205
1.626884,4.127366,4.172983,4.231036
1.629351,4.129838,4.173811,4.231036
1.629351,4.129014,4.172983,4.230205
1.625240,4.135608,4.181264,4.237685
1.623596,4.138904,4.183748,4.242671
1.626884,4.138904,4.184576,4.241840
1.626062,4.138904,4.184576,4.241840
1.626062,4.138080,4.185404,4.241840
1.626884,4.138080,4.184576,4.241840
1.625240,4.139728,4.182920,4.241840
1.624418,4.138080,4.182920,4.241840
1.626884,4.137256,4.182092,4.241009
1.627706,4.128190,4.173811,4.229374
1.624418,4.138904,4.184576,4.241009
1.625240,4.138904,4.184576,4.242671
1.623596,4.138080,4.182920,4.242671
1.625240,4.138080,4.183748,4.242671
1.626062,4.138904,4.184576,4.241840
1.625240,4.138904,4.183748,4.241840
1.626062,4.138904,4.183748,4.242671
1.626062,4.138080,4.183748,4.241840
1.626884,4.138904,4.185404,4.241840
1.627706,4.136432,4.183748,4.241840
1.625240,4.137256,4.182920,4.242671
1.624418,4.138080,4.185404,4.243502
1.626062,4.138080,4.183748,4.242671
1.626884,4.138080,4.185404,4.242671
1.626062,4.138080,4.184576,4.241009
1.626062,4.138904,4.183748,4.241009
1.626884,4.138080,4.184576,4.241840
1.624418,4.138080,4.185404,4.243502
1.623596,4.136432,4.183748,4.241009
1.623596,4.138904,4.185404,4.242671
1.626062,4.138904,4.185404,4.243502
1.626062,4.138904,4.184576,4.241840
1.624418,4.137256,4.186232,4.242671
1.626062,4.137256,4.185404,4.242671
1.625240,4.138080,4.184576,4.241840
1.626062,4.137256,4.183748,4.241009
1.626062,4.137256,4.185404,4.243502
1.624418,4.138080,4.183748,4.243502
1.625240,4.138080,4.184576,4.243502
1.624418,4.138904,4.184576,4.242671
1.627706,4.129838,4.176295,4.231867
1.626062,4.129014,4.172983,4.231867
1.627706,4.128190,4.174639,4.231867
1.626062,4.129014,4.172983,4.231867
1.626062,4.129014,4.174639,4.230205
1.626884,4.128190,4.172155,4.231036
1.626062,4.129014,4.172155,4.230205
1.627706,4.128190,4.173811,4.231036
1.626062,4.128190,4.173811,4.231036
1.630173,4.129014,4.173811,4.231036
1.630995,4.130663,4.173811,4.231867
1.629351,4.129838,4.173811,4.229374
1.629351,4.128190,4.174639,4.230205
1.630173,4.129838,4.173811,4.230205
1.629351,4.129014,4.175467,4.231036
1.629351,4.129014,4.173811,4.230205
1.628529,4.128190,4.175467,4.230205
1.629351,4.128190,4.175467,4.231036
1.630995,4.131487,4.174639,4.230205
1.630173,4.129838,4.175467,4.230205
1.629351,4.124894,4.168842,4.225219
1.631817,4.119124,4.163045,4.218570
1.633461,4.117476,4.162217,4.218570
1.633461,4.117476,4.163045,4.219401
1.633461,4.119124,4.164702,4.218570
1.635106,4.118300,4.163873,4.219401
1.634284,4.118300,4.163873,4.220232
1.634284,4.119124,4.163873,4.219401
1.632639,4.119124,4.163045,4.219401
1.633461,4.118300,4.163873,4.220232
1.633461,4.118300,4.163045,4.219401
1.635106,4.111707,4.155592,4.210259
1.635106,4.108410,4.153108,4.207766
1.633461,4.108410,4.151452,4.206104
1.635106,4.109235,4.151452,4.206935
1.638394,4.107586,4.152280,4.207766
1.637572,4.108410,4.152280,4.206935
1.635106,4.105114,4.149796,4.202780
1.640038,4.096872,4.140686,4.193638
1.639216,4.096872,4.142343,4.193638
1.640038,4.097696,4.142343,4.194469
1.639216,4.096872,4.141514,4.193638
1.640861,4.097696,4.141514,4.194469
1.641683,4.098521,4.143171,4.194469
1.641683,4.092752,4.137374,4.189483
1.641683,4.086158,4.129921,4.181172
1.642505,4.086982,4.131577,4.182003
1.644971,4.086982,4.132405,4.183665
1.640861,4.086158,4.132405,4.182003
1.641683,4.086982,4.132405,4.182834
1.643327,4.088631,4.131577,4.182834
1.643327,4.086982,4.132405,4.182834
1.643327,4.085334,4.129921,4.179510
1.647438,4.075444,4.121640,4.170368
1.646616,4.077093,4.121640,4.169537
1.644149,4.075444,4.121640,4.169537
1.643327,4.074620,4.122468,4.170368
1.644149,4.075444,4.122468,4.169537
1.647438,4.076268,4.123296,4.170368
1.645793,4.076268,4.122468,4.169537
1.647438,4.074620,4.122468,4.172030
1.644971,4.076268,4.123296,4.170368
1.648260,4.062258,4.109218,4.154577
1.654015,4.052368,4.097625,4.143774
1.653193,4.052368,4.100109,4.143774
1.655659,4.053192,4.100109,4.145436
1.655659,4.050720,4.096796,4.142942
1.658948,4.039181,4.086859,4.131307
1.659770,4.041654,4.088515,4.132970
1.658948,4.040830,4.089344,4.133801
1.659770,4.039181,4.088515,4.132970
1.661414,4.033412,4.079406,4.124659
1.661414,4.027643,4.074438,4.119672
1.661414,4.028467,4.075266,4.119672
1.666347,4.028467,4.075266,4.119672
1.664703,4.026819,4.075266,4.118841
1.666347,4.020226,4.067813,4.111362
1.667169,4.014457,4.061188,4.103882
1.665525,4.014457,4.062016,4.104713
1.665525,4.013633,4.062016,4.104713
1.666347,4.013633,4.062016,4.104713
1.669635,4.007864,4.052907,4.096402
1.669635,4.000446,4.045454,4.087261
1.668813,4.000446,4.046282,4.087261
1.672102,3.999622,4.046282,4.088092
1.670457,3.999622,4.046282,4.088923
1.670457,3.999622,4.047110,4.086430
1.669635,3.994677,4.041313,4.083105
1.677857,3.982315,4.028891,4.068146
1.677035,3.982315,4.030548,4.068977
1.678679,3.982315,4.028891,4.068146
1.680323,3.981491,4.028891,4.067315
1.680323,3.981491,4.028063,4.067315
1.680323,3.974897,4.022267,4.061497
1.685256,3.960063,4.008189,4.042383
1.685256,3.961711,4.007361,4.044045
1.689367,3.960887,4.008189,4.043214
1.692655,3.940283,3.985830,4.018282
1.694299,3.936986,3.984174,4.016619
1.695944,3.936986,3.983345,4.016619
1.697588,3.937810,3.984174,4.015788
1.692655,3.936162,3.981689,4.015788
1.692655,3.936162,3.982517,4.014126
1.698410,3.912262,3.959330,3.986701
1.699232,3.909789,3.958502,3.985039
1.698410,3.912262,3.958502,3.986701
1.697588,3.911437,3.956846,3.985039
1.699232,3.910613,3.956846,3.985039
1.697588,3.910613,3.957674,3.985870
1.699232,3.908141,3.957674,3.984208
1.705809,3.888361,3.936143,3.959275
1.709098,3.884240,3.932003,3.953458
1.709098,3.883416,3.932003,3.954289
1.706631,3.881768,3.932003,3.954289
1.708276,3.884240,3.931174,3.954289
1.710742,3.884240,3.932003,3.953458
1.709920,3.882592,3.930346,3.952627
1.709920,3.882592,3.932003,3.953458
1.710742,3.882592,3.931174,3.951796
1.710742,3.882592,3.930346,3.953458
1.711564,3.880944,3.930346,3.953458
1.710742,3.880944,3.930346,3.951796
1.714853,3.858692,3.905503,3.925201
1.718141,3.854571,3.903019,3.921877
1.718963,3.856219,3.906331,3.923539
1.713208,3.881768,3.931174,3.951796
1.707454,3.882592,3.930346,3.951796
1.713208,3.863636,3.910472,3.932681
1.718963,3.855395,3.902191,3.921046
1.721430,3.856219,3.903847,3.922708
1.721430,3.856219,3.903019,3.921877
1.718963,3.855395,3.903019,3.921046
1.722252,3.855395,3.904675,3.920215
1.720608,3.853747,3.903847,3.921046
1.715675,3.873526,3.926206,3.943485
1.710742,3.881768,3.930346,3.952627
1.709098,3.882592,3.931174,3.951796
1.709098,3.880944,3.929518,3.951796
1.709098,3.880120,3.928690,3.950965
1.712386,3.882592,3.929518,3.951796
1.713208,3.881768,3.928690,3.951796
1.713208,3.881768,3.928690,3.950134
1.710742,3.881768,3.929518,3.950965
1.712386,3.880120,3.929518,3.952627
1.714031,3.881768,3.929518,3.952627
1.713208,3.880944,3.928690,3.952627
1.710742,3.881768,3.930346,3.952627
1.709920,3.880120,3.928690,3.950965
1.711564,3.880944,3.929518,3.951796
1.711564,3.879295,3.928690,3.950965
1.709098,3.880120,3.929518,3.950965
1.710742,3.880944,3.928690,3.951796
1.711564,3.879295,3.927034,3.949303
1.708276,3.881768,3.928690,3.951796
1.711564,3.881768,3.929518,3.951796
1.714031,3.857867,3.906331,3.925201
1.713208,3.876823,3.925378,3.947640
1.707454,3.880120,3.927862,3.950134
1.707454,3.891658,3.940284,3.963431
1.701699,3.906493,3.955190,3.981714
1.701699,3.906493,3.953533,3.980883
1.700054,3.905668,3.953533,3.980883
1.700876,3.904844,3.953533,3.980883
1.698410,3.904020,3.953533,3.981714
1.698410,3.904844,3.953533,3.980052
1.698410,3.904844,3.953533,3.980883
1.699232,3.905668,3.953533,3.981714
1.701699,3.905668,3.953533,3.980052
1.698410,3.905668,3.951877,3.980052
1.699232,3.906493,3.954362,3.981714
1.698410,3.911437,3.960158,3.986701
1.691833,3.932041,3.979205,4.009971
1.692655,3.930393,3.980033,4.009971
1.691833,3.928745,3.978377,4.010802
1.692655,3.931217,3.979205,4.009971
1.692655,3.931217,3.978377,4.010802
1.691833,3.931217,3.979205,4.009140
1.691011,3.930393,3.979205,4.011633
1.691011,3.932041,3.979205,4.011633
1.690189,3.931217,3.979205,4.009140
1.691833,3.932041,3.977549,4.009971
1.689367,3.930393,3.978377,4.009971
1.689367,3.931217,3.978377,4.009140
1.689367,3.930393,3.979205,4.010802
1.689367,3.930393,3.979205,4.010802
1.691011,3.931217,3.979205,4.009971
1.691011,3.931217,3.978377,4.009971
1.686900,3.946052,3.994939,4.028254
1.680323,3.972425,4.019782,4.055680
1.677035,3.974897,4.022267,4.061497
1.677857,3.974897,4.023095,4.060666
1.677857,3.974897,4.022267,4.060666
1.675390,3.976546,4.023923,4.060666
1.676212,3.976546,4.021438,4.061497
1.672102,3.991380,4.040485,4.079781
1.670457,3.993029,4.041313,4.082274
1.668813,3.993853,4.042969,4.083105
1.670457,3.994677,4.042141,4.082274
1.671280,3.994677,4.041313,4.084767
1.671280,3.993853,4.041313,4.083105
1.669635,3.994677,4.041313,4.082274
1.667991,4.000446,4.047110,4.090585
1.666347,4.011160,4.057875,4.102220
1.663880,4.008688,4.057875,4.101389
1.666347,4.010336,4.056219,4.099727
1.666347,4.008688,4.058703,4.100558
1.665525,4.008688,4.056219,4.100558
1.666347,4.010336,4.057875,4.099727
1.663880,4.010336,4.057047,4.102220
1.666347,4.011160,4.056219,4.101389
1.667991,4.015281,4.062016,4.106375
1.661414,4.025171,4.072781,4.117179
1.662236,4.023523,4.071953,4.117179
1.662236,4.025171,4.071953,4.117179
1.660592,4.025171,4.071953,4.116348
1.661414,4.025171,4.071953,4.117179
1.661414,4.024347,4.071953,4.116348
1.660592,4.025995,4.071125,4.116348
1.658125,4.033412,4.079406,4.123828
1.657303,4.040006,4.086031,4.129645
1.656481,4.040006,4.087687,4.131307
1.650726,4.052368,4.099281,4.143774
1.653193,4.054016,4.097625,4.143774
1.651548,4.053192,4.097625,4.143774
1.653193,4.051544,4.098453,4.142111
1.654837,4.052368,4.099281,4.142111
1.652370,4.056489,4.103421,4.147098
1.648260,4.063906,4.111702,4.155409
1.649082,4.063906,4.109218,4.157071
1.649082,4.064730,4.110046,4.156240
1.648260,4.061434,4.110874,4.156240
1.647438,4.063082,4.109218,4.155409
1.647438,4.073796,4.120812,4.167044
1.644971,4.075444,4.120812,4.169537
1.646616,4.075444,4.122468,4.167875
1.645793,4.075444,4.120812,4.168706
1.645793,4.073796,4.119155,4.169537
1.644149,4.075444,4.119984,4.168706
1.643327,4.078741,4.124952,4.172030
1.641683,4.087807,4.132405,4.182003
1.642505,4.085334,4.131577,4.179510
1.641683,4.085334,4.132405,4.180341
1.640038,4.084510,4.133233,4.180341
1.640038,4.086158,4.131577,4.180341
1.640861,4.084510,4.131577,4.179510
1.639216,4.085334,4.130749,4.180341
1.637572,4.094400,4.141514,4.191976
1.635106,4.096872,4.143171,4.193638
1.636750,4.097696,4.143171,4.193638
1.636750,4.096048,4.142343,4.192807
1.636750,4.100169,4.144827,4.198624
1.632639,4.108410,4.153108,4.206935
1.634284,4.107586,4.153936,4.206104
1.634284,4.107586,4.152280,4.205273
1.634284,4.106762,4.151452,4.206104
1.632639,4.107586,4.153108,4.206104
1.631817,4.115828,4.162217,4.216077
1.631817,4.119124,4.163873,4.219401
1.630173,4.118300,4.162217,4.217739
1.632639,4.117476,4.163045,4.218570
1.634284,4.117476,4.163045,4.218570
1.632639,4.116652,4.163045,4.217739
1.632639,4.119124,4.166358,4.218570
1.630995,4.127366,4.175467,4.230205
1.630173,4.126542,4.173811,4.231036
1.628529,4.127366,4.174639,4.231036
1.626884,4.127366,4.173811,4.230205
1.626062,4.127366,4.173811,4.231036
1.627706,4.127366,4.174639,4.231036
1.625240,4.129838,4.178779,4.234360
1.623596,4.136432,4.184576,4.242671
1.625240,4.137256,4.183748,4.242671
1.627706,4.136432,4.183748,4.241840
1.623596,4.136432,4.183748,4.241840
1.624418,4.136432,4.183748,4.241840
1.627706,4.137256,4.185404,4.241009
1.624418,4.136432,4.184576,4.241009
1.624418,4.136432,4.185404,4.243502
1.625240,4.136432,4.184576,4.244333
1.625240,4.136432,4.186232,4.242671
1.625240,4.138080,4.184576,4.241840
1.627706,4.127366,4.173811,4.231036
1.626884,4.130663,4.176295,4.231867
1.622774,4.137256,4.185404,4.244333
1.623596,4.138080,4.184576,4.241840
1.624418,4.137256,4.185404,4.242671
1.626062,4.138080,4.184576,4.243502
1.626884,4.138080,4.185404,4.244333
1.626884,4.138080,4.184576,4.243502
1.626884,4.138080,4.184576,4.242671
1.624418,4.138080,4.185404,4.243502
1.621129,4.137256,4.183748,4.243502
1.625240,4.138080,4.184576,4.243502
1.623596,4.138080,4.186232,4.242671
1.622774,4.138080,4.185404,4.241009
1.626884,4.138904,4.185404,4.244333
1.627706,4.138904,4.185404,4.241009
1.626884,4.138080,4.186232,4.242671
1.622774,4.138080,4.185404,4.241840
1.624418,4.138080,4.185404,4.242671
1.626062,4.138904,4.187060,4.243502
1.625240,4.138080,4.185404,4.242671
1.623596,4.138904,4.185404,4.243502
1.623596,4.139728,4.185404,4.243502
1.624418,4.137256,4.184576,4.241840
1.626884,4.136432,4.185404,4.243502
1.626062,4.138904,4.184576,4.242671
1.626062,4.138904,4.185404,4.243502
1.624418,4.138904,4.184576,4.243502
1.626884,4.139728,4.186232,4.243502
1.625240,4.139728,4.186232,4.244333
1.624418,4.138080,4.185404,4.242671
1.626884,4.131487,4.177123,4.234360
1.629351,4.128190,4.176295,4.232698
1.630995,4.128190,4.174639,4.232698
1.629351,4.129838,4.175467,4.231867
1.628529,4.129014,4.175467,4.231867
1.626884,4.129838,4.175467,4.231036
1.628529,4.130663,4.175467,4.232698
1.628529,4.128190,4.175467,4.231036
1.630173,4.117476,4.164702,4.220232
1.630995,4.118300,4.165530,4.221063
1.630173,4.117476,4.164702,4.220232
1.630995,4.118300,4.164702,4.219401
1.632639,4.117476,4.164702,4.219401
1.634284,4.118300,4.165530,4.220232
1.633461,4.118300,4.164702,4.220232
1.631817,4.119124,4.163873,4.219401
1.632639,4.118300,4.164702,4.219401
1.636750,4.119124,4.166358,4.220232
1.636750,4.117476,4.164702,4.221063
1.635928,4.118300,4.163873,4.219401
1.635928,4.118300,4.165530,4.220232
1.636750,4.119124,4.164702,4.220232
1.635928,4.119124,4.164702,4.219401
1.634284,4.119124,4.164702,4.219401
1.631817,4.119124,4.163873,4.220232
1.630173,4.118300,4.164702,4.220232
1.631817,4.119124,4.164702,4.220232
1.632639,4.118300,4.166358,4.221063
1.631817,4.119124,4.164702,4.218570
1.631817,4.119124,4.165530,4.220232
1.630995,4.118300,4.163873,4.220232
1.636750,4.112531,4.158905,4.213584
1.637572,4.110059,4.153108,4.207766
1.638394,4.109235,4.153108,4.207766
1.635106,4.107586,4.153936,4.205273
1.640038,4.097696,4.143171,4.194469
1.640861,4.097696,4.143999,4.194469
1.638394,4.097696,4.143999,4.195300
1.641683,4.096872,4.142343,4.195300
1.640861,4.098521,4.143999,4.196962
1.643327,4.099345,4.143171,4.196962
1.643327,4.095224,4.139030,4.189483
1.644149,4.086982,4.132405,4.182003
1.645793,4.087807,4.133233,4.182003
1.644149,4.086158,4.134061,4.183665
1.643327,4.086982,4.133233,4.182834
1.643327,4.086158,4.134061,4.182003
1.641683,4.086158,4.134890,4.183665
1.641683,4.081213,4.128265,4.174523
1.645793,4.075444,4.122468,4.169537
1.647438,4.075444,4.122468,4.171199
1.648260,4.077917,4.124124,4.170368
1.649082,4.076268,4.122468,4.170368
1.649082,4.076268,4.124124,4.170368
1.647438,4.075444,4.123296,4.169537
1.646616,4.075444,4.122468,4.171199
1.649904,4.065554,4.111702,4.157071
1.650726,4.063906,4.112531,4.158733
1.650726,4.064730,4.112531,4.158733
1.646616,4.063906,4.111702,4.157902
1.649082,4.064730,4.112531,4.156240
1.649082,4.066379,4.112531,4.157902
1.649082,4.059785,4.106734,4.151253
1.652370,4.053192,4.099281,4.142942
1.656481,4.042478,4.088515,4.132970
1.657303,4.040830,4.088515,4.131307
1.656481,4.040830,4.087687,4.131307
1.656481,4.040830,4.089344,4.132970
1.656481,4.032588,4.081062,4.123828
1.660592,4.026819,4.075266,4.119672
1.661414,4.028467,4.076094,4.119672
1.664703,4.028467,4.076094,4.119672
1.665525,4.026819,4.076094,4.118841
1.666347,4.017753,4.063672,4.108869
1.667169,4.015281,4.064500,4.106375
1.666347,4.013633,4.063672,4.105544
1.667169,4.015281,4.064500,4.105544
1.667169,4.014457,4.062844,4.104713
1.670457,4.001270,4.047938,4.090585
1.670457,4.000446,4.048766,4.090585
1.673746,4.000446,4.047938,4.090585
1.670457,4.002094,4.048766,4.088923
1.672102,4.001270,4.047938,4.088923
1.672924,3.998798,4.042969,4.083936
1.676212,3.983139,4.029720,4.068146
1.677857,3.982315,4.029720,4.068146
1.679501,3.984787,4.028891,4.068146
1.676212,3.981491,4.029720,4.068146
1.677035,3.982315,4.028891,4.068977
1.677035,3.980666,4.028891,4.067315
1.679501,3.967480,4.012329,4.052356
1.682789,3.960063,4.007361,4.043214
1.681967,3.960887,4.008189,4.044876
1.683612,3.961711,4.007361,4.043214
1.687722,3.947700,3.992455,4.028254
1.692655,3.936162,3.984174,4.016619
1.691833,3.936162,3.984174,4.015788
1.692655,3.936162,3.984174,4.014957
1.693477,3.936162,3.985002,4.015788
1.692655,3.935338,3.984174,4.015788
1.697588,3.920503,3.966783,3.994180
1.703343,3.910613,3.958502,3.985039
1.703343,3.909789,3.957674,3.986701
1.702521,3.910613,3.958502,3.986701
1.702521,3.910613,3.956846,3.985039
1.702521,3.908965,3.957674,3.985039
1.700876,3.910613,3.957674,3.985870
1.699232,3.904020,3.951877,3.980052
1.707454,3.884240,3.930346,3.951796
1.707454,3.882592,3.932003,3.955120
1.708276,3.884240,3.932003,3.954289
1.711564,3.883416,3.932003,3.953458
1.712386,3.884240,3.932003,3.953458
1.710742,3.883416,3.932003,3.952627
1.709920,3.884240,3.932831,3.951796
1.711564,3.884240,3.932003,3.952627
1.709098,3.883416,3.931174,3.953458
1.709920,3.884240,3.932003,3.952627
1.709098,3.882592,3.930346,3.951796
1.718963,3.858692,3.906331,3.923539
1.719786,3.855395,3.903847,3.922708
1.720608,3.857043,3.904675,3.921877
1.719786,3.853747,3.904675,3.920215
1.718141,3.856219,3.904675,3.922708
1.718963,3.853747,3.903847,3.921046
1.718963,3.854571,3.903847,3.921877
1.720608,3.856219,3.903847,3.921046
1.719786,3.855395,3.903019,3.921877
1.716497,3.869406,3.920409,3.937668
1.711564,3.880944,3.929518,3.951796
1.707454,3.880944,3.929518,3.951796
1.712386,3.883416,3.932003,3.953458
1.709920,3.882592,3.929518,3.950965
1.711564,3.882592,3.928690,3.950965
1.710742,3.880944,3.930346,3.950965
1.711564,3.881768,3.931174,3.950965
1.710742,3.882592,3.931174,3.951796
1.710742,3.881768,3.930346,3.952627
1.710742,3.882592,3.930346,3.951796
1.713208,3.881768,3.929518,3.950965
1.709920,3.881768,3.928690,3.950965
1.706631,3.880120,3.929518,3.951796
1.708276,3.882592,3.930346,3.951796
1.706631,3.880944,3.928690,3.952627
1.706631,3.881768,3.931174,3.952627
1.709098,3.880944,3.928690,3.952627
1.707454,3.879295,3.929518,3.951796
1.709098,3.879295,3.929518,3.952627
1.710742,3.881768,3.928690,3.950965
1.710742,3.881768,3.929518,3.951796
1.710742,3.880944,3.928690,3.953458
1.709920,3.880120,3.927862,3.951796
1.713208,3.881768,3.929518,3.952627
1.711564,3.880944,3.928690,3.949303
1.709920,3.880944,3.928690,3.950965
1.709920,3.880120,3.929518,3.950965
1.707454,3.885889,3.934487,3.956782
1.702521,3.907317,3.956018,3.980883
1.700054,3.907317,3.955190,3.980883
1.699232,3.906493,3.954362,3.979221
1.697588,3.906493,3.954362,3.980883
1.700054,3.907317,3.955190,3.982545
1.700054,3.906493,3.954362,3.980052
1.701699,3.905668,3.954362,3.980883
1.701699,3.906493,3.954362,3.980052
1.700876,3.906493,3.953533,3.980883
1.700054,3.906493,3.953533,3.979221
1.693477,3.927921,3.976721,4.006647
1.691833,3.932041,3.978377,4.009971
1.692655,3.932041,3.978377,4.009140
1.691833,3.931217,3.976721,4.010802
1.694299,3.932041,3.977549,4.010802
1.693477,3.932865,3.979205,4.009971
1.695944,3.930393,3.979205,4.009140
1.695122,3.932041,3.978377,4.009971
1.693477,3.932041,3.979205,4.009971
1.694299,3.932041,3.979205,4.009971
1.691833,3.933690,3.978377,4.009971
1.692655,3.931217,3.978377,4.010802
1.692655,3.932041,3.980033,4.009971
1.693477,3.932041,3.979205,4.009971
1.690189,3.930393,3.978377,4.010802
1.685256,3.953469,4.000736,4.035734
1.681145,3.953469,4.002392,4.036565
1.681967,3.956766,4.003220,4.038227
1.681967,3.955942,4.003220,4.036565
1.681967,3.955942,4.002392,4.036565
1.682789,3.966656,4.013985,4.050693
1.677035,3.977370,4.023923,4.062328
1.676212,3.976546,4.023095,4.061497
1.676212,3.975722,4.023923,4.062328
1.677857,3.976546,4.023095,4.062328
1.675390,3.992205,4.040485,4.082274
1.669635,3.993029,4.042141,4.083105
1.670457,3.993853,4.042141,4.082274
1.670457,3.993853,4.042969,4.083105
1.671280,3.993853,4.042141,4.083105
1.671280,3.994677,4.042141,4.083936
1.671280,4.000446,4.050422,4.089754
1.667169,4.011160,4.058703,4.101389
1.667991,4.010336,4.057875,4.099727
1.667169,4.008688,4.057875,4.101389
1.665525,4.011984,4.058703,4.101389
1.661414,4.010336,4.057875,4.101389
1.663058,4.010336,4.058703,4.100558
1.664703,4.011160,4.059532,4.102220
1.663880,4.021050,4.068641,4.112193
1.662236,4.025995,4.071953,4.117179
1.662236,4.025171,4.071953,4.116348
1.661414,4.026819,4.073609,4.118010
1.659770,4.025995,4.071953,4.117179
1.659770,4.025171,4.072781,4.116348
1.661414,4.024347,4.075266,4.117179
1.661414,4.025171,4.073609,4.117179
1.660592,4.025171,4.073609,4.117179
1.661414,4.024347,4.071953,4.115517
1.660592,4.025995,4.072781,4.117179
1.659770,4.034237,4.083547,4.127152
1.657303,4.040006,4.088515,4.132139
1.654015,4.051544,4.100937,4.145436
1.653193,4.051544,4.098453,4.143774
1.652370,4.051544,4.098453,4.142942
1.651548,4.050720,4.097625,4.142942
1.653193,4.053192,4.100109,4.145436
1.649904,4.062258,4.112531,4.157902
1.650726,4.063906,4.110874,4.155409
1.649904,4.063906,4.110046,4.156240
1.648260,4.063082,4.110046,4.156240
1.649082,4.063082,4.109218,4.156240
1.646616,4.074620,4.119984,4.167044
1.644149,4.076268,4.120812,4.169537
1.647438,4.073796,4.119155,4.167875
1.646616,4.076268,4.121640,4.168706
1.644971,4.076268,4.120812,4.168706
1.645793,4.075444,4.121640,4.168706
1.640861,4.081213,4.129093,4.177016
1.643327,4.086982,4.134061,4.181172
1.645793,4.086982,4.133233,4.182003
1.642505,4.086158,4.131577,4.181172
1.644971,4.087807,4.133233,4.182003
1.642505,4.085334,4.131577,4.181172
1.644149,4.088631,4.132405,4.181172
1.638394,4.096872,4.142343,4.194469
1.638394,4.096872,4.142343,4.193638
1.638394,4.098521,4.142343,4.193638
1.639216,4.096048,4.141514,4.193638
1.639216,4.096048,4.140686,4.193638
1.640861,4.098521,4.143171,4.193638
1.637572,4.096048,4.141514,4.191145
1.637572,4.099345,4.143999,4.194469
1.636750,4.108410,4.153108,4.206935
1.634284,4.108410,4.153108,4.206935
1.635106,4.107586,4.152280,4.206104
1.635928,4.113355,4.158905,4.211922
1.632639,4.119949,4.166358,4.218570
1.631817,4.119124,4.164702,4.217739
1.630995,4.117476,4.163045,4.217739
1.632639,4.119949,4.164702,4.218570
1.632639,4.117476,4.164702,4.218570
1.630995,4.120773,4.166358,4.220232
1.627706,4.130663,4.175467,4.231036
1.628529,4.129014,4.174639,4.231036
1.628529,4.129014,4.175467,4.229374
1.629351,4.126542,4.174639,4.230205
1.629351,4.129014,4.175467,4.231036
1.626884,4.127366,4.173811,4.230205
1.628529,4.132311,4.177951,4.234360
1.626062,4.138904,4.185404,4.241009
1.625240,4.138904,4.183748,4.241840
1.626062,4.138904,4.183748,4.242671
1.625240,4.139728,4.183748,4.241840
1.624418,4.138080,4.183748,4.242671
1.627706,4.138904,4.185404,4.241009
1.625240,4.139728,4.184576,4.241840
1.622774,4.137256,4.184576,4.241009
1.626062,4.138904,4.185404,4.242671
1.625240,4.138080,4.186232,4.242671
1.626884,4.138904,4.183748,4.241009
1.626884,4.139728,4.185404,4.241840
1.626062,4.138904,4.183748,4.242671
1.625240,4.139728,4.184576,4.242671
1.629351,4.129838,4.175467,4.231867
1.628529,4.129014,4.173811,4.229374
1.632639,4.130663,4.175467,4.231867
1.626884,4.137256,4.185404,4.241009
1.627706,4.138904,4.185404,4.241840
1.624418,4.138080,4.183748,4.241840
1.624418,4.139728,4.183748,4.241009
1.625240,4.138904,4.184576,4.241840
1.624418,4.138904,4.184576,4.242671
1.626884,4.137256,4.183748,4.242671
1.628529,4.138904,4.185404,4.242671
1.626884,4.138904,4.185404,4.241009
1.626884,4.138904,4.184576,4.242671
1.628529,4.138904,4.184576,4.241840
1.626884,4.138904,4.184576,4.242671
1.627706,4.138080,4.185404,4.244333
1.626062,4.138080,4.185404,4.243502
1.626062,4.138080,4.186232,4.242671
1.627706,4.140553,4.185404,4.243502
1.626884,4.139728,4.184576,4.243502
1.626884,4.139728,4.186232,4.242671
1.625240,4.137256,4.183748,4.242671
1.625240,4.138904,4.185404,4.241840
1.624418,4.138080,4.183748,4.242671
1.625240,4.139728,4.185404,4.243502
1.624418,4.140553,4.186232,4.243502
1.626062,4.138904,4.184576,4.244333
1.627706,4.138080,4.185404,4.243502
1.626062,4.138904,4.185404,4.243502
1.626884,4.139728,4.187060,4.243502
1.624418,4.138080,4.184576,4.243502
1.628529,4.132311,4.177951,4.234360
1.628529,4.129014,4.175467,4.231867
1.630995,4.130663,4.175467,4.231867
1.630995,4.129838,4.175467,4.231867
1.630173,4.125718,4.170498,4.227712
1.632639,4.119124,4.164702,4.219401
1.633461,4.119124,4.163873,4.220232
1.632639,4.118300,4.164702,4.220232
1.632639,4.118300,4.164702,4.219401
1.634284,4.119949,4.167186,4.220232
1.634284,4.118300,4.163873,4.220232
1.634284,4.119124,4.165530,4.219401
1.634284,4.118300,4.165530,4.220232
1.633461,4.117476,4.166358,4.220232
1.633461,4.119124,4.165530,4.220232
1.635106,4.119124,4.165530,4.221063
1.633461,4.119124,4.165530,4.222725
1.635928,4.119949,4.164702,4.219401
1.635106,4.118300,4.165530,4.221063
1.634284,4.120773,4.165530,4.220232
1.632639,4.119124,4.164702,4.220232
1.635106,4.119124,4.166358,4.221063
1.633461,4.119949,4.164702,4.219401
1.631817,4.119124,4.165530,4.219401
1.632639,4.119124,4.164702,4.220232
1.631817,4.119124,4.167186,4.220232
1.630995,4.118300,4.165530,4.219401
1.633461,4.119124,4.165530,4.221063
1.630995,4.119124,4.165530,4.220232
1.630995,4.119124,4.165530,4.219401
1.627706,4.119949,4.164702,4.220232
1.630173,4.113355,4.159733,4.214415
1.636750,4.097696,4.143171,4.196131
1.636750,4.098521,4.143171,4.195300
1.637572,4.098521,4.143171,4.195300
1.638394,4.098521,4.142343,4.195300
1.638394,4.096048,4.143999,4.196131
1.640038,4.097696,4.143999,4.195300
1.643327,4.086982,4.133233,4.180341
1.644971,4.087807,4.134061,4.182003
1.644971,4.086982,4.132405,4.182003
1.642505,4.087807,4.134061,4.182003
1.643327,4.086982,4.134061,4.182003
1.642505,4.086982,4.132405,4.182003
1.644971,4.077917,4.124952,4.173692
1.647438,4.075444,4.123296,4.171199
1.647438,4.075444,4.123296,4.171199
1.645793,4.076268,4.124952,4.172030
1.646616,4.075444,4.124124,4.171199
1.645793,4.077093,4.123296,4.172030
1.645793,4.073796,4.120812,4.168706
1.649904,4.065554,4.111702,4.158733
1.652370,4.065554,4.112531,4.159564
1.651548,4.064730,4.112531,4.157902
1.650726,4.066379,4.114187,4.159564
1.651548,4.063906,4.112531,4.157902
1.652370,4.065554,4.112531,4.158733
1.649904,4.064730,4.112531,4.159564
1.651548,4.059785,4.107562,4.152915
1.654015,4.052368,4.100937,4.144605
1.654015,4.052368,4.100937,4.144605
1.655659,4.051544,4.100937,4.145436
1.657303,4.049071,4.096796,4.142942
1.659770,4.040006,4.087687,4.133801
1.660592,4.040830,4.090172,4.132970
1.663880,4.033412,4.081891,4.125490
1.667169,4.029292,4.075266,4.119672
1.667991,4.029292,4.076094,4.121335
1.663058,4.026819,4.076922,4.118841
1.663880,4.025995,4.071953,4.117179
1.666347,4.016105,4.062844,4.105544
1.667169,4.016929,4.062016,4.106375
1.668813,4.014457,4.063672,4.107206
1.668813,4.015281,4.063672,4.105544
1.667991,4.013633,4.060360,4.103882
1.670457,4.001270,4.047110,4.088092
1.671280,4.000446,4.047110,4.089754
1.672102,4.001270,4.048766,4.089754
1.672102,4.000446,4.047938,4.088092
1.670457,4.000446,4.047938,4.088923
1.678679,3.983963,4.031376,4.069808
1.677857,3.983139,4.031376,4.068977
1.680323,3.981491,4.030548,4.068146
1.678679,3.982315,4.029720,4.068977
1.677857,3.983139,4.029720,4.068146
1.680323,3.976546,4.025579,4.063991
1.685256,3.960063,4.007361,4.043214
1.686078,3.960063,4.008189,4.044045
1.686900,3.961711,4.009017,4.044876
1.686078,3.960887,4.007361,4.044045
1.687722,3.960887,4.008189,4.044045
1.686900,3.958414,4.008189,4.043214
1.683612,3.960063,4.007361,4.042383
1.686900,3.941931,3.988314,4.021606
1.692655,3.936986,3.985002,4.016619
1.692655,3.937810,3.983345,4.015788
1.692655,3.935338,3.982517,4.015788
1.696766,3.918031,3.964299,3.995843
1.701699,3.910613,3.957674,3.986701
1.702521,3.909789,3.957674,3.985870
1.699232,3.909789,3.957674,3.985039
1.700876,3.910613,3.958502,3.985870
1.701699,3.908141,3.956846,3.983377
1.700876,3.908965,3.956846,3.983377
1.700876,3.897427,3.944424,3.969248
1.709098,3.883416,3.932003,3.953458
1.713208,3.883416,3.932003,3.954289
1.713208,3.883416,3.932003,3.955120
1.709920,3.881768,3.931174,3.954289
1.712386,3.882592,3.932003,3.953458
1.711564,3.883416,3.931174,3.953458
1.709098,3.881768,3.931174,3.953458
1.709098,3.882592,3.931174,3.953458
1.710742,3.882592,3.932003,3.953458
1.709098,3.881768,3.932003,3.954289
1.710742,3.875999,3.924550,3.945978
1.718963,3.856219,3.903019,3.921877
1.722252,3.855395,3.905503,3.922708
1.720608,3.856219,3.905503,3.921046
1.719786,3.854571,3.904675,3.921877
1.719786,3.855395,3.903847,3.921046
1.722252,3.856219,3.905503,3.922708
1.721430,3.855395,3.903019,3.921046
1.719786,3.855395,3.904675,3.921877
1.718141,3.856219,3.904675,3.921877
1.718963,3.854571,3.905503,3.921877
1.721430,3.853747,3.903019,3.920215
1.721430,3.854571,3.903847,3.921046
1.716497,3.874350,3.925378,3.945147
1.711564,3.881768,3.930346,3.951796
1.710742,3.880120,3.929518,3.950965
1.710742,3.882592,3.930346,3.951796
1.710742,3.882592,3.930346,3.951796
1.709098,3.880944,3.929518,3.951796
1.710742,3.881768,3.930346,3.950965
1.710742,3.880120,3.931174,3.950965
1.711564,3.881768,3.930346,3.951796
1.712386,3.880944,3.932003,3.951796
1.711564,3.880120,3.928690,3.950965
1.711564,3.880120,3.928690,3.950965
1.710742,3.880120,3.930346,3.951796
1.709098,3.880944,3.928690,3.950965
1.706631,3.880944,3.929518,3.950965
1.707454,3.881768,3.931174,3.950965
1.709098,3.881768,3.930346,3.950965
1.710742,3.881768,3.930346,3.949303
1.708276,3.880120,3.928690,3.949303
1.709098,3.880120,3.929518,3.951796
1.708276,3.881768,3.930346,3.950965
1.709098,3.880944,3.930346,3.950134
1.710742,3.880120,3.927862,3.950965
1.709098,3.880944,3.928690,3.950965
1.709920,3.880120,3.929518,3.950965
1.710742,3.879295,3.928690,3.949303
1.708276,3.880120,3.927862,3.950134
1.709920,3.880944,3.930346,3.950965
1.705809,3.894954,3.943596,3.969248
1.701699,3.904844,3.954362,3.981714
1.700876,3.906493,3.955190,3.980883
1.699232,3.906493,3.954362,3.981714
1.701699,3.906493,3.953533,3.980883
1.702521,3.905668,3.953533,3.980052
1.700054,3.909789,3.956018,3.984208
1.695122,3.932041,3.979205,4.009971
1.691833,3.932865,3.977549,4.009140
1.693477,3.932865,3.978377,4.009140
1.694299,3.931217,3.977549,4.009140
1.693477,3.932865,3.978377,4.009971
1.693477,3.931217,3.977549,4.009140
1.692655,3.931217,3.976721,4.009971
1.692655,3.932041,3.978377,4.010802
1.690189,3.931217,3.977549,4.010802
1.692655,3.932041,3.978377,4.009971
1.691833,3.936162,3.983345,4.015788
1.686900,3.955118,4.003220,4.038227
1.686900,3.954294,4.001564,4.036565
1.689367,3.955118,4.002392,4.038227
1.685256,3.955942,4.002392,4.037396
1.686078,3.954294,4.002392,4.036565
1.685256,3.955942,4.002392,4.037396
1.683612,3.955942,4.002392,4.037396
1.683612,3.955118,4.002392,4.037396
1.684434,3.955942,4.002392,4.036565
1.683612,3.955118,4.002392,4.036565
1.684434,3.955118,4.002392,4.037396
1.685256,3.954294,4.003220,4.037396
1.683612,3.955942,4.002392,4.036565
1.683612,3.963359,4.012329,4.046538
1.677035,3.975722,4.026407,4.061497
1.675390,3.987260,4.036344,4.073963
1.670457,3.994677,4.042969,4.082274
1.671280,3.994677,4.043797,4.082274
1.672924,3.993853,4.042969,4.083105
1.670457,3.993853,4.043797,4.081443
1.672102,3.993853,4.042141,4.083105
1.668813,4.006215,4.054563,4.095571
1.665525,4.009512,4.059532,4.100558
1.663880,4.009512,4.058703,4.099727
1.667169,4.010336,4.058703,4.100558
1.667169,4.011160,4.058703,4.099727
1.667169,4.011160,4.058703,4.100558
1.664703,4.010336,4.057047,4.101389
1.660592,4.024347,4.071953,4.114686
1.658125,4.025995,4.071953,4.116348
1.658948,4.025171,4.072781,4.118010
1.659770,4.025171,4.072781,4.116348
1.662236,4.025171,4.072781,4.118010
1.663058,4.026819,4.071953,4.118010
1.663880,4.024347,4.071953,4.116348
1.663058,4.024347,4.072781,4.115517
1.662236,4.027643,4.075266,4.118841
1.657303,4.039181,4.087687,4.132139
1.656481,4.037533,4.086859,4.129645
1.659770,4.039181,4.086859,4.131307
1.657303,4.040006,4.085203,4.130476
1.656481,4.038357,4.086031,4.131307
1.656481,4.038357,4.086031,4.130476
1.657303,4.039181,4.086031,4.130476
1.656481,4.040006,4.089344,4.132970
1.650726,4.051544,4.100937,4.145436
1.649904,4.053192,4.098453,4.144605
1.649904,4.062258,4.110046,4.155409
1.648260,4.063906,4.110046,4.157071
1.649904,4.063906,4.110874,4.156240
1.649082,4.063082,4.111702,4.157071
1.650726,4.063906,4.110046,4.156240
1.649082,4.068851,4.116671,4.162888
1.646616,4.074620,4.121640,4.170368
1.644971,4.074620,4.121640,4.168706
1.643327,4.074620,4.122468,4.168706
1.646616,4.075444,4.120812,4.168706
1.645793,4.075444,4.122468,4.167875
1.643327,4.085334,4.132405,4.181172
1.642505,4.086982,4.134061,4.182003
1.642505,4.085334,4.132405,4.182003
1.642505,4.085334,4.130749,4.179510
1.642505,4.085334,4.130749,4.180341
1.641683,4.085334,4.131577,4.180341
1.640038,4.094400,4.139030,4.190314
1.637572,4.096048,4.143171,4.193638
1.637572,4.097696,4.141514,4.191976
1.638394,4.096048,4.142343,4.191976
1.638394,4.095224,4.141514,4.192807
1.639216,4.096048,4.140686,4.192807
1.638394,4.096048,4.141514,4.192807
1.636750,4.104290,4.151452,4.203611
1.635928,4.107586,4.151452,4.204442
1.635928,4.105938,4.153108,4.206935
1.635106,4.105938,4.152280,4.205273
1.633461,4.105938,4.153108,4.206104
1.632639,4.112531,4.158905,4.211922
1.630995,4.118300,4.164702,4.217739
1.630173,4.119124,4.162217,4.217739
1.630173,4.118300,4.163045,4.217739
1.630173,4.119124,4.162217,4.218570
1.632639,4.117476,4.163045,4.219401
1.631817,4.120773,4.164702,4.221063
1.626884,4.128190,4.175467,4.231036
1.629351,4.129014,4.172983,4.230205
1.626062,4.128190,4.175467,4.229374
1.626062,4.126542,4.172983,4.230205
1.627706,4.128190,4.175467,4.230205
1.626062,4.126542,4.173811,4.229374
1.626062,4.132311,4.179607,4.236023
1.623596,4.136432,4.184576,4.242671
1.623596,4.138080,4.185404,4.241840
1.621952,4.137256,4.183748,4.241009
1.625240,4.137256,4.185404,4.242671
1.626884,4.138904,4.184576,4.241009
1.626062,4.138080,4.184576,4.240178
1.624418,4.138904,4.186232,4.242671
1.625240,4.138080,4.183748,4.243502
1.625240,4.138904,4.184576,4.241009
1.626062,4.137256,4.185404,4.242671
1.626062,4.137256,4.184576,4.242671
1.626062,4.137256,4.182920,4.241009
1.626884,4.138080,4.185404,4.242671
1.627706,4.138080,4.184576,4.241840
1.626884,4.138904,4.183748,4.241840
1.629351,4.137256,4.185404,4.242671
1.626062,4.138080,4.183748,4.243502
1.627706,4.130663,4.174639,4.233529
1.630995,4.129014,4.176295,4.232698
1.630995,4.129014,4.174639,4.231867
1.630173,4.128190,4.174639,4.230205
1.627706,4.133959,4.179607,4.236854
1.626884,4.138080,4.184576,4.242671
1.624418,4.137256,4.186232,4.241840
1.625240,4.138080,4.182920,4.243502
1.626884,4.138904,4.184576,4.243502
1.625240,4.138904,4.184576,4.244333
1.626062,4.138904,4.184576,4.243502
1.625240,4.138904,4.183748,4.241840
1.625240,4.138904,4.184576,4.241840
1.625240,4.139728,4.184576,4.242671
1.625240,4.137256,4.183748,4.242671
1.623596,4.138904,4.183748,4.241840
1.622774,4.139728,4.185404,4.242671
1.624418,4.139728,4.185404,4.243502
1.624418,4.138080,4.184576,4.244333
1.624418,4.138080,4.185404,4.243502
1.625240,4.138080,4.184576,4.243502
1.623596,4.138904,4.184576,4.241840
1.626062,4.139728,4.185404,4.243502
1.626884,4.138904,4.185404,4.243502
1.627706,4.138904,4.185404,4.243502
1.628529,4.138904,4.186232,4.243502
1.626062,4.138904,4.184576,4.242671
1.623596,4.139728,4.184576,4.243502
1.625240,4.139728,4.184576,4.244333
1.626062,4.138904,4.185404,4.241009
1.626884,4.138904,4.186232,4.243502
1.625240,4.132311,4.177951,4.236854
1.629351,4.129014,4.175467,4.232698
1.629351,4.129014,4.174639,4.232698
1.628529,4.119949,4.164702,4.220232
1.630995,4.119949,4.164702,4.219401
1.633461,4.119124,4.164702,4.218570
1.634284,4.119124,4.163873,4.218570
1.635106,4.118300,4.164702,4.218570
1.633461,4.119124,4.164702,4.220232
1.632639,4.119949,4.166358,4.220232
1.633461,4.117476,4.163873,4.220232
1.633461,4.118300,4.163873,4.219401
1.634284,4.117476,4.165530,4.221063
1.633461,4.119124,4.164702,4.220232
1.631817,4.118300,4.164702,4.221063
1.630995,4.119949,4.165530,4.220232
1.632639,4.118300,4.164702,4.221894
1.632639,4.119124,4.163045,4.220232
1.633461,4.119124,4.164702,4.220232
1.631817,4.118300,4.164702,4.219401
1.631817,4.121597,4.164702,4.219401
1.631817,4.119124,4.164702,4.220232
1.634284,4.114180,4.158077,4.212753
1.637572,4.109235,4.153936,4.207766
1.638394,4.108410,4.153936,4.207766
1.639216,4.109235,4.153936,4.206935
1.638394,4.110059,4.154764,4.206935
1.640861,4.109235,4.154764,4.206935
1.635928,4.110059,4.155592,4.206104
1.636750,4.109235,4.153936,4.207766
1.635928,4.109235,4.154764,4.207766
1.638394,4.105114,4.149796,4.202780
1.640861,4.096872,4.143171,4.193638
1.640038,4.099345,4.143999,4.195300
1.640038,4.098521,4.143171,4.195300
1.644149,4.091103,4.136546,4.183665
1.643327,4.087807,4.132405,4.182834
1.640861,4.090279,4.133233,4.182834
1.641683,4.086982,4.133233,4.182834
1.644971,4.089455,4.133233,4.182834
1.644971,4.087807,4.130749,4.183665
1.647438,4.077093,4.120812,4.169537
1.646616,4.077093,4.123296,4.171199
1.646616,4.077917,4.122468,4.169537
1.646616,4.077093,4.122468,4.170368
1.647438,4.077917,4.123296,4.171199
1.647438,4.077093,4.123296,4.170368
1.647438,4.067203,4.110874,4.158733
1.651548,4.065554,4.112531,4.157902
1.650726,4.063906,4.110874,4.157071
1.650726,4.066379,4.112531,4.157902
1.650726,4.066379,4.112531,4.156240
1.652370,4.065554,4.111702,4.157071
1.650726,4.061434,4.108390,4.153746
1.654837,4.053192,4.098453,4.143774
1.655659,4.054016,4.098453,4.145436
1.656481,4.054016,4.100937,4.145436
1.655659,4.054016,4.100937,4.145436
1.655659,4.054840,4.101765,4.145436
1.653193,4.054840,4.102593,4.146267
1.654015,4.054840,4.100937,4.144605
1.654015,4.049071,4.093484,4.137956
1.658125,4.040006,4.087687,4.132139
1.661414,4.030116,4.076094,4.121335
1.661414,4.028467,4.076094,4.119672
1.662236,4.027643,4.075266,4.118841
1.663880,4.028467,4.076094,4.118841
1.665525,4.017753,4.062844,4.106375
1.666347,4.015281,4.062016,4.105544
1.667169,4.016105,4.062016,4.105544
1.666347,4.016929,4.063672,4.105544
1.666347,4.013633,4.059532,4.102220
1.673746,4.002094,4.045454,4.088923
1.669635,4.002094,4.048766,4.088092
1.670457,4.002919,4.047110,4.090585
1.672102,4.002094,4.047110,4.088923
1.674568,3.998798,4.043797,4.083936
1.677035,3.984787,4.028891,4.067315
1.677857,3.984787,4.029720,4.068977
1.677035,3.983139,4.030548,4.068146
1.676212,3.983963,4.029720,4.068146
1.675390,3.983139,4.029720,4.068146
1.679501,3.970777,4.017298,4.054849
1.682789,3.961711,4.009017,4.044876
1.682789,3.960887,4.009017,4.043214
1.683612,3.962535,4.009845,4.043214
1.685256,3.961711,4.008189,4.043214
1.682789,3.960063,4.007361,4.042383
1.686078,3.953469,4.000736,4.035734
1.691833,3.936162,3.984174,4.015788
1.693477,3.936162,3.984174,4.015788
1.693477,3.936986,3.984174,4.015788
1.694299,3.936162,3.984174,4.014957
1.691833,3.936162,3.984174,4.013295
1.692655,3.927921,3.973408,4.004153
1.702521,3.909789,3.957674,3.985039
1.701699,3.910613,3.957674,3.985039
1.700876,3.908965,3.960158,3.984208
1.701699,3.908965,3.958502,3.984208
1.702521,3.909789,3.957674,3.984208
1.702521,3.909789,3.956846,3.985039
1.701699,3.909789,3.957674,3.985039
1.708276,3.888361,3.935315,3.957613
1.713208,3.885064,3.931174,3.953458
1.710742,3.884240,3.930346,3.953458
1.711564,3.884240,3.932003,3.953458
1.711564,3.882592,3.929518,3.953458
1.710742,3.883416,3.931174,3.953458
1.711564,3.882592,3.931174,3.953458
1.711564,3.883416,3.931174,3.954289
1.714031,3.882592,3.932003,3.954289
1.711564,3.882592,3.931174,3.953458
1.709920,3.883416,3.930346,3.951796
1.711564,3.874350,3.922065,3.941823
1.718141,3.855395,3.903847,3.921046
1.718141,3.854571,3.903847,3.921046
1.719786,3.854571,3.905503,3.921046
1.718141,3.855395,3.904675,3.921046
1.715675,3.855395,3.905503,3.922708
1.716497,3.854571,3.905503,3.921877
1.718141,3.855395,3.904675,3.920215
1.720608,3.854571,3.904675,3.920215
1.718963,3.853747,3.904675,3.918553
1.720608,3.855395,3.905503,3.921046
1.720608,3.854571,3.903847,3.921046
1.721430,3.854571,3.903019,3.920215
1.720608,3.856219,3.904675,3.921046
1.712386,3.879295,3.929518,3.947640
1.709920,3.881768,3.930346,3.950965
1.708276,3.881768,3.930346,3.950134
1.710742,3.880944,3.928690,3.950134
1.709920,3.881768,3.931174,3.952627
1.709920,3.881768,3.929518,3.950134
1.707454,3.882592,3.930346,3.951796
1.708276,3.881768,3.929518,3.950134
1.708276,3.880944,3.929518,3.950134
1.708276,3.882592,3.930346,3.950965
1.709098,3.880944,3.928690,3.951796
1.709920,3.881768,3.931174,3.951796
1.710742,3.881768,3.931174,3.950134
1.710742,3.880944,3.928690,3.950134
1.710742,3.881768,3.930346,3.952627
1.710742,3.880944,3.928690,3.950965
1.709920,3.881768,3.928690,3.950965
1.710742,3.880120,3.928690,3.950134
1.713208,3.881768,3.929518,3.950134
1.711564,3.880120,3.930346,3.950134
1.711564,3.879295,3.929518,3.950134
1.711564,3.880944,3.929518,3.950134
1.711564,3.880120,3.927862,3.949303
1.712386,3.879295,3.927034,3.950134
1.710742,3.881768,3.928690,3.951796
1.709920,3.880944,3.929518,3.951796
1.711564,3.881768,3.928690,3.950134
1.711564,3.881768,3.928690,3.950965
1.712386,3.880944,3.928690,3.950134
1.710742,3.892482,3.942768,3.965924
1.703343,3.905668,3.954362,3.981714
1.701699,3.905668,3.953533,3.980883
1.701699,3.911437,3.958502,3.984208
1.693477,3.932041,3.980861,4.011633
1.691833,3.931217,3.977549,4.010802
1.692655,3.931217,3.979205,4.009140
1.691833,3.932041,3.979205,4.009971
1.692655,3.931217,3.979205,4.010802
1.691833,3.931217,3.978377,4.010802
1.694299,3.931217,3.979205,4.009140
1.692655,3.931217,3.979205,4.009140
1.689367,3.947700,3.996595,4.029917
1.686078,3.955118,4.003220,4.037396
1.686078,3.953469,4.001564,4.035734
1.682789,3.953469,4.002392,4.038227
1.682789,3.954294,4.000736,4.037396
1.686078,3.955118,4.002392,4.037396
1.686078,3.954294,4.001564,4.036565
1.681967,3.954294,4.001564,4.037396
1.683612,3.955118,4.002392,4.036565
1.686078,3.955942,4.002392,4.037396
1.686078,3.955118,4.003220,4.036565
1.682789,3.955942,4.002392,4.038227
1.681145,3.955942,4.003220,4.036565
1.682789,3.955942,4.004048,4.039058
1.677857,3.974897,4.023095,4.059835
1.677857,3.975722,4.023095,4.062328
1.677035,3.976546,4.023923,4.062328
1.676212,3.976546,4.021438,4.060666
1.673746,3.976546,4.021438,4.061497
1.675390,3.983139,4.030548,4.069808
1.670457,3.994677,4.042969,4.083105
1.668813,3.994677,4.041313,4.082274
1.669635,3.994677,4.042141,4.083105
1.669635,3.995501,4.042141,4.082274
1.666347,4.007039,4.055391,4.096402
1.661414,4.010336,4.058703,4.100558
1.663058,4.011160,4.058703,4.100558
1.663880,4.009512,4.057875,4.100558
1.663058,4.010336,4.056219,4.100558
1.666347,4.011160,4.057047,4.099727
1.663058,4.019402,4.066985,4.108869
1.659770,4.026819,4.074438,4.118010
1.658948,4.025995,4.071953,4.116348
1.660592,4.025171,4.072781,4.116348
1.662236,4.024347,4.071953,4.114686
1.660592,4.025995,4.073609,4.115517
1.660592,4.025171,4.071953,4.115517
1.661414,4.025995,4.073609,4.117179
1.657303,4.039181,4.084375,4.129645
1.656481,4.039181,4.087687,4.130476
1.656481,4.040830,4.086859,4.130476
1.654015,4.040006,4.086031,4.128814
1.654837,4.039181,4.085203,4.130476
1.657303,4.038357,4.084375,4.129645
1.657303,4.037533,4.085203,4.130476
1.661414,4.040006,4.086031,4.131307
1.660592,4.039181,4.086031,4.130476
1.657303,4.043302,4.090172,4.134632
1.654015,4.053192,4.100109,4.145436
1.654015,4.052368,4.097625,4.144605
1.654837,4.054840,4.100937,4.145436
1.650726,4.065554,4.112531,4.157071
1.653193,4.064730,4.110874,4.157071
1.649082,4.063906,4.110874,4.157071
1.647438,4.064730,4.110046,4.156240
1.648260,4.068027,4.113359,4.157902
1.644149,4.075444,4.122468,4.171199
1.644971,4.073796,4.121640,4.169537
1.646616,4.076268,4.122468,4.167875
1.647438,4.074620,4.121640,4.167875
1.646616,4.075444,4.122468,4.169537
1.644149,4.085334,4.132405,4.182003
1.642505,4.086158,4.131577,4.182003
1.640861,4.086158,4.131577,4.182003
1.641683,4.085334,4.130749,4.182003
1.640038,4.086982,4.131577,4.182003
1.641683,4.086158,4.130749,4.182003
1.640861,4.096048,4.143171,4.196131
1.637572,4.096872,4.141514,4.192807
1.639216,4.098521,4.143999,4.195300
1.640038,4.096872,4.142343,4.195300
1.639216,4.095224,4.141514,4.191976
1.639216,4.096048,4.142343,4.192807
1.639216,4.101817,4.147311,4.200286
1.636750,4.107586,4.153936,4.205273
1.635928,4.107586,4.153108,4.205273
1.634284,4.106762,4.153936,4.206104
1.635928,4.108410,4.152280,4.205273
1.635928,4.106762,4.152280,4.204442
1.635106,4.107586,4.151452,4.204442
1.636750,4.107586,4.152280,4.206935
1.633461,4.116652,4.161389,4.217739
1.634284,4.117476,4.163045,4.218570
1.632639,4.117476,4.164702,4.218570
1.630995,4.117476,4.163873,4.218570
1.630995,4.117476,4.162217,4.218570
1.630173,4.127366,4.173811,4.231036
1.628529,4.128190,4.174639,4.233529
1.627706,4.128190,4.172155,4.231036
1.623596,4.127366,4.174639,4.229374
1.625240,4.129014,4.174639,4.230205
1.626884,4.128190,4.173811,4.231036
1.627706,4.129014,4.175467,4.231036
1.625240,4.137256,4.184576,4.242671
1.625240,4.136432,4.183748,4.241840
1.624418,4.137256,4.182920,4.242671
1.623596,4.137256,4.184576,4.241840
1.623596,4.137256,4.184576,4.241840
1.628529,4.137256,4.183748,4.242671
1.625240,4.137256,4.184576,4.241840
1.624418,4.137256,4.183748,4.242671
1.626062,4.136432,4.183748,4.242671
1.625240,4.135608,4.184576,4.241840
1.624418,4.137256,4.184576,4.244333
1.625240,4.138080,4.184576,4.242671
1.626884,4.138080,4.184576,4.244333
1.626884,4.138904,4.184576,4.243502
1.625240,4.138080,4.183748,4.242671
1.626884,4.138080,4.185404,4.244333
1.626884,4.138080,4.182920,4.243502
1.622774,4.137256,4.185404,4.242671
1.624418,4.138904,4.185404,4.242671
1.626884,4.138904,4.184576,4.244333
1.626884,4.131487,4.177951,4.234360
1.629351,4.128190,4.172983,4.230205
1.630173,4.128190,4.174639,4.232698
1.627706,4.128190,4.175467,4.232698
1.628529,4.129014,4.173811,4.231867
1.630173,4.128190,4.175467,4.232698
1.629351,4.132311,4.176295,4.235192
1.625240,4.138904,4.185404,4.243502
1.626884,4.138080,4.184576,4.244333
1.625240,4.138080,4.183748,4.245995
1.625240,4.137256,4.183748,4.243502
1.625240,4.136432,4.183748,4.243502
1.625240,4.136432,4.184576,4.244333
1.625240,4.138080,4.184576,4.244333
1.626062,4.138904,4.185404,4.242671
1.626884,4.138904,4.183748,4.243502
1.626062,4.137256,4.183748,4.242671
1.626062,4.139728,4.183748,4.242671
1.626062,4.137256,4.184576,4.241009
1.628529,4.139728,4.186232,4.244333
1.625240,4.137256,4.184576,4.242671
1.626062,4.138080,4.185404,4.242671
1.626884,4.138080,4.185404,4.244333
1.626884,4.137256,4.185404,4.244333
1.626884,4.137256,4.186232,4.244333
1.626062,4.137256,4.183748,4.244333
1.629351,4.138904,4.184576,4.243502
1.626884,4.138080,4.185404,4.245164
1.626062,4.137256,4.185404,4.242671
1.626062,4.138080,4.184576,4.243502
1.625240,4.138080,4.186232,4.245164
1.628529,4.134783,4.180436,4.237685
1.628529,4.128190,4.175467,4.232698
1.630995,4.121597,4.167186,4.222725
1.630995,4.118300,4.163873,4.221894
1.632639,4.119124,4.164702,4.221063
1.634284,4.119124,4.163873,4.221063
1.633461,4.119949,4.164702,4.220232
1.632639,4.119124,4.165530,4.220232
1.634284,4.118300,4.164702,4.219401
1.636750,4.118300,4.163873,4.219401
1.633461,4.119949,4.165530,4.219401
1.631817,4.118300,4.165530,4.219401
1.632639,4.117476,4.164702,4.219401
1.633461,4.119124,4.163873,4.220232
1.633461,4.118300,4.164702,4.221063
1.633461,4.117476,4.166358,4.219401
1.636750,4.115004,4.161389,4.216077
1.640038,4.107586,4.153108,4.206104
1.640038,4.107586,4.153936,4.208597
1.638394,4.107586,4.153108,4.208597
1.636750,4.106762,4.154764,4.207766
1.637572,4.106762,4.154764,4.209428
1.637572,4.107586,4.153108,4.209428
1.636750,4.107586,4.154764,4.208597
1.635106,4.108410,4.153936,4.208597
1.636750,4.107586,4.154764,4.207766
1.638394,4.108410,4.154764,4.207766
1.639216,4.106762,4.153108,4.207766
1.639216,4.107586,4.153936,4.206935
1.637572,4.108410,4.154764,4.208597
1.635928,4.108410,4.153936,4.207766
1.638394,4.105938,4.150624,4.205273
1.641683,4.096048,4.141514,4.193638
1.645793,4.085334,4.130749,4.182003
1.644149,4.087807,4.134061,4.183665
1.644149,4.085334,4.133233,4.182834
1.643327,4.086982,4.134890,4.183665
1.643327,4.086158,4.133233,4.182003
1.644149,4.075444,4.121640,4.172030
1.644149,4.077917,4.124124,4.171199
1.644149,4.077093,4.121640,4.171199
1.644149,4.075444,4.122468,4.170368
1.645793,4.076268,4.123296,4.172030
1.644149,4.074620,4.121640,4.168706
1.648260,4.063082,4.110874,4.157071
1.648260,4.063906,4.111702,4.156240
1.650726,4.063906,4.112531,4.158733
1.650726,4.065554,4.112531,4.157902
1.652370,4.064730,4.112531,4.157902
1.653193,4.061434,4.109218,4.154577
1.654837,4.051544,4.099281,4.145436
1.654015,4.052368,4.100109,4.145436
1.657303,4.054016,4.101765,4.145436
1.656481,4.053192,4.100109,4.145436
1.656481,4.052368,4.100937,4.144605
1.657303,4.054016,4.100109,4.144605
1.656481,4.044126,4.090172,4.137125
1.659770,4.041654,4.088515,4.132970
1.658125,4.039181,4.088515,4.132970
1.659770,4.040006,4.087687,4.133801
1.660592,4.041654,4.088515,4.134632
1.661414,4.040830,4.087687,4.134632
1.662236,4.040006,4.086031,4.132970
1.663058,4.026819,4.074438,4.118841
1.665525,4.018578,4.067813,4.110531
1.666347,4.013633,4.062844,4.105544
1.667169,4.016929,4.062844,4.105544
1.664703,4.016105,4.062016,4.104713
1.666347,4.015281,4.062844,4.104713
1.669635,4.001270,4.048766,4.090585
1.672102,4.000446,4.047938,4.089754
1.671280,3.997974,4.047110,4.088923
1.673746,3.999622,4.047938,4.088923
1.672102,3.997150,4.044626,4.085598
1.677035,3.981491,4.029720,4.068977
1.679501,3.982315,4.029720,4.069808
1.679501,3.981491,4.030548,4.069808
1.678679,3.982315,4.030548,4.068146
1.681145,3.982315,4.029720,4.068977
1.684434,3.965008,4.010673,4.048200
1.687722,3.962535,4.008189,4.044876
1.686900,3.961711,4.009017,4.044876
1.685256,3.960887,4.008189,4.043214
1.687722,3.960887,4.009017,4.044876
1.685256,3.960063,4.009845,4.044045
1.688544,3.937810,3.985830,4.018282
1.693477,3.934514,3.985002,4.015788
1.694299,3.936162,3.984174,4.016619
1.694299,3.936162,3.983345,4.015788
1.695944,3.936986,3.982517,4.015788
1.694299,3.936162,3.982517,4.015788
1.695122,3.935338,3.983345,4.015788
1.693477,3.932865,3.979205,4.010802
1.697588,3.910613,3.956846,3.986701
1.700876,3.909789,3.958502,3.985870
1.698410,3.910613,3.956846,3.985870
1.700876,3.910613,3.957674,3.985870
1.700876,3.910613,3.957674,3.985039
1.700054,3.908965,3.957674,3.985039
1.705809,3.886713,3.934487,3.956782
1.707454,3.884240,3.931174,3.953458
1.709098,3.883416,3.932003,3.955120
1.711564,3.882592,3.932003,3.954289
1.709920,3.882592,3.932831,3.953458
1.709098,3.883416,3.931174,3.953458
1.708276,3.883416,3.932003,3.953458
1.709098,3.882592,3.931174,3.953458
1.709098,3.881768,3.931174,3.952627
1.709920,3.883416,3.930346,3.951796
1.711564,3.883416,3.931174,3.953458
1.711564,3.881768,3.928690,3.950134
1.716497,3.857043,3.903847,3.923539
1.718141,3.855395,3.905503,3.921877
1.719786,3.855395,3.905503,3.921877
1.719786,3.856219,3.904675,3.922708
1.719786,3.854571,3.904675,3.921877
1.721430,3.857043,3.903019,3.922708
1.723074,3.855395,3.903847,3.921046
1.720608,3.853747,3.903019,3.921046
1.721430,3.854571,3.904675,3.921046
1.718141,3.854571,3.903019,3.922708
1.718141,3.854571,3.903847,3.921877
1.721430,3.853747,3.904675,3.922708
1.718963,3.853747,3.903847,3.921046
1.718141,3.854571,3.903847,3.922708
1.717319,3.853747,3.903847,3.921877
1.714031,3.874350,3.922065,3.944316
1.709920,3.880944,3.928690,3.950965
1.710742,3.880944,3.927862,3.951796
1.710742,3.881768,3.930346,3.952627
1.710742,3.880944,3.929518,3.952627
1.712386,3.880944,3.929518,3.951796
1.711564,3.880120,3.929518,3.950965
1.708276,3.880120,3.929518,3.950134
1.709920,3.880120,3.929518,3.951796
1.709920,3.880944,3.930346,3.950965
1.709098,3.880944,3.928690,3.950965
1.709098,3.880944,3.928690,3.951796
1.710742,3.881768,3.929518,3.951796
1.712386,3.880944,3.930346,3.950965
1.710742,3.880120,3.928690,3.951796
1.709098,3.879295,3.928690,3.950965
1.709920,3.880944,3.928690,3.950965
1.707454,3.881768,3.929518,3.950965
1.709098,3.880120,3.928690,3.950965
1.709920,3.880120,3.928690,3.951796
1.711564,3.880120,3.929518,3.950965
1.710742,3.880944,3.929518,3.950134
1.708276,3.879295,3.928690,3.950134
1.709098,3.880944,3.929518,3.950965
1.710742,3.879295,3.930346,3.950965
1.710742,3.880120,3.930346,3.950134
1.710742,3.880120,3.929518,3.950965
1.703343,3.902372,3.954362,3.980052
1.702521,3.905668,3.954362,3.980883
1.702521,3.905668,3.955190,3.982545
1.702521,3.904844,3.954362,3.980883
1.697588,3.928745,3.976721,4.005816
1.694299,3.930393,3.978377,4.010802
1.692655,3.929569,3.977549,4.010802
1.693477,3.932041,3.979205,4.011633
1.693477,3.932041,3.978377,4.011633
1.695122,3.932041,3.978377,4.011633
1.695944,3.931217,3.980033,4.011633
1.694299,3.931217,3.980861,4.013295
1.686900,3.953469,4.003220,4.036565
1.683612,3.953469,4.001564,4.036565
1.684434,3.954294,4.001564,4.037396
1.681967,3.955118,4.001564,4.037396
1.683612,3.955942,4.003220,4.039058
1.683612,3.955118,4.002392,4.036565
1.684434,3.954294,4.000736,4.036565
1.683612,3.955942,4.001564,4.036565
1.683612,3.955118,4.003220,4.036565
1.683612,3.954294,4.002392,4.036565
1.680323,3.972425,4.017298,4.055680
1.677035,3.976546,4.021438,4.062328
1.677035,3.974897,4.021438,4.061497
1.677857,3.976546,4.023095,4.062328
1.677035,3.977370,4.022267,4.062328
1.677857,3.977370,4.022267,4.062328
1.681145,3.977370,4.023095,4.061497
1.680323,3.976546,4.023095,4.061497
1.678679,3.977370,4.022267,4.061497
1.679501,3.976546,4.022267,4.061497
1.678679,3.977370,4.023095,4.060666
1.680323,3.976546,4.023923,4.062328
1.680323,3.981491,4.026407,4.066484
1.672924,3.994677,4.042141,4.083936
1.673746,3.997150,4.043797,4.084767
1.667991,4.011160,4.057875,4.101389
1.665525,4.011160,4.056219,4.100558
1.666347,4.011160,4.057047,4.099727
1.667991,4.010336,4.057875,4.101389
1.667169,4.010336,4.057875,4.101389
1.665525,4.011984,4.061188,4.102220
1.663058,4.025171,4.073609,4.117179
1.662236,4.025171,4.071953,4.117179
1.661414,4.024347,4.071125,4.116348
1.661414,4.024347,4.070297,4.115517
1.662236,4.025171,4.071125,4.116348
1.661414,4.025171,4.070297,4.114686
1.659770,4.034237,4.081891,4.125490
1.656481,4.037533,4.085203,4.130476
1.654015,4.038357,4.084375,4.130476
1.655659,4.039181,4.084375,4.130476
1.656481,4.039181,4.084375,4.131307
1.657303,4.039181,4.085203,4.129645
1.655659,4.038357,4.083547,4.130476
1.658948,4.038357,4.086859,4.130476
1.656481,4.046599,4.093484,4.137956
1.654837,4.051544,4.100109,4.143774
1.652370,4.051544,4.097625,4.142942
1.654837,4.053192,4.099281,4.142942
1.653193,4.051544,4.098453,4.143774
1.652370,4.050720,4.098453,4.142111
1.653193,4.051544,4.097625,4.142111
1.654015,4.051544,4.099281,4.143774
1.652370,4.052368,4.098453,4.143774
1.650726,4.065554,4.112531,4.157902
1.649904,4.063906,4.110046,4.157071
1.648260,4.075444,4.122468,4.169537
1.645793,4.075444,4.120812,4.169537
1.643327,4.075444,4.122468,4.168706
1.644149,4.076268,4.121640,4.170368
1.644149,4.074620,4.120812,4.168706
1.640861,4.086982,4.131577,4.182834
1.640861,4.087807,4.131577,4.183665
1.640038,4.086158,4.130749,4.181172
1.641683,4.085334,4.131577,4.181172
1.642505,4.086982,4.131577,4.182003
1.641683,4.089455,4.135718,4.185327
1.641683,4.099345,4.143171,4.196131
1.639216,4.096872,4.142343,4.193638
1.638394,4.096872,4.141514,4.192807
1.635928,4.095224,4.142343,4.191976
1.635928,4.096048,4.142343,4.193638
1.638394,4.095224,4.142343,4.194469
1.635106,4.108410,4.155592,4.206104
1.635106,4.106762,4.152280,4.206935
1.635106,4.107586,4.153108,4.206935
1.635106,4.106762,4.153108,4.206104
1.633461,4.108410,4.153936,4.206935
1.635928,4.105938,4.153108,4.204442
1.635928,4.108410,4.154764,4.206104
1.632639,4.117476,4.165530,4.217739
1.633461,4.117476,4.163045,4.216077
1.633461,4.116652,4.164702,4.216908
1.631817,4.116652,4.163045,4.218570
1.634284,4.117476,4.164702,4.217739
1.633461,4.117476,4.164702,4.218570
1.628529,4.126542,4.174639,4.230205
1.627706,4.126542,4.175467,4.230205
1.628529,4.127366,4.175467,4.230205
1.630173,4.127366,4.174639,4.231036
1.630173,4.128190,4.172983,4.231036
1.628529,4.127366,4.175467,4.231036
1.630173,4.127366,4.174639,4.231036
1.628529,4.136432,4.184576,4.238516
1.626062,4.137256,4.183748,4.242671
1.626062,4.137256,4.184576,4.241009
1.626884,4.138080,4.185404,4.242671
1.625240,4.137256,4.185404,4.242671
1.626062,4.137256,4.185404,4.242671
1.625240,4.138904,4.185404,4.241840
1.624418,4.137256,4.186232,4.242671
1.626062,4.137256,4.185404,4.242671
1.622774,4.137256,4.184576,4.242671
1.625240,4.137256,4.184576,4.242671
1.625240,4.138080,4.185404,4.242671
1.626884,4.137256,4.184576,4.241009
1.628529,4.137256,4.184576,4.241009
1.627706,4.138080,4.185404,4.241840
1.624418,4.137256,4.184576,4.242671
1.626062,4.137256,4.184576,4.242671
1.627706,4.138904,4.185404,4.243502
1.629351,4.137256,4.184576,4.243502
1.626884,4.138080,4.184576,4.242671
1.625240,4.138904,4.185404,4.242671
1.624418,4.138080,4.185404,4.241840
1.625240,4.138904,4.185404,4.242671
1.630995,4.133135,4.180436,4.235192
1.629351,4.128190,4.174639,4.231036
1.630995,4.129014,4.173811,4.231867
1.630995,4.129014,4.174639,4.230205
1.630995,4.128190,4.175467,4.231036
1.630995,4.128190,4.175467,4.231036
1.629351,4.129014,4.175467,4.230205
1.631817,4.129838,4.175467,4.231867
1.630173,4.128190,4.175467,4.231036
1.628529,4.130663,4.177123,4.232698
1.628529,4.138904,4.185404,4.242671
1.626884,4.138904,4.185404,4.242671
1.626062,4.139728,4.185404,4.241840
1.628529,4.138904,4.184576,4.242671
1.628529,4.138080,4.185404,4.243502
1.625240,4.140553,4.185404,4.243502
1.624418,4.139728,4.185404,4.243502
1.626062,4.139728,4.185404,4.241840
1.628529,4.138904,4.185404,4.241840
1.629351,4.138080,4.186232,4.241840
1.627706,4.138904,4.187060,4.242671
1.624418,4.138904,4.185404,4.243502
1.622774,4.138080,4.183748,4.241840
1.624418,4.138080,4.185404,4.242671
1.628529,4.138080,4.184576,4.243502
1.627706,4.138904,4.185404,4.243502
1.626884,4.137256,4.184576,4.241840
1.625240,4.137256,4.183748,4.241840
1.626062,4.138904,4.186232,4.244333
1.625240,4.138904,4.185404,4.243502
1.626062,4.139728,4.185404,4.242671
1.627706,4.134783,4.180436,4.239347
1.628529,4.126542,4.172983,4.229374
1.631817,4.118300,4.164702,4.218570
1.630995,4.118300,4.163873,4.221063
1.631817,4.118300,4.165530,4.221063
1.632639,4.118300,4.164702,4.219401
1.635106,4.118300,4.163873,4.220232
1.633461,4.117476,4.165530,4.220232
1.635928,4.120773,4.165530,4.219401
1.635928,4.118300,4.164702,4.220232
1.632639,4.119949,4.164702,4.220232
1.631817,4.119124,4.165530,4.219401
1.631817,4.118300,4.166358,4.218570
1.634284,4.110883,4.156420,4.208597
1.635928,4.107586,4.153936,4.206104
1.635928,4.107586,4.153936,4.208597
1.635928,4.108410,4.155592,4.206104
1.636750,4.108410,4.155592,4.206935
1.639216,4.107586,4.154764,4.206935
1.637572,4.109235,4.154764,4.207766
1.635928,4.107586,4.153108,4.206935
1.635106,4.108410,4.154764,4.206935
1.636750,4.109235,4.154764,4.206935
1.635928,4.107586,4.153936,4.206104
1.638394,4.109235,4.154764,4.208597
1.639216,4.109235,4.154764,4.206935
1.636750,4.107586,4.154764,4.206104
1.636750,4.106762,4.153936,4.208597
1.638394,4.098521,4.143171,4.194469
1.641683,4.097696,4.143171,4.195300
1.639216,4.096872,4.143999,4.196131
1.640038,4.096872,4.142343,4.195300
1.644149,4.084510,4.131577,4.182003
1.645793,4.087807,4.133233,4.182834
1.645793,4.086158,4.133233,4.182834
1.644149,4.083686,4.131577,4.181172
1.649082,4.075444,4.122468,4.167875
1.649082,4.074620,4.123296,4.170368
1.649904,4.075444,4.120812,4.169537
1.649904,4.076268,4.123296,4.171199
1.649904,4.073796,4.120812,4.168706
1.650726,4.064730,4.110874,4.156240
1.651548,4.063906,4.112531,4.158733
1.653193,4.065554,4.111702,4.158733
1.651548,4.066379,4.111702,4.156240
1.653193,4.066379,4.111702,4.158733
1.653193,4.058137,4.104249,4.150422
1.657303,4.054016,4.100937,4.146267
1.656481,4.052368,4.100937,4.144605
1.658125,4.054016,4.100937,4.147098
1.654837,4.053192,4.100937,4.147098
1.655659,4.053192,4.100937,4.146267
1.656481,4.045775,4.091828,4.136294
1.658125,4.041654,4.087687,4.133801
1.658948,4.042478,4.089344,4.132970
1.658948,4.040006,4.089344,4.132970
1.660592,4.040830,4.089344,4.132970
1.658948,4.041654,4.088515,4.132139
1.656481,4.044126,4.090172,4.132970
1.659770,4.030940,4.077750,4.122166
1.663058,4.030116,4.076922,4.119672
1.662236,4.028467,4.075266,4.119672
1.664703,4.028467,4.076922,4.119672
1.667991,4.016105,4.063672,4.106375
1.667169,4.014457,4.062844,4.105544
1.668813,4.015281,4.062016,4.105544
1.669635,4.007039,4.053735,4.096402
1.672102,4.001270,4.047110,4.090585
1.676212,3.999622,4.047938,4.088923
1.673746,4.000446,4.046282,4.088923
1.674568,4.000446,4.046282,4.088923
1.677035,3.984787,4.032204,4.071470
1.677857,3.983139,4.030548,4.068977
1.678679,3.982315,4.029720,4.068977
1.680323,3.982315,4.030548,4.068146
1.677035,3.981491,4.030548,4.067315
1.683612,3.965008,4.012329,4.049031
1.683612,3.963359,4.009017,4.044045
1.681967,3.960887,4.009017,4.045707
1.686900,3.960063,4.007361,4.044876
1.686900,3.961711,4.009017,4.044045
1.687722,3.955118,4.001564,4.038227
1.691011,3.937810,3.983345,4.014957
1.691011,3.936986,3.984174,4.015788
1.692655,3.937810,3.984174,4.015788
1.693477,3.936162,3.984174,4.015788
1.695122,3.937810,3.985002,4.015788
1.693477,3.936162,3.982517,4.014957
1.695122,3.932865,3.981689,4.013295
1.702521,3.910613,3.958502,3.985039
1.703343,3.909789,3.959330,3.985039
1.702521,3.909789,3.957674,3.985039
1.703343,3.910613,3.957674,3.985870
1.702521,3.910613,3.956846,3.986701
1.704987,3.909789,3.957674,3.984208
1.704987,3.908965,3.957674,3.983377
1.705809,3.895779,3.942768,3.967586
1.710742,3.883416,3.932003,3.952627
1.714031,3.884240,3.932003,3.954289
1.712386,3.884240,3.932831,3.953458
1.711564,3.883416,3.932003,3.953458
1.709920,3.882592,3.932003,3.954289
1.709098,3.882592,3.932003,3.954289
1.708276,3.882592,3.932003,3.954289
1.708276,3.882592,3.932003,3.952627
1.711564,3.883416,3.931174,3.952627
1.710742,3.881768,3.932003,3.954289
1.709920,3.883416,3.929518,3.953458
1.709920,3.883416,3.931174,3.953458
1.714853,3.860340,3.908816,3.927695
1.719786,3.855395,3.905503,3.922708
1.718141,3.855395,3.903847,3.921046
1.720608,3.854571,3.903847,3.922708
1.718141,3.855395,3.903847,3.921877
1.717319,3.854571,3.903847,3.923539
1.719786,3.854571,3.903019,3.922708
1.720608,3.853747,3.904675,3.922708
1.718141,3.854571,3.904675,3.921046
1.718963,3.853747,3.903019,3.921877
1.721430,3.855395,3.903019,3.921877
1.720608,3.854571,3.903019,3.922708
1.719786,3.853747,3.902191,3.921046
1.722252,3.854571,3.903847,3.922708
1.718141,3.855395,3.903019,3.920215
1.718141,3.854571,3.903019,3.921046
1.717319,3.866933,3.917097,3.936005
1.710742,3.880944,3.930346,3.951796
1.708276,3.881768,3.928690,3.950965
1.711564,3.880944,3.930346,3.950965
1.709920,3.881768,3.929518,3.950965
1.709098,3.880120,3.930346,3.950134
1.710742,3.882592,3.930346,3.950134
1.710742,3.880120,3.930346,3.951796
1.709920,3.881768,3.929518,3.951796
1.709098,3.881768,3.928690,3.951796
1.710742,3.882592,3.929518,3.950965
1.709920,3.881768,3.930346,3.950965
1.712386,3.881768,3.930346,3.950134
1.713208,3.881768,3.928690,3.950965
1.714031,3.880944,3.930346,3.950965
1.709098,3.880944,3.929518,3.950965
1.709920,3.880120,3.927862,3.950134
1.711564,3.890834,3.940284,3.962600
1.702521,3.906493,3.955190,3.980883
1.699232,3.905668,3.954362,3.980883
1.700054,3.906493,3.953533,3.981714
1.701699,3.907317,3.954362,3.980883
1.700876,3.906493,3.953533,3.981714
1.699232,3.905668,3.953533,3.981714
1.699232,3.905668,3.951877,3.980883
1.699232,3.905668,3.954362,3.980883
1.699232,3.905668,3.953533,3.981714
1.698410,3.905668,3.953533,3.982545
1.700054,3.905668,3.953533,3.982545
1.700054,3.906493,3.955190,3.980883
1.700876,3.906493,3.953533,3.980052
1.701699,3.912262,3.960158,3.988363
1.693477,3.932865,3.980033,4.012464
1.694299,3.931217,3.978377,4.009971
1.691833,3.931217,3.979205,4.010802
1.691011,3.931217,3.979205,4.009971
1.691011,3.932865,3.977549,4.011633
1.688544,3.932041,3.981689,4.014126
1.682789,3.954294,4.002392,4.038227
1.681145,3.955118,4.000736,4.036565
1.684434,3.955118,4.002392,4.036565
1.686078,3.955118,4.001564,4.037396
1.686078,3.954294,4.002392,4.036565
1.686900,3.955118,4.001564,4.037396
1.686900,3.955118,4.001564,4.035734
1.684434,3.955942,4.001564,4.037396
1.684434,3.955942,4.002392,4.038227
1.681145,3.964183,4.010673,4.049031
1.678679,3.974897,4.023923,4.063160
1.678679,3.975722,4.023095,4.061497
1.676212,3.976546,4.022267,4.061497
1.673746,3.977370,4.023095,4.061497
1.674568,3.975722,4.023095,4.060666
1.676212,3.975722,4.023095,4.062328
1.677035,3.976546,4.023923,4.062328
1.677857,3.978194,4.024751,4.062328
1.677035,3.976546,4.023923,4.061497
1.677035,3.976546,4.023095,4.063160
1.678679,3.977370,4.022267,4.062328
1.679501,3.977370,4.023095,4.061497
1.679501,3.975722,4.023095,4.061497
1.680323,3.975722,4.022267,4.062328
1.678679,3.976546,4.025579,4.063160
1.672102,4.009512,4.057875,4.098896
1.667169,4.010336,4.058703,4.102220
1.666347,4.011160,4.057875,4.100558
1.665525,4.009512,4.058703,4.098896
1.666347,4.010336,4.058703,4.100558
1.664703,4.020226,4.068641,4.111362
1.658948,4.023523,4.072781,4.117179
1.660592,4.025171,4.073609,4.114686
1.661414,4.025171,4.071953,4.116348
1.658125,4.023523,4.071953,4.116348
1.659770,4.025171,4.071953,4.117179
1.658948,4.033412,4.081891,4.125490
1.654837,4.038357,4.085203,4.130476
1.654837,4.039181,4.085203,4.130476
1.658125,4.039181,4.086859,4.131307
1.656481,4.037533,4.085203,4.129645
1.658125,4.038357,4.086859,4.130476
1.658125,4.039181,4.086031,4.130476
1.654837,4.049071,4.097625,4.141280
1.651548,4.051544,4.098453,4.143774
1.648260,4.050720,4.097625,4.142942
1.649904,4.051544,4.098453,4.142942
1.652370,4.052368,4.100109,4.143774
1.649904,4.049895,4.097625,4.142942
1.652370,4.049895,4.099281,4.144605
1.651548,4.050720,4.099281,4.145436
1.652370,4.054840,4.102593,4.147929
1.649082,4.064730,4.113359,4.157071
1.649904,4.064730,4.110874,4.154577
1.649904,4.065554,4.111702,4.156240
1.647438,4.064730,4.110046,4.155409
1.647438,4.074620,4.120812,4.168706
1.646616,4.076268,4.122468,4.170368
1.646616,4.075444,4.120812,4.170368
1.646616,4.076268,4.121640,4.170368
1.642505,4.084510,4.129093,4.177848
1.639216,4.086158,4.132405,4.182834
1.639216,4.086982,4.131577,4.182834
1.639216,4.086982,4.131577,4.182003
1.641683,4.086982,4.133233,4.182003
1.643327,4.086158,4.132405,4.182003
1.639216,4.096872,4.143171,4.195300
1.636750,4.097696,4.142343,4.195300
1.634284,4.096872,4.143999,4.192807
1.633461,4.096872,4.142343,4.193638
1.635106,4.096872,4.143171,4.194469
1.634284,4.097696,4.143171,4.195300
1.635106,4.107586,4.153108,4.206935
1.632639,4.107586,4.152280,4.206935
1.634284,4.106762,4.150624,4.207766
1.633461,4.107586,4.152280,4.205273
1.635106,4.107586,4.151452,4.206935
1.634284,4.106762,4.153108,4.206104
1.635106,4.113355,4.157249,4.212753
1.633461,4.118300,4.163045,4.219401
1.630173,4.117476,4.163045,4.217739
1.629351,4.118300,4.162217,4.218570
1.628529,4.118300,4.162217,4.219401
1.630995,4.117476,4.162217,4.219401
1.630173,4.116652,4.163873,4.219401
1.630173,4.119124,4.163873,4.221063
1.627706,4.129014,4.174639,4.232698
1.629351,4.126542,4.173811,4.230205
1.627706,4.129838,4.173811,4.231036
1.626884,4.129014,4.172983,4.232698
1.627706,4.129838,4.173811,4.230205
1.626884,4.128190,4.172983,4.231036
1.627706,4.133135,4.179607,4.236854
1.626884,4.138080,4.184576,4.243502
1.627706,4.138080,4.183748,4.244333
1.626062,4.138904,4.183748,4.242671
1.624418,4.137256,4.183748,4.241840
1.625240,4.138904,4.183748,4.243502
1.625240,4.138080,4.184576,4.243502
1.624418,4.138080,4.182920,4.242671
1.624418,4.138080,4.184576,4.242671
1.625240,4.138904,4.184576,4.243502
1.625240,4.137256,4.183748,4.242671
1.627706,4.138904,4.182920,4.243502
1.626062,4.138080,4.184576,4.242671
1.625240,4.138080,4.185404,4.243502
1.627706,4.138080,4.185404,4.243502
1.626062,4.138080,4.185404,4.241840
1.626062,4.138080,4.183748,4.242671
1.624418,4.138080,4.183748,4.242671
1.624418,4.138904,4.184576,4.244333
1.623596,4.138080,4.183748,4.243502
1.625240,4.138904,4.183748,4.242671
1.626884,4.140553,4.184576,4.244333
1.625240,4.138904,4.183748,4.241840
1.624418,4.138904,4.185404,4.242671
1.623596,4.138904,4.183748,4.242671
1.622774,4.138080,4.183748,4.243502
1.625240,4.133959,4.179607,4.237685
1.627706,4.128190,4.172983,4.230205
1.629351,4.129014,4.174639,4.232698
1.630995,4.129838,4.174639,4.232698
1.630995,4.129014,4.175467,4.232698
1.630995,4.128190,4.173811,4.231867
1.630173,4.129014,4.173811,4.232698
1.630173,4.129838,4.175467,4.231867
1.630173,4.129014,4.174639,4.232698
1.629351,4.129014,4.175467,4.231867
1.627706,4.129838,4.175467,4.231867
1.626884,4.128190,4.174639,4.231867
1.626884,4.129014,4.174639,4.232698
1.629351,4.131487,4.177123,4.233529
1.625240,4.138080,4.184576,4.244333
1.621952,4.137256,4.184576,4.241840
1.625240,4.137256,4.185404,4.243502
1.626062,4.138080,4.183748,4.243502
1.624418,4.138904,4.184576,4.243502
1.625240,4.137256,4.184576,4.244333
1.625240,4.138080,4.186232,4.242671
1.625240,4.138904,4.185404,4.243502
1.626062,4.138904,4.184576,4.243502
1.625240,4.138904,4.184576,4.243502
1.624418,4.138904,4.183748,4.242671
1.626062,4.140553,4.185404,4.243502
1.626884,4.138904,4.184576,4.243502
1.624418,4.138080,4.184576,4.242671
1.625240,4.138080,4.184576,4.243502
1.624418,4.137256,4.184576,4.242671
1.624418,4.138904,4.185404,4.244333
1.624418,4.137256,4.182092,4.241840
1.630995,4.121597,4.164702,4.221894
1.632639,4.119949,4.163873,4.219401
1.632639,4.119949,4.163873,4.221063
1.632639,4.119124,4.163045,4.219401
1.635928,4.119949,4.164702,4.219401
1.634284,4.119949,4.164702,4.219401
1.632639,4.119949,4.163873,4.220232
1.632639,4.118300,4.163045,4.219401
1.634284,4.119949,4.163873,4.220232
1.635106,4.119949,4.164702,4.220232
1.631817,4.110883,4.154764,4.207766
1.635928,4.108410,4.154764,4.207766
1.636750,4.108410,4.152280,4.206935
1.635928,4.109235,4.153108,4.206935
1.637572,4.109235,4.153936,4.206935
1.637572,4.108410,4.153108,4.207766
1.635106,4.109235,4.153108,4.206104
1.635928,4.110883,4.153936,4.207766
1.635106,4.109235,4.154764,4.207766
1.636750,4.109235,4.154764,4.207766
1.637572,4.109235,4.153108,4.206104
1.639216,4.103466,4.148139,4.200286
1.640038,4.096872,4.143171,4.194469
1.640861,4.096872,4.141514,4.194469
1.640038,4.096872,4.143171,4.195300
1.640038,4.098521,4.143999,4.194469
1.640861,4.098521,4.143171,4.194469
1.640038,4.097696,4.143999,4.196131
1.640861,4.098521,4.143171,4.194469
1.638394,4.098521,4.143999,4.195300
1.638394,4.097696,4.143999,4.195300
1.641683,4.086982,4.131577,4.183665
1.644971,4.080389,4.124952,4.174523
1.644971,4.075444,4.121640,4.168706
1.645793,4.076268,4.122468,4.170368
1.649904,4.077917,4.122468,4.171199
1.648260,4.076268,4.122468,4.171199
1.651548,4.070499,4.115843,4.164550
1.650726,4.064730,4.111702,4.157902
1.651548,4.064730,4.111702,4.157071
1.649082,4.064730,4.111702,4.157071
1.650726,4.064730,4.111702,4.157071
1.650726,4.058137,4.104249,4.149591
1.653193,4.051544,4.100109,4.144605
1.652370,4.053192,4.100109,4.145436
1.654837,4.054016,4.100937,4.146267
1.653193,4.054016,4.100937,4.144605
1.654837,4.054016,4.101765,4.145436
1.654837,4.041654,4.089344,4.134632
1.658125,4.040830,4.088515,4.132970
1.657303,4.040830,4.088515,4.132970
1.657303,4.040006,4.088515,4.133801
1.656481,4.042478,4.087687,4.132970
1.658948,4.040830,4.087687,4.132970
1.660592,4.029292,4.074438,4.119672
1.662236,4.028467,4.076094,4.119672
1.663880,4.028467,4.076922,4.119672
1.663058,4.029292,4.076094,4.120504
1.663058,4.028467,4.075266,4.120504
1.663058,4.028467,4.074438,4.118841
1.661414,4.029292,4.074438,4.119672
1.664703,4.016929,4.062844,4.107206
1.667991,4.015281,4.061188,4.102220
1.672924,4.001270,4.047110,4.089754
1.674568,4.000446,4.046282,4.088923
1.670457,4.000446,4.047110,4.088923
1.672924,4.000446,4.047938,4.089754
1.674568,3.991380,4.035516,4.077288
1.676212,3.983139,4.029720,4.069808
1.677857,3.983139,4.029720,4.068146
1.680323,3.983963,4.030548,4.068977
1.677035,3.982315,4.029720,4.068146
1.679501,3.970777,4.016470,4.054018
1.685256,3.963359,4.009017,4.044045
1.684434,3.960063,4.009845,4.044045
1.685256,3.960887,4.007361,4.043214
1.683612,3.961711,4.009017,4.044876
1.686078,3.955942,4.001564,4.036565
1.692655,3.936986,3.983345,4.015788
1.695122,3.937810,3.985002,4.016619
1.695122,3.937810,3.984174,4.015788
1.691011,3.936986,3.983345,4.014957
1.693477,3.936986,3.982517,4.016619
1.693477,3.935338,3.981689,4.014957
1.696766,3.918855,3.965127,3.995012
1.701699,3.910613,3.957674,3.984208
1.701699,3.911437,3.957674,3.985039
1.702521,3.910613,3.959330,3.985870
1.701699,3.910613,3.956846,3.985039
1.699232,3.910613,3.957674,3.985039
1.701699,3.908965,3.957674,3.985039
1.700054,3.909789,3.956846,3.983377
1.701699,3.908965,3.956018,3.984208
1.704987,3.895779,3.941940,3.965924
1.709920,3.883416,3.932831,3.953458
1.711564,3.884240,3.932003,3.951796
1.713208,3.885064,3.932003,3.953458
1.710742,3.884240,3.929518,3.952627
1.710742,3.882592,3.931174,3.951796
1.713208,3.882592,3.930346,3.953458
1.709098,3.882592,3.932003,3.952627
1.709920,3.882592,3.931174,3.952627
1.710742,3.883416,3.931174,3.951796
1.709920,3.884240,3.930346,3.951796
1.709098,3.884240,3.929518,3.951796
1.710742,3.880120,3.926206,3.948472
1.718963,3.856219,3.902191,3.920215
1.719786,3.855395,3.903847,3.921877
1.720608,3.853747,3.903019,3.919384
1.720608,3.854571,3.904675,3.921046
1.721430,3.856219,3.903847,3.921877
1.722252,3.855395,3.903847,3.920215
1.720608,3.854571,3.902191,3.920215
1.720608,3.856219,3.903847,3.921046
1.719786,3.854571,3.903847,3.921046
1.722252,3.855395,3.903847,3.921877
1.720608,3.856219,3.904675,3.921877
1.719786,3.854571,3.903847,3.921046
1.718141,3.853747,3.903019,3.921046
1.716497,3.854571,3.904675,3.921046
1.714853,3.853747,3.903019,3.921046
1.716497,3.854571,3.903847,3.920215
1.718141,3.854571,3.904675,3.921046
1.718141,3.853747,3.903847,3.920215
1.717319,3.863636,3.913784,3.930188
1.710742,3.880944,3.931174,3.951796
1.710742,3.880944,3.929518,3.951796
1.708276,3.880944,3.929518,3.950965
1.708276,3.880120,3.928690,3.950965
1.709920,3.881768,3.930346,3.951796
1.709098,3.881768,3.929518,3.950134
1.708276,3.880944,3.928690,3.950965
1.706631,3.881768,3.928690,3.950134
1.707454,3.880944,3.928690,3.951796
1.709098,3.880944,3.929518,3.950965
1.709920,3.881768,3.929518,3.950965
1.705809,3.894954,3.943596,3.969248
1.699232,3.907317,3.954362,3.981714
1.696766,3.905668,3.953533,3.980883
1.695122,3.905668,3.952705,3.981714
1.698410,3.906493,3.954362,3.981714
1.699232,3.906493,3.952705,3.982545
1.701699,3.906493,3.953533,3.980883
1.701699,3.907317,3.954362,3.982545
1.702521,3.905668,3.953533,3.980052
1.703343,3.905668,3.954362,3.981714
1.700876,3.904844,3.952705,3.981714
1.700876,3.906493,3.953533,3.980052
1.704165,3.908141,3.954362,3.980883
1.702521,3.906493,3.953533,3.980883
1.702521,3.907317,3.952705,3.980883
1.702521,3.905668,3.952705,3.980052
1.702521,3.905668,3.951877,3.980052
1.702521,3.905668,3.952705,3.980052
1.700876,3.906493,3.953533,3.981714
1.699232,3.908965,3.956846,3.985039
1.692655,3.931217,3.979205,4.010802
1.689367,3.930393,3.978377,4.011633
1.686900,3.932041,3.978377,4.010802
1.684434,3.950997,3.999080,4.031579
1.681967,3.954294,4.002392,4.036565
1.683612,3.954294,4.000736,4.038227
1.685256,3.956766,4.002392,4.036565
1.684434,3.955118,4.000736,4.038227
1.683612,3.954294,4.000736,4.038227
1.684434,3.955118,4.001564,4.036565
1.683612,3.955942,4.002392,4.037396
1.680323,3.969128,4.018126,4.054018
1.677035,3.975722,4.021438,4.060666
1.677857,3.974897,4.021438,4.059835
1.679501,3.975722,4.023095,4.059835
1.679501,3.977370,4.023923,4.062328
1.677857,3.976546,4.022267,4.062328
1.678679,3.976546,4.023095,4.061497
1.678679,3.976546,4.023095,4.060666
1.677857,3.976546,4.023923,4.059835
1.677035,3.978194,4.023923,4.061497
1.677035,3.978194,4.023923,4.063160
1.675390,3.994677,4.042969,4.083105
1.672102,3.994677,4.039657,4.083105
1.672924,3.994677,4.042969,4.082274
1.673746,3.994677,4.041313,4.083105
1.672102,3.994677,4.042141,4.083105
1.670457,3.995501,4.041313,4.083936
1.669635,3.995501,4.043797,4.083105
1.668813,3.997150,4.042969,4.083936
1.670457,3.996325,4.042969,4.084767
1.666347,4.012808,4.057875,4.102220
1.664703,4.011160,4.056219,4.100558
1.666347,4.014457,4.062016,4.103882
1.663880,4.026819,4.073609,4.117179
1.662236,4.025171,4.072781,4.115517
1.662236,4.026819,4.072781,4.116348
1.660592,4.025171,4.071125,4.117179
1.663058,4.025171,4.071953,4.115517
1.660592,4.035885,4.082719,4.126321
1.656481,4.038357,4.085203,4.130476
1.657303,4.038357,4.085203,4.130476
1.658125,4.039181,4.086031,4.130476
1.657303,4.038357,4.084375,4.131307
1.657303,4.039181,4.085203,4.130476
1.656481,4.039181,4.085203,4.131307
1.653193,4.053192,4.099281,4.145436
1.652370,4.052368,4.099281,4.145436
1.652370,4.051544,4.098453,4.145436
1.653193,4.051544,4.097625,4.144605
1.653193,4.049895,4.098453,4.142942
1.653193,4.049895,4.097625,4.142942
1.654015,4.051544,4.097625,4.145436
1.651548,4.058961,4.108390,4.152915
1.649082,4.063906,4.111702,4.157902
1.649904,4.063082,4.110046,4.157071
1.649082,4.063082,4.110046,4.156240
1.649904,4.063082,4.110046,4.156240
1.648260,4.063906,4.110046,4.157071
1.648260,4.063082,4.110874,4.155409
1.649082,4.063082,4.110046,4.156240
1.649082,4.063906,4.110874,4.156240
1.646616,4.073796,4.121640,4.167044
1.644149,4.075444,4.122468,4.169537
1.644149,4.086982,4.133233,4.183665
1.644149,4.088631,4.132405,4.183665
1.641683,4.086158,4.132405,4.182003
1.642505,4.086982,4.133233,4.181172
1.642505,4.086158,4.130749,4.181172
1.640861,4.093576,4.139858,4.191145
1.640038,4.096872,4.141514,4.193638
1.640038,4.096872,4.142343,4.194469
1.639216,4.096872,4.142343,4.193638
1.639216,4.096048,4.141514,4.193638
1.638394,4.097696,4.143171,4.193638
1.635928,4.109235,4.154764,4.206104
1.633461,4.106762,4.153108,4.205273
1.634284,4.106762,4.152280,4.206935
1.635928,4.108410,4.154764,4.206104
1.634284,4.106762,4.152280,4.206935
1.632639,4.106762,4.151452,4.206935
1.634284,4.116652,4.161389,4.218570
1.630995,4.117476,4.163873,4.218570
1.630173,4.118300,4.163045,4.218570
1.631817,4.117476,4.164702,4.218570
1.630995,4.117476,4.163045,4.218570
1.630995,4.117476,4.163045,4.218570
1.630995,4.116652,4.162217,4.218570
1.629351,4.126542,4.175467,4.230205
1.628529,4.127366,4.174639,4.231867
1.626884,4.127366,4.174639,4.231036
1.626884,4.129014,4.174639,4.231867
1.627706,4.127366,4.173811,4.231036
1.628529,4.129014,4.174639,4.231867
1.629351,4.128190,4.173811,4.230205
1.626884,4.133135,4.178779,4.235192
1.626062,4.137256,4.184576,4.242671
1.624418,4.137256,4.183748,4.242671
1.625240,4.138080,4.184576,4.241840
1.624418,4.138080,4.182920,4.241840
1.625240,4.138080,4.183748,4.241840
1.624418,4.138080,4.185404,4.240178
1.627706,4.139728,4.185404,4.241840
1.626062,4.138080,4.184576,4.241840
1.625240,4.138080,4.184576,4.242671
1.627706,4.138904,4.184576,4.243502
1.627706,4.137256,4.182092,4.243502
1.626062,4.137256,4.183748,4.241009
1.626884,4.138904,4.185404,4.241840
1.626062,4.138080,4.184576,4.242671
1.624418,4.138080,4.183748,4.242671
1.626062,4.138080,4.184576,4.241840
1.625240,4.138904,4.184576,4.242671
1.625240,4.138904,4.184576,4.242671
1.626062,4.138904,4.185404,4.242671
1.625240,4.138080,4.184576,4.241840
1.626884,4.138080,4.184576,4.241840
1.622774,4.137256,4.183748,4.242671
1.625240,4.139728,4.184576,4.243502
1.626062,4.137256,4.183748,4.242671
1.628529,4.138904,4.184576,4.243502
1.627706,4.138080,4.184576,4.242671
1.627706,4.139728,4.183748,4.244333
1.625240,4.138904,4.182920,4.242671
1.625240,4.135608,4.182092,4.239347
1.626884,4.129014,4.172983,4.231867
1.628529,4.128190,4.175467,4.231867
1.630173,4.129838,4.174639,4.232698
1.628529,4.128190,4.175467,4.231867
1.629351,4.128190,4.172983,4.233529
1.627706,4.128190,4.173811,4.231036
1.629351,4.127366,4.175467,4.231867
1.630173,4.128190,4.173811,4.232698
1.628529,4.129838,4.174639,4.232698
1.631817,4.129014,4.175467,4.232698
1.629351,4.129014,4.175467,4.232698
1.630995,4.129014,4.174639,4.231867
1.630995,4.129014,4.175467,4.231867
1.630995,4.128190,4.174639,4.231867
1.629351,4.129014,4.175467,4.232698
1.629351,4.129838,4.175467,4.231036
1.628529,4.128190,4.175467,4.231867
1.630995,4.127366,4.174639,4.231036
1.629351,4.127366,4.175467,4.231036
1.629351,4.129014,4.175467,4.232698
1.627706,4.134783,4.180436,4.237685
1.622774,4.137256,4.185404,4.241840
1.625240,4.138904,4.184576,4.241840
1.623596,4.138080,4.183748,4.241840
1.624418,4.138080,4.183748,4.242671
1.626884,4.137256,4.185404,4.243502
1.626884,4.138080,4.185404,4.243502
1.626884,4.139728,4.184576,4.243502
1.625240,4.138080,4.185404,4.243502
1.626884,4.138904,4.185404,4.243502
1.627706,4.136432,4.183748,4.241840
1.630173,4.119124,4.163873,4.219401
1.632639,4.118300,4.164702,4.220232
1.630995,4.120773,4.164702,4.219401
1.632639,4.119949,4.165530,4.220232
1.632639,4.117476,4.163873,4.220232
1.631817,4.117476,4.163873,4.218570
1.632639,4.119124,4.163045,4.220232
1.635106,4.117476,4.163873,4.221063
1.633461,4.116652,4.162217,4.217739
1.637572,4.107586,4.153108,4.206935
1.636750,4.107586,4.153108,4.206935
1.636750,4.108410,4.153108,4.208597
1.635928,4.109235,4.153936,4.207766
1.638394,4.107586,4.153936,4.208597
1.637572,4.107586,4.153108,4.206935
1.635928,4.106762,4.152280,4.207766
1.635106,4.106762,4.153108,4.207766
1.635106,4.107586,4.153936,4.206104
1.640861,4.099345,4.143999,4.196131
1.639216,4.097696,4.142343,4.193638
1.640038,4.096048,4.143999,4.194469
1.640861,4.098521,4.143999,4.196131
1.640038,4.096872,4.144827,4.193638
1.640861,4.096872,4.144827,4.194469
1.640861,4.098521,4.143999,4.196131
1.642505,4.096872,4.143999,4.196131
1.644149,4.099345,4.143171,4.196131
1.642505,4.097696,4.143999,4.196962
1.640861,4.096872,4.142343,4.195300
1.640038,4.096872,4.143171,4.196962
1.642505,4.086158,4.133233,4.182003
1.646616,4.075444,4.122468,4.172030
1.648260,4.074620,4.122468,4.168706
1.647438,4.075444,4.123296,4.172030
1.646616,4.077093,4.123296,4.170368
1.648260,4.069675,4.115015,4.161226
1.649904,4.064730,4.112531,4.157902
1.650726,4.064730,4.111702,4.156240
1.650726,4.064730,4.111702,4.157071
1.650726,4.064730,4.112531,4.158733
1.654015,4.053192,4.100937,4.145436
1.653193,4.053192,4.101765,4.145436
1.651548,4.051544,4.100937,4.145436
1.655659,4.053192,4.102593,4.145436
1.655659,4.054016,4.101765,4.146267
1.658948,4.042478,4.087687,4.132970
1.658125,4.042478,4.086859,4.131307
1.660592,4.041654,4.088515,4.132970
1.658948,4.040006,4.089344,4.132970
1.660592,4.041654,4.089344,4.132970
1.660592,4.036709,4.083547,4.127983
1.663880,4.028467,4.073609,4.119672
1.663880,4.028467,4.075266,4.118841
1.661414,4.029292,4.075266,4.118010
1.662236,4.028467,4.075266,4.118841
1.663058,4.028467,4.075266,4.119672
1.663880,4.028467,4.073609,4.118841
1.666347,4.013633,4.060360,4.103882
1.670457,4.015281,4.061188,4.103882
1.671280,4.015281,4.062844,4.105544
1.669635,4.013633,4.062016,4.104713
1.669635,4.013633,4.061188,4.103882
1.672102,4.004567,4.049594,4.093909
1.674568,3.999622,4.047938,4.089754
1.675390,3.999622,4.046282,4.088923
1.680323,3.983963,4.028891,4.070639
1.679501,3.982315,4.028063,4.068977
1.679501,3.982315,4.029720,4.068977
1.679501,3.982315,4.030548,4.068977
1.679501,3.977370,4.023923,4.061497
1.684434,3.961711,4.009017,4.043214
1.686900,3.962535,4.009845,4.044876
1.683612,3.961711,4.009017,4.044876
1.683612,3.960887,4.009017,4.043214
1.685256,3.961711,4.007361,4.044045
1.688544,3.939459,3.985002,4.018282
1.690189,3.936986,3.984174,4.015788
1.689367,3.936986,3.983345,4.014957
1.690189,3.936162,3.984174,4.016619
1.691833,3.936986,3.983345,4.015788
1.689367,3.935338,3.982517,4.015788
1.695944,3.918031,3.963471,3.994180
1.700054,3.909789,3.957674,3.985870
1.701699,3.910613,3.957674,3.985870
1.700054,3.909789,3.956846,3.985039
1.703343,3.910613,3.957674,3.985870
1.703343,3.909789,3.956846,3.985039
1.701699,3.910613,3.957674,3.984208
1.703343,3.909789,3.956018,3.985039
1.704165,3.904020,3.950221,3.976728
1.709098,3.882592,3.931174,3.952627
1.707454,3.884240,3.932003,3.953458
1.709098,3.882592,3.931174,3.953458
1.709098,3.883416,3.931174,3.953458
1.709920,3.883416,3.931174,3.952627
1.707454,3.883416,3.930346,3.952627
1.709098,3.883416,3.932003,3.953458
1.709920,3.883416,3.932003,3.952627
1.709920,3.883416,3.930346,3.951796
1.709098,3.884240,3.931174,3.951796
1.708276,3.881768,3.930346,3.952627
1.709920,3.884240,3.929518,3.951796
1.709098,3.881768,3.931174,3.952627
1.710742,3.881768,3.930346,3.951796
1.717319,3.857867,3.904675,3.923539
1.722252,3.854571,3.903847,3.922708
1.721430,3.855395,3.903847,3.921877
1.718963,3.853747,3.903847,3.920215
1.722252,3.854571,3.905503,3.920215
1.721430,3.854571,3.904675,3.920215
1.718963,3.854571,3.904675,3.920215
1.719786,3.854571,3.903019,3.920215
1.718141,3.854571,3.903019,3.920215
1.718963,3.853747,3.903847,3.920215
1.718963,3.854571,3.903019,3.919384
1.720608,3.852922,3.903847,3.920215
1.719786,3.854571,3.903019,3.917722
1.718141,3.853747,3.903847,3.920215
1.719786,3.853747,3.903847,3.920215
1.718141,3.854571,3.903019,3.919384
1.717319,3.854571,3.903847,3.919384
1.718141,3.853747,3.903847,3.920215
1.718963,3.852922,3.903847,3.919384
1.716497,3.853747,3.902191,3.918553
1.720608,3.860340,3.910472,3.927695
1.709920,3.880120,3.930346,3.950965
1.709098,3.880120,3.928690,3.950134
1.709098,3.881768,3.928690,3.950965
1.710742,3.881768,3.927034,3.948472
1.709920,3.882592,3.929518,3.950134
1.709098,3.881768,3.927862,3.948472
1.709098,3.881768,3.929518,3.949303
1.709098,3.885064,3.934487,3.956782
1.702521,3.906493,3.954362,3.980883
1.699232,3.906493,3.952705,3.980883
1.698410,3.906493,3.954362,3.980883
1.699232,3.906493,3.954362,3.980052
1.701699,3.905668,3.953533,3.980052
1.700054,3.906493,3.954362,3.980052
1.700054,3.906493,3.955190,3.980052
1.702521,3.907317,3.954362,3.979221
1.701699,3.906493,3.953533,3.980052
1.700876,3.905668,3.952705,3.979221
1.700054,3.906493,3.954362,3.980883
1.703343,3.907317,3.953533,3.980883
1.702521,3.907317,3.952705,3.980883
1.703343,3.905668,3.952705,3.979221
1.704165,3.907317,3.954362,3.981714
1.702521,3.906493,3.952705,3.980052
1.700054,3.905668,3.954362,3.980883
1.699232,3.905668,3.952705,3.980883
1.701699,3.905668,3.952705,3.980052
1.704165,3.905668,3.953533,3.980052
1.701699,3.906493,3.953533,3.980052
1.699232,3.905668,3.951877,3.979221
1.700054,3.906493,3.955190,3.982545
1.691011,3.949349,3.999080,4.031579
1.685256,3.955118,3.999908,4.035734
1.682789,3.953469,4.000736,4.037396
1.684434,3.954294,4.000736,4.036565
1.686900,3.955118,4.002392,4.036565
1.686078,3.953469,4.002392,4.037396
1.684434,3.955118,4.001564,4.036565
1.683612,3.968304,4.017298,4.053187
1.678679,3.975722,4.023095,4.061497
1.678679,3.975722,4.021438,4.061497
1.677857,3.974073,4.021438,4.059835
1.677857,3.974897,4.023095,4.061497
1.677857,3.974897,4.022267,4.062328
1.678679,3.976546,4.023095,4.060666
1.677035,3.974073,4.022267,4.059835
1.677857,3.979018,4.028063,4.064822
1.672102,3.994677,4.042141,4.083105
1.672924,3.994677,4.041313,4.080612
1.671280,3.993029,4.041313,4.082274
1.669635,3.993029,4.042141,4.081443
1.668813,3.993853,4.040485,4.081443
1.670457,3.994677,4.042141,4.080612
1.669635,3.993853,4.041313,4.081443
1.671280,3.993853,4.042969,4.082274
1.668813,3.995501,4.042141,4.082274
1.672924,3.994677,4.042141,4.082274
1.672102,3.993853,4.041313,4.083105
1.670457,3.994677,4.041313,4.081443
1.672924,3.996325,4.041313,4.083936
1.672102,4.007864,4.056219,4.097233
1.666347,4.010336,4.057875,4.101389
1.663058,4.023523,4.071953,4.115517
1.661414,4.025171,4.071125,4.116348
1.658125,4.025171,4.071953,4.115517
1.660592,4.024347,4.071953,4.115517
1.661414,4.025171,4.071953,4.116348
1.655659,4.037533,4.086859,4.130476
1.657303,4.038357,4.086859,4.130476
1.655659,4.039181,4.085203,4.131307
1.653193,4.039181,4.086031,4.129645
1.654015,4.039181,4.086031,4.130476
1.654837,4.039181,4.086031,4.131307
1.653193,4.054016,4.100109,4.143774
1.652370,4.053192,4.099281,4.143774
1.654837,4.052368,4.099281,4.142111
1.652370,4.049895,4.097625,4.142111
1.654837,4.052368,4.097625,4.143774
1.654015,4.051544,4.097625,4.143774
1.651548,4.052368,4.100109,4.143774
1.649904,4.065554,4.110874,4.156240
1.649082,4.064730,4.110046,4.154577
1.649082,4.063082,4.109218,4.156240
1.649082,4.064730,4.110046,4.155409
1.651548,4.063906,4.108390,4.155409
1.649082,4.062258,4.110046,4.156240
1.649904,4.063906,4.110874,4.157071
1.647438,4.072148,4.118327,4.165381
1.644971,4.075444,4.121640,4.169537
1.643327,4.075444,4.121640,4.167875
1.643327,4.073796,4.119984,4.167875
1.645793,4.074620,4.120812,4.169537
1.645793,4.073796,4.122468,4.170368
1.642505,4.082862,4.129921,4.179510
1.641683,4.085334,4.132405,4.181172
1.641683,4.084510,4.131577,4.182834
1.642505,4.086158,4.130749,4.182003
1.640861,4.094400,4.140686,4.191976
1.638394,4.096048,4.142343,4.194469
1.639216,4.096872,4.142343,4.192807
1.638394,4.095224,4.143171,4.192807
1.637572,4.095224,4.142343,4.193638
1.639216,4.096872,4.142343,4.193638
1.635106,4.108410,4.153936,4.205273
1.635106,4.108410,4.153108,4.204442
1.635928,4.107586,4.152280,4.206935
1.634284,4.106762,4.152280,4.204442
1.635928,4.107586,4.154764,4.205273
1.635928,4.110059,4.156420,4.207766
1.630995,4.119124,4.164702,4.217739
1.630995,4.118300,4.164702,4.216908
1.630995,4.117476,4.163873,4.218570
1.630995,4.118300,4.163873,4.217739
1.630995,4.117476,4.162217,4.216908
1.631817,4.118300,4.163873,4.218570
1.633461,4.119949,4.167186,4.220232
1.628529,4.128190,4.174639,4.230205
1.630173,4.127366,4.175467,4.230205
1.630995,4.127366,4.174639,4.228543
1.630173,4.128190,4.174639,4.229374
1.626884,4.127366,4.173811,4.230205
1.624418,4.128190,4.175467,4.229374
1.625240,4.127366,4.174639,4.231036
1.626884,4.135608,4.182920,4.240178
1.622774,4.137256,4.184576,4.241840
1.623596,4.137256,4.184576,4.241009
1.623596,4.138080,4.184576,4.241009
1.625240,4.138080,4.184576,4.241009
1.626062,4.138080,4.184576,4.241009
1.628529,4.137256,4.185404,4.241009
1.626884,4.138080,4.184576,4.241840
1.627706,4.138904,4.185404,4.241840
1.625240,4.138080,4.185404,4.240178
1.626062,4.138080,4.185404,4.241009
1.626884,4.138080,4.183748,4.241840
1.628529,4.138904,4.185404,4.241840
1.626884,4.138080,4.183748,4.241009
1.626062,4.138904,4.183748,4.241840
1.625240,4.138080,4.183748,4.243502
1.627706,4.137256,4.183748,4.242671
1.630173,4.138080,4.184576,4.242671
1.626884,4.138904,4.185404,4.241840
1.625240,4.138080,4.184576,4.241009
1.625240,4.138904,4.184576,4.240178
1.626884,4.137256,4.184576,4.241840
1.626884,4.138080,4.183748,4.241009
1.626884,4.138904,4.183748,4.241840
1.625240,4.138080,4.183748,4.241840
1.630173,4.137256,4.184576,4.241840
1.627706,4.138080,4.183748,4.241840
1.626884,4.137256,4.184576,4.241840
1.626884,4.138904,4.184576,4.241840
1.625240,4.138080,4.184576,4.241009
1.627706,4.138904,4.183748,4.241840
1.626062,4.138080,4.183748,4.243502
1.627706,4.135608,4.182092,4.238516
1.630995,4.129838,4.174639,4.229374
1.630173,4.129838,4.173811,4.231036
1.630995,4.129014,4.174639,4.231036
1.629351,4.129838,4.175467,4.230205
1.629351,4.129014,4.173811,4.230205
1.629351,4.129838,4.175467,4.231036
1.629351,4.128190,4.174639,4.231036
1.629351,4.129014,4.174639,4.231036
1.631817,4.127366,4.174639,4.231867
1.630995,4.128190,4.174639,4.231867
1.630995,4.129838,4.174639,4.231867
1.630173,4.129838,4.174639,4.231036
1.630173,4.130663,4.175467,4.231036
1.630173,4.130663,4.175467,4.231036
1.628529,4.129838,4.173811,4.230205
1.629351,4.129014,4.175467,4.231867
1.629351,4.129014,4.175467,4.231867
1.630173,4.130663,4.175467,4.232698
1.633461,4.131487,4.173811,4.230205
1.634284,4.129838,4.174639,4.230205
1.630995,4.129014,4.175467,4.231867
1.631817,4.129014,4.174639,4.231036
1.629351,4.129014,4.175467,4.230205
1.628529,4.129014,4.175467,4.232698
1.628529,4.129014,4.175467,4.232698
1.626884,4.127366,4.174639,4.231036
1.630995,4.129014,4.176295,4.231867
1.632639,4.129838,4.177123,4.232698
1.630995,4.128190,4.177123,4.231036
1.630995,4.128190,4.174639,4.230205
1.629351,4.129838,4.174639,4.231036
1.633461,4.119124,4.163045,4.219401
1.632639,4.118300,4.163873,4.218570
1.634284,4.118300,4.165530,4.219401
1.632639,4.118300,4.163045,4.218570
1.635106,4.119949,4.165530,4.219401
1.634284,4.118300,4.164702,4.218570
1.634284,4.119124,4.165530,4.218570
1.635928,4.109235,4.153936,4.206104
1.637572,4.108410,4.153936,4.207766
1.636750,4.109235,4.154764,4.208597
1.636750,4.107586,4.154764,4.206104
1.639216,4.109235,4.153936,4.206935
1.635928,4.110059,4.153108,4.206935
1.636750,4.109235,4.152280,4.206104
1.637572,4.109235,4.154764,4.207766
1.636750,4.108410,4.153108,4.203611
1.639216,4.097696,4.142343,4.192807
1.640038,4.096872,4.143171,4.194469
1.638394,4.096048,4.143999,4.193638
1.640038,4.097696,4.143171,4.196131
1.642505,4.097696,4.143999,4.196131
1.640861,4.097696,4.143999,4.193638
1.640038,4.096048,4.143999,4.194469
1.640038,4.098521,4.143999,4.195300
1.640861,4.098521,4.143171,4.196131
1.640861,4.086982,4.134890,4.183665
1.643327,4.086158,4.132405,4.182003
1.644971,4.086982,4.133233,4.182003
1.647438,4.086982,4.133233,4.183665
1.644971,4.089455,4.134061,4.182834
1.641683,4.086158,4.134061,4.182834
1.643327,4.078741,4.124124,4.171199
1.645793,4.075444,4.123296,4.170368
1.648260,4.068027,4.114187,4.161226
1.649904,4.063906,4.111702,4.157071
1.650726,4.064730,4.110874,4.156240
1.653193,4.066379,4.111702,4.158733
1.652370,4.061434,4.107562,4.154577
1.653193,4.053192,4.099281,4.145436
1.655659,4.054840,4.100937,4.145436
1.655659,4.054016,4.100109,4.144605
1.658125,4.053192,4.100937,4.144605
1.658125,4.049071,4.095968,4.140449
1.661414,4.040830,4.087687,4.132970
1.659770,4.041654,4.087687,4.132970
1.661414,4.040830,4.086859,4.132139
1.659770,4.040830,4.088515,4.132139
1.658948,4.035061,4.083547,4.127152
1.661414,4.028467,4.074438,4.118010
1.662236,4.028467,4.076094,4.118841
1.662236,4.028467,4.075266,4.118841
1.663880,4.027643,4.075266,4.119672
1.662236,4.029292,4.076094,4.119672
1.665525,4.018578,4.064500,4.108869
1.667169,4.014457,4.062016,4.104713
1.666347,4.015281,4.062016,4.105544
1.668813,4.016105,4.061188,4.106375
1.666347,4.015281,4.062016,4.105544
1.665525,4.015281,4.062016,4.104713
1.666347,4.013633,4.059532,4.101389
1.669635,4.001270,4.047110,4.088923
1.670457,3.998798,4.047110,4.088923
1.673746,3.995501,4.041313,4.082274
1.680323,3.983139,4.030548,4.068146
1.677857,3.983139,4.028891,4.068977
1.677035,3.982315,4.030548,4.068977
1.677035,3.983139,4.030548,4.068146
1.679501,3.967480,4.014814,4.052356
1.686078,3.962535,4.009845,4.044045
1.687722,3.960887,4.009845,4.044045
1.685256,3.960887,4.008189,4.044876
1.686078,3.961711,4.007361,4.043214
1.686078,3.953469,4.000736,4.035734
1.695122,3.936162,3.984174,4.014957
1.694299,3.936162,3.984174,4.016619
1.695944,3.937810,3.984174,4.016619
1.695122,3.935338,3.984174,4.014957
1.693477,3.936162,3.984174,4.015788
1.694299,3.926272,3.974236,4.003322
1.702521,3.910613,3.957674,3.984208
1.704165,3.908141,3.956846,3.983377
1.703343,3.909789,3.956846,3.985039
1.704987,3.909789,3.958502,3.985039
1.704165,3.909789,3.956846,3.984208
1.703343,3.908965,3.959330,3.985039
1.702521,3.909789,3.959330,3.984208
1.703343,3.894954,3.941112,3.965924
1.710742,3.884240,3.931174,3.951796
1.710742,3.884240,3.932003,3.952627
1.710742,3.884240,3.932003,3.952627
1.711564,3.883416,3.932003,3.952627
1.710742,3.885064,3.931174,3.953458
1.710742,3.884240,3.931174,3.953458
1.709920,3.883416,3.932831,3.952627
1.709920,3.883416,3.932003,3.952627
1.711564,3.881768,3.932003,3.951796
1.711564,3.882592,3.931174,3.950965
1.712386,3.882592,3.932003,3.952627
1.710742,3.882592,3.932003,3.952627
1.712386,3.881768,3.932003,3.951796
1.712386,3.881768,3.931174,3.950965
1.714853,3.881768,3.932003,3.950134
1.713208,3.880944,3.928690,3.947640
1.718963,3.856219,3.904675,3.921046
1.717319,3.856219,3.905503,3.920215
1.718141,3.854571,3.905503,3.921046
1.718963,3.854571,3.903847,3.919384
1.719786,3.854571,3.903019,3.920215
1.722252,3.856219,3.904675,3.920215
1.722252,3.854571,3.903019,3.921046
1.721430,3.854571,3.903847,3.921046
1.718963,3.853747,3.903019,3.919384
1.721430,3.856219,3.904675,3.920215
1.721430,3.853747,3.903019,3.920215
1.718141,3.855395,3.903019,3.920215
1.718963,3.854571,3.904675,3.920215
1.717319,3.855395,3.903847,3.920215
1.720608,3.853747,3.904675,3.920215
1.719786,3.854571,3.903019,3.919384
1.719786,3.853747,3.903847,3.920215
1.720608,3.853747,3.902191,3.920215
1.718963,3.853747,3.903847,3.920215
1.717319,3.853747,3.903847,3.919384
1.718963,3.853747,3.903019,3.919384
1.718963,3.857043,3.905503,3.922708
1.713208,3.880944,3.929518,3.948472
1.710742,3.880120,3.928690,3.950134
1.709920,3.878471,3.928690,3.950134
1.709920,3.879295,3.928690,3.950134
1.709920,3.885889,3.933659,3.954289
1.702521,3.906493,3.955190,3.982545
1.700054,3.907317,3.954362,3.980052
1.700054,3.905668,3.952705,3.980052
1.699232,3.905668,3.953533,3.979221
1.697588,3.907317,3.953533,3.980052
1.699232,3.906493,3.952705,3.979221
1.700054,3.906493,3.952705,3.981714
1.699232,3.904844,3.952705,3.980883
1.698410,3.905668,3.953533,3.980052
1.702521,3.907317,3.954362,3.980883
1.699232,3.905668,3.953533,3.981714
1.699232,3.905668,3.951877,3.980883
1.702521,3.904844,3.955190,3.980883
1.700876,3.910613,3.957674,3.984208
1.692655,3.933690,3.980033,4.009971
1.689367,3.931217,3.977549,4.008309
1.691011,3.931217,3.977549,4.010802
1.691011,3.932041,3.979205,4.009971
1.691011,3.931217,3.977549,4.010802
1.691833,3.930393,3.979205,4.009140
1.690189,3.931217,3.978377,4.009140
1.692655,3.932041,3.979205,4.007478
1.690189,3.930393,3.978377,4.007478
1.692655,3.931217,3.979205,4.009140
1.689367,3.931217,3.977549,4.007478
1.692655,3.931217,3.977549,4.009971
1.686078,3.951821,4.001564,4.034903
1.683612,3.953469,4.001564,4.036565
1.683612,3.954294,4.000736,4.037396
1.683612,3.955118,4.001564,4.036565
1.684434,3.954294,4.002392,4.035734
1.683612,3.969952,4.018126,4.053187
1.678679,3.975722,4.022267,4.060666
1.677035,3.975722,4.022267,4.059004
1.677857,3.975722,4.022267,4.059004
1.677035,3.974897,4.023095,4.060666
1.676212,3.974897,4.023923,4.060666
1.677857,3.975722,4.023923,4.060666
1.677035,3.977370,4.023923,4.060666
1.672924,3.993853,4.042141,4.080612
1.669635,3.995501,4.042969,4.082274
1.669635,3.993853,4.042969,4.081443
1.670457,3.993029,4.041313,4.081443
1.667169,3.995501,4.042141,4.081443
1.668813,3.995501,4.042141,4.083105
1.668813,3.993029,4.041313,4.081443
1.670457,3.993029,4.043797,4.081443
1.670457,3.994677,4.042141,4.083105
1.673746,3.994677,4.043797,4.082274
1.672924,3.995501,4.044626,4.083105
1.667169,4.008688,4.059532,4.099727
1.666347,4.010336,4.059532,4.099727
1.664703,4.009512,4.058703,4.101389
1.664703,4.009512,4.057047,4.100558
1.663880,4.010336,4.058703,4.101389
1.665525,4.011160,4.057875,4.100558
1.665525,4.010336,4.058703,4.099727
1.663880,4.022698,4.070297,4.113024
1.662236,4.025171,4.071125,4.114686
1.661414,4.025171,4.071953,4.115517
1.658125,4.035885,4.084375,4.126321
1.657303,4.038357,4.085203,4.129645
1.660592,4.039181,4.086859,4.130476
1.656481,4.039181,4.085203,4.130476
1.656481,4.038357,4.086031,4.130476
1.657303,4.040006,4.086859,4.131307
1.652370,4.052368,4.100937,4.144605
1.652370,4.052368,4.099281,4.144605
1.653193,4.051544,4.098453,4.142942
1.652370,4.050720,4.099281,4.142111
1.654015,4.051544,4.098453,4.142942
1.651548,4.053192,4.100937,4.145436
1.647438,4.064730,4.111702,4.157071
1.646616,4.063906,4.110874,4.155409
1.649082,4.063906,4.110874,4.156240
1.649904,4.063082,4.108390,4.156240
1.648260,4.063082,4.110046,4.155409
1.649082,4.062258,4.108390,4.155409
1.648260,4.066379,4.113359,4.160395
1.644149,4.076268,4.121640,4.170368
1.643327,4.075444,4.120812,4.170368
1.642505,4.075444,4.121640,4.168706
1.641683,4.075444,4.119984,4.169537
1.643327,4.074620,4.121640,4.169537
1.644971,4.074620,4.120812,4.167875
1.645793,4.073796,4.120812,4.167044
1.644971,4.076268,4.123296,4.171199
1.640861,4.086982,4.130749,4.182003
1.642505,4.085334,4.131577,4.180341
1.640861,4.085334,4.134061,4.180341
1.638394,4.099345,4.144827,4.194469
1.639216,4.097696,4.143171,4.192807
1.640038,4.096048,4.142343,4.192807
1.636750,4.095224,4.140686,4.194469
1.636750,4.095224,4.140686,4.192807
1.635928,4.104290,4.150624,4.202780
1.634284,4.108410,4.153936,4.206104
1.630995,4.107586,4.153108,4.205273
1.631817,4.107586,4.153108,4.205273
1.632639,4.108410,4.153108,4.204442
1.635106,4.106762,4.153108,4.205273
1.631817,4.116652,4.160561,4.215246
1.629351,4.118300,4.164702,4.217739
1.630995,4.116652,4.163873,4.216908
1.630995,4.116652,4.163045,4.216908
1.631817,4.118300,4.163045,4.216908
1.630995,4.117476,4.163045,4.216908
1.629351,4.121597,4.167186,4.221894
1.628529,4.129014,4.176295,4.230205
1.628529,4.127366,4.173811,4.230205
1.628529,4.127366,4.173811,4.229374
1.627706,4.126542,4.172983,4.229374
1.629351,4.129014,4.174639,4.229374
1.627706,4.129014,4.172983,4.229374
1.628529,4.126542,4.175467,4.230205
1.626062,4.138904,4.184576,4.241840
1.625240,4.138080,4.184576,4.241840
1.624418,4.137256,4.183748,4.241009
1.625240,4.137256,4.184576,4.241840
1.625240,4.135608,4.181264,4.239347
1.626062,4.138080,4.184576,4.241009
1.626062,4.137256,4.183748,4.242671
1.624418,4.137256,4.184576,4.241840
1.625240,4.138080,4.183748,4.242671
1.626062,4.136432,4.184576,4.242671
1.626884,4.136432,4.182092,4.240178
1.626884,4.136432,4.184576,4.241840
1.627706,4.138080,4.186232,4.242671
1.625240,4.136432,4.184576,4.241009
1.625240,4.136432,4.184576,4.241840
1.624418,4.136432,4.185404,4.241009
1.626884,4.136432,4.182920,4.241840
1.630173,4.136432,4.185404,4.241009
1.630173,4.138080,4.185404,4.242671
1.627706,4.137256,4.184576,4.241840
1.627706,4.136432,4.182920,4.241009
1.626062,4.136432,4.183748,4.242671
1.626062,4.137256,4.185404,4.242671
1.625240,4.137256,4.183748,4.242671
1.623596,4.136432,4.184576,4.241009
1.624418,4.137256,4.184576,4.241840
1.626884,4.136432,4.183748,4.241840
1.626062,4.137256,4.184576,4.241840
1.626062,4.137256,4.184576,4.243502
1.626062,4.138080,4.185404,4.241840
1.624418,4.137256,4.184576,4.241840
1.623596,4.137256,4.183748,4.241009
1.625240,4.138904,4.187060,4.241009
1.625240,4.138080,4.184576,4.242671
1.625240,4.138904,4.186232,4.242671
1.625240,4.136432,4.182920,4.241840
1.628529,4.127366,4.174639,4.230205
1.628529,4.128190,4.175467,4.230205
1.629351,4.129014,4.175467,4.231036
1.626884,4.128190,4.175467,4.230205
1.628529,4.129014,4.175467,4.231867
1.628529,4.128190,4.174639,4.231867
1.628529,4.127366,4.175467,4.230205
1.626062,4.129014,4.175467,4.231867
1.626884,4.127366,4.174639,4.230205
1.627706,4.128190,4.175467,4.231036
1.630995,4.127366,4.175467,4.231036
1.630995,4.127366,4.174639,4.231867
1.630173,4.128190,4.175467,4.230205
1.630173,4.126542,4.175467,4.231867
1.629351,4.127366,4.176295,4.233529
1.626884,4.126542,4.176295,4.231036
1.630173,4.128190,4.177123,4.231867
1.629351,4.128190,4.177123,4.231036
1.630995,4.126542,4.174639,4.231867
1.629351,4.129014,4.175467,4.231036
1.629351,4.129014,4.176295,4.231036
1.627706,4.127366,4.176295,4.231867
1.628529,4.129014,4.176295,4.231036
1.627706,4.128190,4.176295,4.231036
1.630173,4.127366,4.174639,4.231036
1.630173,4.127366,4.176295,4.231036
1.629351,4.129014,4.176295,4.231867
1.630173,4.127366,4.175467,4.232698
1.631817,4.128190,4.176295,4.231867
1.629351,4.126542,4.175467,4.231036
1.628529,4.128190,4.175467,4.231036
1.631817,4.119124,4.166358,4.221063
1.631817,4.119124,4.165530,4.220232
1.630995,4.116652,4.166358,4.219401
1.635106,4.108410,4.154764,4.208597
1.637572,4.107586,4.153936,4.207766
1.640038,4.107586,4.154764,4.207766
1.639216,4.108410,4.155592,4.207766
1.636750,4.107586,4.153936,4.206935
1.634284,4.106762,4.153936,4.206104
1.635928,4.107586,4.153108,4.207766
1.638394,4.101817,4.145655,4.197793
1.639216,4.098521,4.143171,4.194469
1.641683,4.096872,4.142343,4.195300
1.639216,4.098521,4.143999,4.194469
1.639216,4.098521,4.141514,4.194469
1.640861,4.097696,4.142343,4.195300
1.641683,4.098521,4.143999,4.195300
1.640038,4.096872,4.143999,4.195300
1.640861,4.089455,4.136546,4.187820
1.644149,4.086158,4.133233,4.182834
1.644971,4.086158,4.134890,4.182834
1.645793,4.087807,4.134061,4.182834
1.644149,4.087807,4.134061,4.182834
1.642505,4.086982,4.133233,4.182003
1.641683,4.087807,4.134061,4.182834
1.640861,4.086982,4.133233,4.181172
1.640861,4.087807,4.133233,4.182003
1.642505,4.084510,4.130749,4.180341
1.644971,4.075444,4.120812,4.168706
1.648260,4.077917,4.124124,4.169537
1.647438,4.077917,4.123296,4.170368
1.649082,4.068027,4.113359,4.160395
1.654015,4.064730,4.111702,4.157902
1.652370,4.064730,4.110874,4.156240
1.656481,4.055665,4.103421,4.149591
1.657303,4.053192,4.100109,4.145436
1.656481,4.054016,4.099281,4.144605
1.656481,4.053192,4.100937,4.145436
1.654837,4.053192,4.097625,4.144605
1.657303,4.041654,4.086859,4.131307
1.657303,4.040830,4.086859,4.131307
1.658948,4.043302,4.088515,4.133801
1.658948,4.041654,4.087687,4.132139
1.660592,4.037533,4.084375,4.129645
1.663058,4.027643,4.073609,4.118841
1.662236,4.029292,4.074438,4.119672
1.662236,4.029292,4.073609,4.118841
1.663880,4.027643,4.075266,4.120504
1.663880,4.028467,4.075266,4.119672
1.666347,4.015281,4.061188,4.105544
1.668813,4.015281,4.062016,4.105544
1.668813,4.016105,4.063672,4.105544
1.665525,4.014457,4.061188,4.105544
1.664703,4.014457,4.061188,4.104713
1.664703,4.007864,4.055391,4.098065
1.669635,3.999622,4.046282,4.088092
1.670457,4.000446,4.048766,4.088092
1.671280,4.000446,4.047110,4.088923
1.671280,4.000446,4.047110,4.088923
1.670457,3.998798,4.045454,4.088092
1.670457,3.998798,4.044626,4.088923
1.670457,3.990556,4.037173,4.078119
1.672102,3.982315,4.028891,4.068146
1.676212,3.982315,4.028063,4.067315
1.681145,3.963359,4.009017,4.044876
1.684434,3.960887,4.008189,4.044876
1.685256,3.960887,4.007361,4.043214
1.685256,3.961711,4.007361,4.043214
1.686900,3.961711,4.006533,4.042383
1.687722,3.946876,3.990798,4.024930
1.690189,3.936162,3.983345,4.016619
1.693477,3.938635,3.985002,4.017451
1.692655,3.936986,3.982517,4.014957
1.694299,3.936162,3.983345,4.015788
1.693477,3.936162,3.984174,4.015788
1.696766,3.918031,3.963471,3.992518
1.700876,3.910613,3.957674,3.985870
1.702521,3.909789,3.957674,3.985039
1.702521,3.909789,3.956018,3.985039
1.703343,3.909789,3.957674,3.985870
1.704165,3.910613,3.957674,3.986701
1.704165,3.909789,3.956018,3.985039
1.706631,3.904020,3.950221,3.979221
1.712386,3.883416,3.930346,3.953458
1.713208,3.882592,3.932003,3.954289
1.712386,3.885064,3.931174,3.954289
1.709920,3.882592,3.930346,3.954289
1.711564,3.883416,3.930346,3.953458
1.712386,3.882592,3.930346,3.954289
1.709920,3.883416,3.930346,3.952627
1.710742,3.882592,3.930346,3.952627
1.711564,3.883416,3.931174,3.952627
1.709098,3.883416,3.930346,3.953458
1.709098,3.882592,3.928690,3.952627
1.707454,3.881768,3.929518,3.953458
1.707454,3.882592,3.931174,3.952627
1.710742,3.882592,3.930346,3.952627
1.713208,3.882592,3.931174,3.953458
1.711564,3.882592,3.931174,3.952627
1.716497,3.862812,3.911300,3.930188
1.718963,3.856219,3.904675,3.921046
1.718963,3.855395,3.903847,3.920215
1.719786,3.855395,3.903847,3.921046
1.718141,3.854571,3.902191,3.921046
1.719786,3.855395,3.903847,3.921046
1.719786,3.855395,3.903019,3.921046
1.719786,3.856219,3.903847,3.921877
1.722252,3.854571,3.903019,3.920215
1.720608,3.854571,3.903847,3.920215
1.718963,3.854571,3.903019,3.920215
1.719786,3.853747,3.902191,3.920215
1.720608,3.855395,3.902191,3.920215
1.718963,3.855395,3.901363,3.921046
1.718141,3.853747,3.900534,3.920215
1.717319,3.853747,3.903019,3.920215
1.717319,3.855395,3.903019,3.920215
1.716497,3.854571,3.903019,3.920215
1.718141,3.854571,3.902191,3.920215
1.718963,3.855395,3.903019,3.920215
1.717319,3.865285,3.915440,3.932681
1.707454,3.880944,3.929518,3.951796
1.704987,3.880120,3.927862,3.950134
1.708276,3.880120,3.928690,3.950134
1.710742,3.881768,3.928690,3.950965
1.710742,3.881768,3.929518,3.950965
1.706631,3.879295,3.929518,3.950134
1.709098,3.881768,3.928690,3.950134
1.709920,3.887537,3.936143,3.959275
1.704165,3.905668,3.954362,3.980883
1.699232,3.905668,3.952705,3.980883
1.700876,3.908141,3.953533,3.980052
1.704165,3.907317,3.953533,3.980052
1.702521,3.905668,3.953533,3.980052
1.702521,3.905668,3.953533,3.980883
1.702521,3.907317,3.952705,3.980052
1.702521,3.906493,3.953533,3.981714
1.701699,3.907317,3.953533,3.980883
1.701699,3.906493,3.952705,3.980883
1.702521,3.906493,3.953533,3.980883
1.699232,3.915558,3.964299,3.993349
1.694299,3.931217,3.978377,4.011633
1.695122,3.932041,3.978377,4.012464
1.693477,3.933690,3.978377,4.009971
1.692655,3.931217,3.979205,4.010802
1.690189,3.931217,3.979205,4.009971
1.691833,3.932041,3.977549,4.009971
1.693477,3.932041,3.979205,4.009140
1.695122,3.931217,3.978377,4.010802
1.693477,3.932041,3.978377,4.010802
1.693477,3.931217,3.977549,4.009971
1.691833,3.932041,3.979205,4.009140
1.692655,3.933690,3.978377,4.009140
1.690189,3.931217,3.978377,4.009971
1.690189,3.932041,3.978377,4.009140
1.690189,3.933690,3.977549,4.009140
1.689367,3.932041,3.979205,4.009140
1.686900,3.950997,3.998251,4.031579
1.683612,3.954294,3.999908,4.037396
1.685256,3.956766,4.004876,4.037396
1.681145,3.974897,4.021438,4.059835
1.678679,3.976546,4.021438,4.059835
1.677035,3.974897,4.022267,4.059004
1.677857,3.975722,4.021438,4.059004
1.678679,3.977370,4.023923,4.060666
1.678679,3.977370,4.023095,4.059835
1.677035,3.976546,4.023095,4.061497
1.672102,3.992205,4.039657,4.081443
1.672924,3.994677,4.041313,4.082274
1.672924,3.994677,4.041313,4.081443
1.672102,3.994677,4.041313,4.081443
1.672924,3.995501,4.041313,4.082274
1.672102,3.993853,4.042141,4.083936
1.670457,3.994677,4.041313,4.083105
1.669635,3.994677,4.040485,4.082274
1.670457,3.997974,4.043797,4.086430
1.667169,4.010336,4.060360,4.101389
1.667169,4.010336,4.056219,4.099727
1.666347,4.009512,4.057875,4.099727
1.665525,4.011160,4.058703,4.100558
1.664703,4.011984,4.058703,4.099727
1.664703,4.011160,4.056219,4.100558
1.664703,4.010336,4.057047,4.100558
1.664703,4.011160,4.056219,4.099727
1.665525,4.011984,4.059532,4.099727
1.664703,4.011160,4.059532,4.098896
1.667169,4.011984,4.058703,4.099727
1.663058,4.012808,4.057875,4.101389
1.661414,4.027643,4.075266,4.115517
1.657303,4.040830,4.087687,4.131307
1.654837,4.039181,4.086031,4.130476
1.653193,4.040006,4.086031,4.130476
1.654837,4.040006,4.086031,4.129645
1.654837,4.039181,4.086859,4.130476
1.653193,4.051544,4.099281,4.143774
1.653193,4.053192,4.096796,4.142942
1.649904,4.050720,4.097625,4.143774
1.651548,4.051544,4.098453,4.143774
1.652370,4.050720,4.099281,4.142942
1.653193,4.056489,4.104249,4.149591
1.651548,4.063082,4.111702,4.156240
1.650726,4.063082,4.110046,4.156240
1.650726,4.063082,4.110046,4.157071
1.649904,4.063082,4.110874,4.155409
1.648260,4.063082,4.110046,4.154577
1.648260,4.064730,4.112531,4.158733
1.647438,4.075444,4.123296,4.170368
1.644971,4.075444,4.121640,4.170368
1.646616,4.075444,4.119155,4.168706
1.646616,4.072972,4.119984,4.169537
1.645793,4.074620,4.120812,4.168706
1.644971,4.074620,4.120812,4.168706
1.644971,4.075444,4.120812,4.169537
1.641683,4.086982,4.132405,4.182003
1.640038,4.088631,4.133233,4.182003
1.640038,4.086158,4.131577,4.180341
1.644149,4.086158,4.132405,4.182003
1.644149,4.086158,4.131577,4.181172
1.643327,4.086158,4.130749,4.180341
1.643327,4.091103,4.135718,4.186158
1.638394,4.097696,4.142343,4.194469
1.636750,4.097696,4.141514,4.192807
1.637572,4.098521,4.142343,4.193638
1.635106,4.101817,4.145655,4.198624
1.634284,4.106762,4.153108,4.206104
1.635106,4.107586,4.152280,4.205273
1.635106,4.106762,4.151452,4.203611
1.635106,4.105938,4.150624,4.204442
1.634284,4.107586,4.152280,4.205273
1.634284,4.116652,4.160561,4.217739
1.631817,4.117476,4.163045,4.219401
1.630173,4.116652,4.162217,4.218570
1.629351,4.119124,4.162217,4.218570
1.630995,4.118300,4.163873,4.217739
1.630173,4.117476,4.160561,4.217739
1.632639,4.120773,4.164702,4.221063
1.631817,4.126542,4.174639,4.231036
1.630173,4.129014,4.174639,4.228543
1.630173,4.129014,4.174639,4.229374
1.626884,4.127366,4.174639,4.228543
1.626062,4.129014,4.174639,4.230205
1.626062,4.129014,4.174639,4.231036
1.625240,4.131487,4.177951,4.234360
1.625240,4.138904,4.185404,4.242671
1.622774,4.137256,4.182920,4.241009
1.624418,4.138080,4.183748,4.242671
1.626062,4.137256,4.182920,4.241009
1.623596,4.138080,4.182920,4.242671
1.621952,4.138904,4.183748,4.241009
1.622774,4.137256,4.182920,4.241840
1.624418,4.137256,4.182092,4.239347
1.627706,4.133135,4.177123,4.234360
1.624418,4.138904,4.184576,4.242671
1.625240,4.137256,4.182920,4.241840
1.623596,4.139728,4.182920,4.241840
1.622774,4.138904,4.182920,4.241840
1.621952,4.138080,4.183748,4.241840
1.623596,4.138080,4.183748,4.240178
1.624418,4.138904,4.185404,4.241009
1.623596,4.137256,4.183748,4.241840
1.621129,4.139728,4.183748,4.241840
1.622774,4.136432,4.183748,4.241840
1.625240,4.138080,4.182920,4.241009
1.623596,4.137256,4.183748,4.241840
1.624418,4.137256,4.183748,4.243502
1.622774,4.137256,4.184576,4.241840
1.625240,4.137256,4.184576,4.241009
1.622774,4.137256,4.184576,4.241840
1.621129,4.138080,4.184576,4.241840
1.624418,4.138904,4.183748,4.241840
1.625240,4.138080,4.183748,4.241840
1.626062,4.138904,4.184576,4.241840
1.626884,4.138080,4.182920,4.242671
1.625240,4.138080,4.183748,4.241840
1.626884,4.138904,4.183748,4.240178
1.625240,4.138080,4.183748,4.241840
1.627706,4.138904,4.183748,4.241009
1.626884,4.138080,4.183748,4.241840
1.624418,4.138080,4.183748,4.242671
1.626062,4.138080,4.183748,4.242671
1.625240,4.137256,4.183748,4.241840
1.626062,4.138904,4.183748,4.241840
1.625240,4.129014,4.172983,4.230205
1.626884,4.128190,4.173811,4.229374
1.629351,4.129014,4.175467,4.230205
1.630173,4.129014,4.174639,4.231867
1.630995,4.128190,4.174639,4.231036
1.628529,4.129014,4.174639,4.229374
1.630995,4.129838,4.174639,4.231867
1.632639,4.127366,4.172983,4.231036
1.633461,4.128190,4.174639,4.230205
1.629351,4.129838,4.175467,4.230205
1.627706,4.128190,4.173811,4.231036
1.629351,4.129838,4.175467,4.230205
1.629351,4.129838,4.175467,4.232698
1.627706,4.129014,4.174639,4.231036
1.630173,4.129838,4.172983,4.231036
1.630995,4.129014,4.172983,4.230205
1.630995,4.129014,4.175467,4.231867
1.629351,4.128190,4.173811,4.229374
1.628529,4.129838,4.174639,4.231867
1.626884,4.129014,4.174639,4.230205
1.628529,4.130663,4.176295,4.231867
1.630995,4.130663,4.175467,4.232698
1.630995,4.129014,4.174639,4.231036
1.627706,4.129838,4.175467,4.232698
1.630995,4.121597,4.167186,4.221894
1.631817,4.119949,4.164702,4.217739
1.631817,4.119949,4.164702,4.218570
1.635106,4.120773,4.164702,4.220232
1.635928,4.119949,4.163873,4.217739
1.635928,4.119949,4.165530,4.219401
1.634284,4.118300,4.164702,4.220232
1.637572,4.110883,4.155592,4.208597
1.636750,4.107586,4.154764,4.207766
1.637572,4.108410,4.154764,4.206935
1.635106,4.107586,4.153108,4.206935
1.634284,4.110883,4.153936,4.206935
1.636750,4.109235,4.153936,4.206935
1.635106,4.105938,4.148967,4.201949
1.639216,4.098521,4.143171,4.194469
1.637572,4.100169,4.142343,4.195300
1.638394,4.099345,4.142343,4.196131
1.640038,4.097696,4.143999,4.195300
1.640038,4.096872,4.142343,4.195300
1.638394,4.099345,4.143999,4.195300
1.639216,4.096048,4.140686,4.192807
1.644971,4.086982,4.130749,4.181172
1.645793,4.087807,4.132405,4.182003
1.644971,4.088631,4.133233,4.183665
1.644149,4.088631,4.131577,4.182003
1.643327,4.088631,4.132405,4.182003
1.643327,4.086982,4.132405,4.182834
1.640861,4.087807,4.133233,4.182003
1.642505,4.084510,4.128265,4.177848
1.644971,4.076268,4.121640,4.167044
1.646616,4.076268,4.124124,4.169537
1.645793,4.077093,4.123296,4.171199
1.645793,4.077917,4.123296,4.171199
1.647438,4.077093,4.123296,4.170368
1.646616,4.077917,4.123296,4.171199
1.645793,4.077093,4.122468,4.170368
1.648260,4.077093,4.122468,4.170368
1.646616,4.077093,4.122468,4.169537
1.651548,4.061434,4.106734,4.152915
1.653193,4.051544,4.098453,4.143774
1.654015,4.054016,4.100937,4.145436
1.654015,4.052368,4.100937,4.145436
1.654015,4.052368,4.100109,4.145436
1.658125,4.042478,4.086859,4.132139
1.658125,4.039181,4.086859,4.132970
1.657303,4.042478,4.088515,4.132970
1.656481,4.041654,4.087687,4.132970
1.658948,4.031764,4.078578,4.124659
1.661414,4.026819,4.075266,4.120504
1.661414,4.028467,4.075266,4.120504
1.663880,4.030116,4.075266,4.121335
1.663058,4.027643,4.074438,4.120504
1.663880,4.020226,4.067813,4.109700
1.668813,4.015281,4.062844,4.104713
1.667169,4.014457,4.062844,4.104713
1.667991,4.016105,4.062016,4.106375
1.667991,4.015281,4.063672,4.105544
1.667991,4.010336,4.057875,4.100558
1.672924,3.999622,4.047110,4.088092
1.672102,3.999622,4.047110,4.088923
1.672102,3.999622,4.047110,4.088092
1.671280,3.999622,4.047110,4.088092
1.673746,3.999622,4.047938,4.087261
1.674568,3.994677,4.040485,4.080612
1.677857,3.982315,4.028063,4.068146
1.679501,3.982315,4.029720,4.068146
1.679501,3.981491,4.029720,4.067315
1.680323,3.982315,4.029720,4.068146
1.676212,3.980666,4.029720,4.065653
1.680323,3.974073,4.021438,4.059004
1.686078,3.961711,4.009017,4.042383
1.685256,3.960887,4.009017,4.043214
1.684434,3.959238,4.008189,4.042383
1.688544,3.946052,3.990798,4.024930
1.693477,3.936162,3.984174,4.015788
1.691011,3.936162,3.983345,4.015788
1.691011,3.936162,3.983345,4.014957
1.690189,3.936162,3.985002,4.015788
1.692655,3.936162,3.983345,4.014957
1.697588,3.916382,3.965127,3.994180
1.700876,3.910613,3.957674,3.983377
1.700876,3.909789,3.957674,3.985039
1.703343,3.908965,3.957674,3.985039
1.702521,3.911437,3.956018,3.984208
1.702521,3.909789,3.956846,3.984208
1.700054,3.908965,3.956846,3.983377
1.703343,3.895779,3.941940,3.968417
1.709098,3.883416,3.932003,3.953458
1.710742,3.882592,3.931174,3.953458
1.707454,3.883416,3.930346,3.952627
1.710742,3.881768,3.932003,3.952627
1.710742,3.884240,3.932003,3.953458
1.709920,3.883416,3.932003,3.953458
1.707454,3.882592,3.932003,3.953458
1.706631,3.881768,3.932003,3.952627
1.706631,3.883416,3.930346,3.953458
1.708276,3.882592,3.929518,3.952627
1.708276,3.882592,3.931174,3.953458
1.712386,3.865285,3.912128,3.931019
1.717319,3.855395,3.903019,3.921877
1.718963,3.857867,3.907987,3.925201
1.709920,3.883416,3.930346,3.953458
1.709098,3.880120,3.929518,3.950965
1.717319,3.857043,3.903847,3.921877
1.719786,3.854571,3.904675,3.920215
1.718963,3.854571,3.903847,3.920215
1.720608,3.854571,3.904675,3.920215
1.718963,3.853747,3.903019,3.921046
1.717319,3.854571,3.902191,3.921046
1.718141,3.855395,3.903019,3.921046
1.719786,3.852098,3.903847,3.921046
1.716497,3.869406,3.919581,3.938499
1.712386,3.880944,3.930346,3.952627
1.711564,3.881768,3.930346,3.951796
1.710742,3.881768,3.928690,3.950965
1.708276,3.882592,3.931174,3.950965
1.711564,3.881768,3.929518,3.950965
1.712386,3.880120,3.928690,3.950134
1.711564,3.881768,3.928690,3.950965
1.710742,3.880944,3.929518,3.950134
1.711564,3.880944,3.928690,3.950134
1.712386,3.880120,3.928690,3.950134
1.710742,3.880944,3.928690,3.950134
1.710742,3.880944,3.929518,3.949303
1.709920,3.880944,3.928690,3.950134
1.711564,3.879295,3.928690,3.950134
1.709920,3.880120,3.928690,3.950965
1.708276,3.881768,3.928690,3.950134
1.709098,3.880120,3.930346,3.950134
1.707454,3.880944,3.929518,3.950965
1.709920,3.880120,3.928690,3.950134
1.709098,3.880944,3.927862,3.949303
1.711564,3.880944,3.927862,3.950965
1.709098,3.880120,3.929518,3.950965
1.706631,3.891658,3.941112,3.964262
1.700876,3.905668,3.954362,3.979221
1.700876,3.905668,3.954362,3.980052
1.700876,3.904844,3.952705,3.980052
1.700054,3.906493,3.953533,3.980883
1.700054,3.906493,3.952705,3.980052
1.700054,3.904844,3.951877,3.979221
1.702521,3.905668,3.954362,3.981714
1.699232,3.905668,3.952705,3.980883
1.701699,3.904844,3.953533,3.980052
1.701699,3.905668,3.953533,3.980883
1.702521,3.906493,3.954362,3.980052
1.700876,3.908141,3.956018,3.983377
1.693477,3.931217,3.978377,4.009971
1.692655,3.930393,3.977549,4.009971
1.691011,3.931217,3.978377,4.011633
1.691011,3.932041,3.978377,4.010802
1.689367,3.930393,3.978377,4.009140
1.691011,3.932041,3.978377,4.010802
1.692655,3.931217,3.978377,4.010802
1.691011,3.931217,3.978377,4.009971
1.691011,3.931217,3.979205,4.009140
1.689367,3.931217,3.978377,4.009971
1.691011,3.932041,3.978377,4.009140
1.691011,3.931217,3.978377,4.009140
1.692655,3.931217,3.977549,4.009140
1.692655,3.931217,3.977549,4.009140
1.692655,3.931217,3.977549,4.008309
1.692655,3.932041,3.977549,4.008309
1.688544,3.946876,3.996595,4.030748
1.683612,3.967480,4.013157,4.049862
1.676212,3.975722,4.022267,4.061497
1.675390,3.974897,4.021438,4.061497
1.677857,3.977370,4.023923,4.060666
1.675390,3.974897,4.021438,4.060666
1.675390,3.975722,4.023095,4.060666
1.677035,3.981491,4.029720,4.067315
1.672102,3.993853,4.041313,4.082274
1.669635,3.994677,4.040485,4.083105
1.670457,3.993853,4.040485,4.082274
1.672924,3.996325,4.040485,4.082274
1.672102,3.996325,4.040485,4.083105
1.669635,3.995501,4.040485,4.082274
1.670457,3.993853,4.041313,4.082274
1.667991,4.007864,4.057047,4.098065
1.666347,4.009512,4.057875,4.099727
1.664703,4.008688,4.056219,4.098896
1.668813,4.009512,4.057875,4.099727
1.665525,4.010336,4.057875,4.099727
1.667991,4.010336,4.057047,4.100558
1.666347,4.009512,4.059532,4.099727
1.669635,4.010336,4.057047,4.100558
1.666347,4.010336,4.057875,4.100558
1.664703,4.018578,4.066156,4.108037
1.661414,4.026819,4.072781,4.117179
1.660592,4.024347,4.071953,4.116348
1.658125,4.025171,4.071125,4.114686
1.661414,4.025995,4.074438,4.117179
1.661414,4.025171,4.071953,4.114686
1.662236,4.025171,4.071953,4.115517
1.660592,4.031764,4.081062,4.125490
1.656481,4.039181,4.086031,4.130476
1.654015,4.037533,4.083547,4.128814
1.657303,4.045775,4.093484,4.136294
1.651548,4.051544,4.100109,4.143774
1.651548,4.051544,4.097625,4.142942
1.652370,4.049895,4.099281,4.142942
1.651548,4.050720,4.098453,4.141280
1.654015,4.053192,4.099281,4.145436
1.648260,4.063906,4.111702,4.157071
1.648260,4.063906,4.110046,4.156240
1.647438,4.064730,4.110046,4.154577
1.648260,4.063906,4.110874,4.154577
1.647438,4.064730,4.109218,4.156240
1.646616,4.064730,4.112531,4.157071
1.644971,4.075444,4.120812,4.171199
1.644971,4.074620,4.121640,4.167875
1.644149,4.074620,4.120812,4.168706
1.644149,4.074620,4.120812,4.168706
1.643327,4.073796,4.121640,4.167875
1.643327,4.073796,4.120812,4.168706
1.642505,4.083686,4.129921,4.177848
1.640861,4.085334,4.131577,4.181172
1.642505,4.086158,4.131577,4.182003
1.643327,4.084510,4.132405,4.179510
1.641683,4.086982,4.131577,4.180341
1.643327,4.085334,4.132405,4.180341
1.643327,4.086982,4.132405,4.181172
1.642505,4.089455,4.134061,4.184496
1.640038,4.097696,4.143999,4.192807
1.640038,4.096872,4.143171,4.192807
1.640038,4.096048,4.141514,4.191976
1.640038,4.096872,4.144827,4.195300
1.635106,4.108410,4.154764,4.206935
1.635106,4.105938,4.152280,4.205273
1.637572,4.106762,4.153936,4.204442
1.635928,4.106762,4.152280,4.202780
1.636750,4.106762,4.153108,4.204442
1.637572,4.114180,4.159733,4.211922
1.633461,4.118300,4.163873,4.217739
1.633461,4.118300,4.163045,4.217739
1.630995,4.118300,4.163873,4.217739
1.632639,4.119124,4.163045,4.216908
1.632639,4.118300,4.164702,4.216077
1.631817,4.121597,4.166358,4.221894
1.628529,4.130663,4.175467,4.231036
1.630173,4.129014,4.173811,4.228543
1.632639,4.129014,4.174639,4.231036
1.629351,4.127366,4.174639,4.229374
1.626884,4.127366,4.172983,4.230205
1.628529,4.129014,4.173811,4.230205
1.628529,4.129014,4.174639,4.230205
1.626884,4.137256,4.185404,4.241009
1.626062,4.138080,4.182920,4.241009
1.627706,4.137256,4.182920,4.241009
1.624418,4.138080,4.184576,4.239347
1.624418,4.138080,4.182920,4.240178
1.625240,4.140553,4.182920,4.241009
1.625240,4.138904,4.182920,4.241840
1.625240,4.138080,4.182920,4.241840
1.625240,4.138904,4.182920,4.241840
1.624418,4.139728,4.184576,4.240178
1.625240,4.137256,4.180436,4.240178
1.628529,4.128190,4.174639,4.230205
1.630995,4.133959,4.177123,4.232698
1.626062,4.138904,4.184576,4.242671
1.625240,4.137256,4.184576,4.240178
1.626062,4.139728,4.185404,4.242671
1.626062,4.138080,4.184576,4.242671
1.627706,4.138080,4.185404,4.241009
1.627706,4.138904,4.184576,4.241840
1.625240,4.138080,4.182920,4.241009
1.625240,4.138080,4.184576,4.241840
1.626884,4.138904,4.184576,4.241840
1.630173,4.138904,4.185404,4.243502
1.627706,4.137256,4.184576,4.241840
1.624418,4.137256,4.185404,4.240178
1.626062,4.138904,4.184576,4.242671
1.625240,4.136432,4.184576,4.241009
1.627706,4.138080,4.183748,4.242671
1.625240,4.138080,4.184576,4.241009
1.626884,4.139728,4.185404,4.240178
1.625240,4.138904,4.185404,4.242671
1.624418,4.138080,4.185404,4.241840
1.627706,4.137256,4.184576,4.241009
1.627706,4.138080,4.185404,4.242671
1.625240,4.137256,4.185404,4.243502
1.625240,4.138080,4.183748,4.240178
1.626062,4.138080,4.185404,4.242671
1.627706,4.138080,4.184576,4.242671
1.625240,4.137256,4.186232,4.241840
1.625240,4.138080,4.184576,4.242671
1.625240,4.139728,4.185404,4.241009
1.625240,4.138080,4.185404,4.240178
1.628529,4.130663,4.175467,4.231036
1.627706,4.128190,4.175467,4.231867
1.626062,4.129838,4.175467,4.230205
1.629351,4.129838,4.175467,4.230205
1.627706,4.129014,4.175467,4.230205
1.629351,4.128190,4.175467,4.231036
1.626884,4.129014,4.175467,4.230205
1.631817,4.129014,4.175467,4.231867
1.629351,4.123245,4.169670,4.224388
1.634284,4.119949,4.164702,4.220232
1.635928,4.118300,4.165530,4.219401
1.634284,4.119124,4.163873,4.219401
1.633461,4.118300,4.163873,4.218570
1.635106,4.117476,4.163873,4.218570
1.632639,4.118300,4.163873,4.219401
1.632639,4.119124,4.164702,4.219401
1.634284,4.119124,4.165530,4.219401
1.634284,4.119949,4.164702,4.220232
1.635106,4.118300,4.164702,4.218570
1.635106,4.119949,4.163873,4.219401
1.635106,4.120773,4.163873,4.219401
1.635106,4.119124,4.163873,4.219401
1.635928,4.118300,4.163045,4.218570
1.635106,4.119124,4.164702,4.218570
1.634284,4.119124,4.164702,4.218570
1.635928,4.118300,4.163873,4.217739
1.632639,4.119124,4.164702,4.218570
1.632639,4.119124,4.163873,4.220232
1.634284,4.119124,4.164702,4.219401
1.634284,4.119124,4.164702,4.218570
1.634284,4.118300,4.164702,4.221063
1.635928,4.112531,4.155592,4.211090
1.637572,4.109235,4.153108,4.205273
1.640861,4.107586,4.152280,4.206935
1.640038,4.108410,4.153108,4.206935
1.639216,4.099345,4.143999,4.196131
1.639216,4.097696,4.141514,4.192807
1.640861,4.097696,4.142343,4.194469
1.640038,4.098521,4.142343,4.194469
1.641683,4.098521,4.143171,4.193638
1.641683,4.098521,4.142343,4.195300
1.643327,4.092752,4.137374,4.187820
1.645793,4.086982,4.131577,4.182003
1.644971,4.088631,4.133233,4.182003
1.644149,4.089455,4.134061,4.182834
1.642505,4.087807,4.133233,4.182003
1.644149,4.089455,4.131577,4.182003
1.645793,4.087807,4.134061,4.182834
1.644149,4.085334,4.129921,4.177848
1.649904,4.076268,4.121640,4.170368
1.649904,4.077093,4.123296,4.169537
1.645793,4.075444,4.122468,4.169537
1.648260,4.075444,4.121640,4.168706
1.649082,4.077093,4.124124,4.170368
1.651548,4.076268,4.123296,4.171199
1.647438,4.076268,4.122468,4.170368
1.650726,4.070499,4.115015,4.162888
1.652370,4.064730,4.110874,4.156240
1.651548,4.063906,4.111702,4.156240
1.651548,4.064730,4.112531,4.156240
1.652370,4.064730,4.113359,4.157071
1.650726,4.063082,4.111702,4.157071
1.650726,4.061434,4.107562,4.152084
1.652370,4.052368,4.098453,4.143774
1.654837,4.042478,4.091000,4.135463
1.658125,4.040830,4.088515,4.132139
1.658948,4.041654,4.088515,4.131307
1.660592,4.039181,4.086859,4.130476
1.662236,4.035061,4.083547,4.127983
1.663058,4.027643,4.075266,4.118841
1.663058,4.026819,4.075266,4.118010
1.662236,4.028467,4.076922,4.119672
1.663058,4.028467,4.075266,4.118841
1.663880,4.019402,4.066156,4.109700
1.666347,4.013633,4.062016,4.104713
1.664703,4.015281,4.062844,4.104713
1.665525,4.014457,4.062844,4.104713
1.665525,4.013633,4.062016,4.103882
1.667169,4.006215,4.052079,4.095571
1.672102,4.000446,4.047110,4.088923
1.672924,3.998798,4.048766,4.088923
1.672924,4.001270,4.047938,4.088092
1.672102,3.999622,4.048766,4.087261
1.669635,3.998798,4.046282,4.088923
1.674568,3.983963,4.028891,4.068977
1.675390,3.982315,4.028891,4.068146
1.677035,3.982315,4.029720,4.068146
1.678679,3.982315,4.027235,4.068146
1.678679,3.981491,4.028063,4.067315
1.680323,3.982315,4.030548,4.068146
1.679501,3.971601,4.018954,4.057342
1.684434,3.960887,4.006533,4.043214
1.684434,3.960887,4.006533,4.044045
1.684434,3.960887,4.007361,4.042383
1.686078,3.952645,3.999080,4.032410
1.692655,3.936162,3.983345,4.014957
1.691011,3.936162,3.984174,4.014957
1.691833,3.936162,3.983345,4.015788
1.695944,3.936162,3.984174,4.014957
1.694299,3.935338,3.983345,4.014957
1.696766,3.926272,3.971752,4.001660
1.702521,3.909789,3.957674,3.984208
1.702521,3.909789,3.957674,3.984208
1.700054,3.910613,3.958502,3.985039
1.701699,3.908141,3.957674,3.984208
1.702521,3.909789,3.958502,3.984208
1.700876,3.908965,3.957674,3.983377
1.702521,3.902372,3.950221,3.976728
1.709920,3.882592,3.931174,3.952627
1.712386,3.884240,3.932831,3.951796
1.712386,3.882592,3.931174,3.952627
1.712386,3.883416,3.932003,3.952627
1.710742,3.882592,3.931174,3.953458
1.708276,3.884240,3.930346,3.951796
1.709098,3.883416,3.930346,3.951796
1.707454,3.883416,3.932003,3.951796
1.710742,3.882592,3.932003,3.953458
1.708276,3.882592,3.932003,3.952627
1.709920,3.884240,3.930346,3.952627
1.709098,3.874350,3.920409,3.940992
1.715675,3.855395,3.903847,3.921046
1.718963,3.856219,3.904675,3.921877
1.717319,3.855395,3.904675,3.918553
1.717319,3.856219,3.905503,3.920215
1.721430,3.856219,3.905503,3.920215
1.718963,3.855395,3.903847,3.919384
1.718141,3.856219,3.904675,3.920215
1.715675,3.869406,3.919581,3.937668
1.709920,3.882592,3.930346,3.950134
1.710742,3.882592,3.930346,3.950965
1.710742,3.881768,3.930346,3.950134
1.707454,3.881768,3.930346,3.949303
1.707454,3.882592,3.931174,3.950965
1.709098,3.880944,3.930346,3.949303
1.708276,3.880944,3.930346,3.950134
1.710742,3.880944,3.929518,3.948472
1.710742,3.882592,3.930346,3.950965
1.708276,3.882592,3.930346,3.949303
1.710742,3.880944,3.929518,3.951796
1.709920,3.880944,3.929518,3.950134
1.710742,3.881768,3.928690,3.950134
1.709920,3.881768,3.929518,3.949303
1.709920,3.882592,3.929518,3.949303
1.709098,3.880944,3.929518,3.950134
1.709098,3.881768,3.929518,3.949303
1.709920,3.880120,3.929518,3.948472
1.712386,3.880944,3.928690,3.950134
1.714031,3.881768,3.928690,3.950134
1.711564,3.881768,3.927862,3.949303
1.712386,3.881768,3.928690,3.949303
1.712386,3.880944,3.927862,3.949303
1.710742,3.882592,3.927862,3.949303
1.713208,3.881768,3.928690,3.950134
1.709920,3.880944,3.929518,3.949303
1.707454,3.881768,3.929518,3.949303
1.709098,3.880944,3.929518,3.948472
1.709920,3.881768,3.928690,3.950134
1.708276,3.888361,3.935315,3.956782
1.702521,3.907317,3.955190,3.979221
1.702521,3.906493,3.953533,3.980052
1.700876,3.906493,3.952705,3.979221
1.702521,3.907317,3.952705,3.981714
1.700054,3.906493,3.953533,3.979221
1.700054,3.906493,3.952705,3.980052
1.700876,3.907317,3.952705,3.980883
1.700054,3.905668,3.953533,3.980052
1.701699,3.904844,3.953533,3.980883
1.701699,3.906493,3.955190,3.984208
1.694299,3.930393,3.977549,4.008309
1.693477,3.930393,3.977549,4.010802
1.693477,3.932865,3.976721,4.008309
1.691833,3.932041,3.977549,4.009140
1.693477,3.931217,3.978377,4.008309
1.692655,3.931217,3.977549,4.009140
1.695944,3.932041,3.978377,4.008309
1.694299,3.932865,3.977549,4.009140
1.691833,3.932041,3.977549,4.008309
1.693477,3.932041,3.978377,4.008309
1.695122,3.932041,3.980033,4.009140
1.695944,3.932041,3.979205,4.008309
1.692655,3.931217,3.978377,4.008309
1.692655,3.931217,3.977549,4.007478
1.695944,3.931217,3.980861,4.009971
1.688544,3.955118,4.001564,4.034903
1.682789,3.955118,4.002392,4.034072
1.682789,3.954294,4.001564,4.035734
1.682789,3.954294,4.001564,4.035734
1.679501,3.967480,4.014814,4.050693
1.676212,3.975722,4.021438,4.059004
1.676212,3.975722,4.021438,4.059004
1.674568,3.976546,4.021438,4.061497
1.673746,3.977370,4.023095,4.061497
1.672102,3.994677,4.040485,4.081443
1.669635,3.995501,4.039657,4.080612
1.671280,3.995501,4.040485,4.081443
1.670457,3.995501,4.041313,4.082274
1.670457,3.996325,4.042141,4.082274
1.670457,3.994677,4.040485,4.081443
1.672102,4.003743,4.049594,4.089754
1.667169,4.011984,4.059532,4.099727
1.667169,4.010336,4.057047,4.099727
1.663880,4.011984,4.057875,4.099727
1.667169,4.010336,4.057875,4.100558
1.667169,4.011160,4.057875,4.098896
1.666347,4.011160,4.056219,4.099727
1.665525,4.011160,4.056219,4.099727
1.664703,4.015281,4.063672,4.105544
1.662236,4.025171,4.073609,4.117179
1.660592,4.025171,4.070297,4.116348
1.658125,4.025171,4.071953,4.117179
1.662236,4.024347,4.071125,4.115517
1.661414,4.024347,4.071953,4.114686
1.663880,4.025995,4.071125,4.114686
1.662236,4.025171,4.071953,4.116348
1.663058,4.025995,4.071125,4.114686
1.662236,4.025995,4.071953,4.114686
1.659770,4.025171,4.071953,4.116348
1.661414,4.027643,4.074438,4.118010
1.657303,4.041654,4.089344,4.132970
1.653193,4.052368,4.099281,4.144605
1.652370,4.052368,4.100109,4.145436
1.652370,4.052368,4.098453,4.143774
1.654837,4.051544,4.098453,4.142111
1.651548,4.051544,4.096796,4.142942
1.650726,4.063082,4.110046,4.156240
1.649082,4.063906,4.109218,4.156240
1.648260,4.063082,4.110046,4.157071
1.648260,4.063906,4.109218,4.156240
1.647438,4.063082,4.110874,4.157071
1.648260,4.065554,4.113359,4.160395
1.645793,4.076268,4.123296,4.170368
1.644149,4.075444,4.122468,4.168706
1.645793,4.075444,4.120812,4.167875
1.646616,4.075444,4.122468,4.170368
1.645793,4.074620,4.120812,4.168706
1.644149,4.077093,4.123296,4.172030
1.640861,4.086982,4.132405,4.182834
1.640861,4.086982,4.131577,4.180341
1.640861,4.086158,4.132405,4.182003
1.642505,4.086158,4.130749,4.181172
1.643327,4.086158,4.132405,4.181172
1.642505,4.086158,4.130749,4.179510
1.641683,4.093576,4.137374,4.186989
1.637572,4.097696,4.141514,4.192807
1.640038,4.096048,4.140686,4.191145
1.638394,4.096872,4.141514,4.191145
1.639216,4.097696,4.140686,4.191145
1.637572,4.096872,4.141514,4.191976
1.637572,4.097696,4.140686,4.191976
1.639216,4.097696,4.143171,4.195300
1.635106,4.109235,4.153108,4.206935
1.634284,4.107586,4.152280,4.203611
1.634284,4.107586,4.152280,4.204442
1.634284,4.108410,4.154764,4.206935
1.632639,4.118300,4.163045,4.218570
1.630995,4.116652,4.162217,4.216908
1.630995,4.118300,4.163045,4.216908
1.630995,4.117476,4.163045,4.217739
1.633461,4.117476,4.163045,4.215246
1.633461,4.117476,4.162217,4.217739
1.630173,4.127366,4.172983,4.228543
1.628529,4.128190,4.173811,4.228543
1.627706,4.127366,4.173811,4.228543
1.626884,4.127366,4.172983,4.228543
1.628529,4.128190,4.174639,4.229374
1.628529,4.127366,4.173811,4.229374
1.631817,4.128190,4.173811,4.230205
1.627706,4.138080,4.184576,4.242671
1.622774,4.138080,4.183748,4.241009
1.626884,4.137256,4.183748,4.242671
1.627706,4.137256,4.184576,4.242671
1.626062,4.137256,4.185404,4.241840
1.626062,4.137256,4.183748,4.241009
1.627706,4.138904,4.182920,4.240178
1.626062,4.137256,4.182920,4.241009
1.623596,4.138080,4.182920,4.239347
1.626062,4.138080,4.183748,4.242671
1.626062,4.138080,4.183748,4.242671
1.626884,4.137256,4.182920,4.241009
1.626884,4.137256,4.183748,4.241009
1.626062,4.137256,4.183748,4.241840
1.629351,4.126542,4.172983,4.230205
1.630173,4.129838,4.174639,4.232698
1.627706,4.128190,4.173811,4.229374
1.626062,4.136432,4.183748,4.241009
1.626884,4.137256,4.183748,4.241840
1.626884,4.138080,4.184576,4.242671
1.621952,4.138080,4.183748,4.241009
1.626884,4.138904,4.183748,4.242671
1.626062,4.138904,4.182920,4.242671
1.625240,4.138904,4.185404,4.241840
1.625240,4.138080,4.183748,4.242671
1.626884,4.137256,4.183748,4.241840
1.626884,4.138080,4.182920,4.241840
1.627706,4.138904,4.183748,4.243502
1.626062,4.138080,4.184576,4.241009
1.626884,4.138080,4.184576,4.241840
1.628529,4.137256,4.185404,4.243502
1.626062,4.138080,4.183748,4.241840
1.625240,4.138080,4.185404,4.241009
1.624418,4.137256,4.185404,4.241840
1.625240,4.138080,4.184576,4.241009
1.627706,4.139728,4.185404,4.241840
1.627706,4.138904,4.184576,4.241009
1.626062,4.138080,4.184576,4.241840
1.624418,4.137256,4.182920,4.241840
1.625240,4.138080,4.183748,4.243502
1.625240,4.138904,4.184576,4.243502
1.623596,4.137256,4.184576,4.241840
1.625240,4.138080,4.184576,4.242671
1.625240,4.137256,4.184576,4.242671
1.626062,4.138080,4.184576,4.243502
1.626884,4.131487,4.176295,4.233529
1.629351,4.128190,4.174639,4.230205
1.628529,4.129014,4.174639,4.231036
1.627706,4.128190,4.175467,4.231036
1.629351,4.127366,4.173811,4.229374
1.632639,4.117476,4.163045,4.217739
1.632639,4.119124,4.164702,4.219401
1.632639,4.117476,4.163873,4.219401
1.633461,4.119124,4.163873,4.218570
1.631817,4.118300,4.164702,4.218570
1.632639,4.119949,4.164702,4.218570
1.635928,4.118300,4.163873,4.219401
1.635106,4.119124,4.165530,4.219401
1.634284,4.119124,4.163873,4.217739
1.635928,4.119124,4.164702,4.218570
1.635106,4.118300,4.164702,4.217739
1.634284,4.119124,4.164702,4.218570
1.634284,4.119124,4.164702,4.218570
1.633461,4.119124,4.163873,4.218570
1.633461,4.119949,4.164702,4.220232
1.634284,4.118300,4.164702,4.219401
1.633461,4.119949,4.164702,4.218570
1.631817,4.119124,4.163045,4.217739
1.633461,4.119124,4.164702,4.219401
1.632639,4.118300,4.163873,4.218570
1.631817,4.119124,4.163873,4.217739
1.635106,4.119124,4.163045,4.218570
1.633461,4.119949,4.163045,4.219401
1.634284,4.119124,4.163873,4.219401
1.632639,4.119124,4.163873,4.218570
1.633461,4.117476,4.164702,4.218570
1.630995,4.111707,4.156420,4.210259
1.635928,4.099345,4.143999,4.196962
1.640861,4.097696,4.143171,4.192807
1.639216,4.096872,4.141514,4.194469
1.640861,4.097696,4.143171,4.194469
1.639216,4.097696,4.143999,4.193638
1.639216,4.096048,4.143171,4.193638
1.641683,4.089455,4.134890,4.183665
1.640861,4.086158,4.132405,4.182003
1.642505,4.086158,4.131577,4.182003
1.644149,4.086158,4.132405,4.182834
1.644149,4.086158,4.132405,4.181172
1.640038,4.085334,4.131577,4.182003
1.643327,4.081213,4.125780,4.176185
1.644149,4.074620,4.120812,4.169537
1.644971,4.074620,4.122468,4.168706
1.645793,4.077093,4.122468,4.169537
1.647438,4.075444,4.121640,4.170368
1.645793,4.075444,4.122468,4.169537
1.647438,4.077093,4.122468,4.168706
1.650726,4.067203,4.113359,4.160395
1.652370,4.063082,4.111702,4.157071
1.649082,4.064730,4.112531,4.157902
1.649082,4.063906,4.110046,4.157902
1.654837,4.064730,4.113359,4.157902
1.651548,4.065554,4.111702,4.158733
1.653193,4.064730,4.111702,4.157071
1.651548,4.063082,4.110046,4.155409
1.656481,4.054016,4.099281,4.143774
1.655659,4.054016,4.097625,4.143774
1.654837,4.054840,4.100109,4.144605
1.655659,4.049895,4.095140,4.140449
1.659770,4.041654,4.086031,4.130476
1.658125,4.040006,4.087687,4.132139
1.658125,4.036709,4.084375,4.127152
1.661414,4.026819,4.074438,4.118010
1.663058,4.025171,4.074438,4.118841
1.661414,4.027643,4.075266,4.119672
1.663880,4.027643,4.074438,4.119672
1.667991,4.015281,4.061188,4.104713
1.666347,4.014457,4.060360,4.105544
1.667169,4.013633,4.061188,4.105544
1.667169,4.016105,4.060360,4.104713
1.668813,4.013633,4.060360,4.103051
1.671280,4.001270,4.047110,4.089754
1.672102,4.000446,4.047110,4.088923
1.671280,4.000446,4.045454,4.088092
1.667991,4.000446,4.047110,4.088092
1.671280,3.999622,4.047110,4.086430
1.675390,3.988084,4.035516,4.075626
1.676212,3.982315,4.029720,4.068146
1.673746,3.982315,4.028891,4.067315
1.675390,3.981491,4.028891,4.066484
1.676212,3.981491,4.029720,4.068146
1.676212,3.982315,4.028891,4.066484
1.678679,3.966656,4.013985,4.050693
1.685256,3.960887,4.007361,4.042383
1.684434,3.960887,4.007361,4.042383
1.684434,3.961711,4.008189,4.042383
1.682789,3.960063,4.006533,4.043214
1.684434,3.959238,4.005704,4.042383
1.685256,3.959238,4.006533,4.043214
1.685256,3.946876,3.993283,4.029086
1.692655,3.936986,3.981689,4.014126
1.692655,3.937810,3.981689,4.014126
1.689367,3.935338,3.980861,4.014957
1.693477,3.926272,3.971752,4.002491
1.699232,3.908965,3.955190,3.984208
1.700876,3.908965,3.957674,3.985870
1.700054,3.909789,3.955190,3.984208
1.700876,3.910613,3.957674,3.985039
1.700054,3.908965,3.956018,3.984208
1.700054,3.908965,3.956018,3.984208
1.701699,3.904020,3.951049,3.978390
1.708276,3.881768,3.931174,3.954289
1.708276,3.880944,3.930346,3.952627
1.708276,3.883416,3.929518,3.953458
1.709098,3.884240,3.932003,3.952627
1.707454,3.882592,3.932003,3.951796
1.708276,3.883416,3.932003,3.953458
1.709920,3.882592,3.930346,3.951796
1.708276,3.883416,3.931174,3.951796
1.710742,3.883416,3.932003,3.952627
1.711564,3.882592,3.931174,3.951796
1.713208,3.874350,3.920409,3.941823
1.723074,3.856219,3.903847,3.921046
1.723074,3.855395,3.903847,3.921046
1.723074,3.855395,3.903847,3.921046
1.722252,3.854571,3.903847,3.921046
1.720608,3.854571,3.903847,3.920215
1.722252,3.853747,3.903847,3.921046
1.719786,3.854571,3.903019,3.919384
1.718963,3.855395,3.903847,3.921046
1.718963,3.855395,3.902191,3.920215
1.718963,3.854571,3.903019,3.919384
1.720608,3.854571,3.903019,3.919384
1.722252,3.854571,3.903847,3.919384
1.721430,3.854571,3.903019,3.920215
1.715675,3.877647,3.928690,3.947640
1.711564,3.881768,3.929518,3.952627
1.709920,3.881768,3.928690,3.950134
1.712386,3.881768,3.930346,3.950965
1.708276,3.882592,3.931174,3.950134
1.708276,3.881768,3.929518,3.950965
1.709098,3.881768,3.930346,3.951796
1.709098,3.880944,3.929518,3.950965
1.709920,3.879295,3.929518,3.949303
1.709098,3.881768,3.928690,3.950134
1.709920,3.881768,3.927862,3.951796
1.708276,3.881768,3.929518,3.950965
1.705809,3.880120,3.929518,3.950965
1.707454,3.880120,3.928690,3.949303
1.707454,3.880944,3.928690,3.950134
1.709098,3.881768,3.929518,3.950134
1.710742,3.880944,3.928690,3.950134
1.709920,3.881768,3.928690,3.950134
1.709098,3.880944,3.929518,3.950134
1.711564,3.881768,3.927862,3.951796
1.710742,3.880120,3.930346,3.950965
1.709098,3.880944,3.929518,3.950134
1.709098,3.880944,3.928690,3.950134
1.709098,3.881768,3.928690,3.952627
1.709098,3.880120,3.928690,3.949303
1.708276,3.880944,3.927862,3.950965
1.706631,3.880944,3.927862,3.950134
1.705809,3.897427,3.944424,3.969248
1.700876,3.906493,3.953533,3.980052
1.700054,3.906493,3.952705,3.980052
1.703343,3.905668,3.952705,3.980052
1.704165,3.905668,3.953533,3.980883
1.699232,3.905668,3.952705,3.980052
1.699232,3.906493,3.954362,3.980883
1.694299,3.928745,3.979205,4.006647
1.693477,3.931217,3.978377,4.009140
1.692655,3.931217,3.979205,4.009140
1.694299,3.930393,3.978377,4.009140
1.693477,3.930393,3.978377,4.008309
1.694299,3.932865,3.978377,4.008309
1.690189,3.931217,3.977549,4.008309
1.692655,3.931217,3.977549,4.009140
1.692655,3.931217,3.976721,4.009140
1.690189,3.931217,3.977549,4.009971
1.691011,3.930393,3.977549,4.009971
1.687722,3.946052,3.994111,4.028254
1.683612,3.954294,4.002392,4.035734
1.683612,3.953469,4.000736,4.035734
1.683612,3.956766,4.000736,4.038227
1.681967,3.953469,4.000736,4.035734
1.681967,3.955118,4.002392,4.036565
1.681967,3.955118,4.000736,4.034903
1.681967,3.955942,4.001564,4.035734
1.682789,3.954294,4.004048,4.035734
1.681967,3.954294,4.003220,4.038227
1.686078,3.955118,4.003220,4.036565
1.684434,3.954294,4.001564,4.036565
1.682789,3.955118,4.003220,4.035734
1.681145,3.965008,4.013157,4.048200
1.677035,3.976546,4.022267,4.060666
1.672102,3.983139,4.029720,4.067315
1.669635,3.996325,4.044626,4.083936
1.667991,3.994677,4.041313,4.081443
1.671280,3.994677,4.042141,4.081443
1.671280,3.994677,4.041313,4.081443
1.669635,3.995501,4.042969,4.082274
1.667991,4.002094,4.051250,4.092247
1.663880,4.010336,4.057047,4.100558
1.663058,4.010336,4.056219,4.098896
1.663880,4.010336,4.058703,4.099727
1.666347,4.010336,4.057875,4.098896
1.664703,4.010336,4.057875,4.101389
1.664703,4.009512,4.057875,4.098896
1.664703,4.013633,4.062016,4.103882
1.660592,4.024347,4.073609,4.116348
1.658948,4.025171,4.070297,4.115517
1.660592,4.024347,4.071125,4.115517
1.658125,4.025171,4.071125,4.116348
1.658125,4.025171,4.072781,4.115517
1.658948,4.025171,4.071125,4.114686
1.658948,4.025995,4.071125,4.115517
1.658948,4.023523,4.070297,4.115517
1.658948,4.027643,4.076094,4.119672
1.656481,4.040830,4.086031,4.131307
1.656481,4.040006,4.085203,4.129645
1.655659,4.038357,4.086031,4.130476
1.654837,4.038357,4.086031,4.129645
1.655659,4.037533,4.086031,4.129645
1.656481,4.039181,4.085203,4.129645
1.656481,4.043302,4.089344,4.133801
1.649904,4.051544,4.098453,4.143774
1.650726,4.052368,4.099281,4.142942
1.651548,4.059785,4.105906,4.151253
1.647438,4.063082,4.110046,4.156240
1.649082,4.061434,4.110046,4.155409
1.650726,4.063082,4.110046,4.154577
1.650726,4.063082,4.110046,4.156240
1.649904,4.065554,4.112531,4.157902
1.644149,4.075444,4.123296,4.170368
1.644971,4.074620,4.123296,4.167875
1.644971,4.076268,4.121640,4.168706
1.644971,4.074620,4.120812,4.167044
1.643327,4.072972,4.120812,4.167044
1.642505,4.082862,4.129921,4.177848
1.639216,4.085334,4.133233,4.181172
1.640038,4.086158,4.132405,4.179510
1.640861,4.086158,4.132405,4.181172
1.641683,4.084510,4.131577,4.180341
1.641683,4.085334,4.131577,4.181172
1.641683,4.086158,4.132405,4.182003
1.638394,4.096872,4.143999,4.194469
1.635928,4.096048,4.139030,4.191976
1.638394,4.094400,4.139858,4.191145
1.639216,4.094400,4.141514,4.192807
1.639216,4.094400,4.141514,4.193638
1.640861,4.096048,4.143171,4.192807
1.640038,4.096048,4.143171,4.192807
1.636750,4.105938,4.153108,4.206104
1.636750,4.106762,4.153108,4.205273
1.636750,4.107586,4.153936,4.205273
1.635928,4.105938,4.153108,4.205273
1.634284,4.105938,4.152280,4.205273
1.630995,4.115828,4.164702,4.216908
1.630995,4.117476,4.163045,4.218570
1.630995,4.117476,4.163045,4.217739
1.630995,4.117476,4.163045,4.217739
1.630995,4.117476,4.161389,4.218570
1.631817,4.118300,4.162217,4.216908
1.631817,4.124894,4.171326,4.226050
1.630173,4.128190,4.173811,4.231036
1.628529,4.125718,4.174639,4.230205
1.627706,4.127366,4.173811,4.229374
1.627706,4.128190,4.175467,4.229374
1.628529,4.126542,4.172983,4.230205
1.626062,4.126542,4.173811,4.228543
1.626884,4.135608,4.182920,4.239347
1.625240,4.135608,4.183748,4.240178
1.625240,4.137256,4.184576,4.241840
1.626062,4.138080,4.185404,4.241840
1.626062,4.137256,4.182920,4.241009
1.624418,4.138904,4.183748,4.241840
1.626062,4.137256,4.185404,4.242671
1.622774,4.139728,4.184576,4.241840
1.624418,4.138904,4.183748,4.240178
1.626062,4.136432,4.184576,4.242671
1.626884,4.136432,4.183748,4.241840
1.626062,4.137256,4.183748,4.242671
1.626062,4.136432,4.182920,4.242671
1.623596,4.135608,4.184576,4.241009
1.625240,4.137256,4.184576,4.241840
1.625240,4.137256,4.184576,4.241840
1.626062,4.137256,4.184576,4.241840
1.626884,4.130663,4.176295,4.231036
1.627706,4.128190,4.174639,4.229374
1.628529,4.126542,4.173811,4.229374
1.627706,4.129838,4.175467,4.231036
1.626062,4.134783,4.180436,4.238516
1.624418,4.138904,4.185404,4.243502
1.626062,4.137256,4.185404,4.241840
1.625240,4.138904,4.184576,4.241840
1.626062,4.138904,4.185404,4.241840
1.624418,4.138904,4.185404,4.242671
1.626062,4.138080,4.183748,4.242671
1.625240,4.137256,4.183748,4.241840
1.625240,4.138904,4.184576,4.241840
1.623596,4.137256,4.183748,4.242671
1.626062,4.138904,4.184576,4.242671
1.622774,4.138904,4.185404,4.242671
1.621952,4.138080,4.185404,4.241009
1.624418,4.137256,4.185404,4.241840
1.626062,4.136432,4.185404,4.242671
1.626884,4.137256,4.184576,4.242671
1.626884,4.137256,4.185404,4.241009
1.626062,4.137256,4.185404,4.241840
1.626884,4.138080,4.185404,4.242671
1.625240,4.137256,4.185404,4.241840
1.626884,4.136432,4.186232,4.241840
1.626062,4.137256,4.185404,4.243502
1.626062,4.137256,4.183748,4.241009
1.626062,4.138080,4.183748,4.241840
1.626062,4.136432,4.183748,4.241840
1.625240,4.138080,4.185404,4.242671
1.626062,4.138904,4.185404,4.244333
1.625240,4.130663,4.177123,4.235192
1.631817,4.129838,4.175467,4.230205
1.628529,4.129014,4.174639,4.231867
1.631817,4.117476,4.164702,4.220232
1.634284,4.118300,4.164702,4.218570
1.630995,4.119124,4.164702,4.219401
1.632639,4.118300,4.164702,4.217739
1.632639,4.117476,4.164702,4.219401
1.634284,4.118300,4.164702,4.220232
1.632639,4.118300,4.164702,4.219401
1.632639,4.118300,4.163045,4.220232
1.631817,4.118300,4.164702,4.218570
1.630995,4.116652,4.163873,4.218570
1.629351,4.118300,4.163873,4.218570
1.630173,4.118300,4.164702,4.218570
1.631817,4.119124,4.164702,4.218570
1.630995,4.117476,4.164702,4.219401
1.630995,4.119124,4.164702,4.220232
1.630995,4.117476,4.162217,4.218570
1.631817,4.118300,4.163873,4.219401
1.634284,4.117476,4.164702,4.219401
1.633461,4.119124,4.164702,4.219401
1.635106,4.118300,4.163873,4.218570
1.635106,4.114180,4.160561,4.213584
1.637572,4.105938,4.152280,4.206104
1.639216,4.105938,4.154764,4.206935
1.636750,4.107586,4.153936,4.206935
1.640038,4.107586,4.152280,4.206104
1.640861,4.107586,4.153108,4.206935
1.637572,4.108410,4.152280,4.206104
1.638394,4.108410,4.153108,4.206104
1.638394,4.103466,4.148139,4.201949
1.642505,4.095224,4.142343,4.192807
1.640038,4.096872,4.142343,4.193638
1.640038,4.097696,4.143171,4.193638
1.643327,4.091103,4.137374,4.186989
1.644971,4.086982,4.130749,4.181172
1.645793,4.086158,4.132405,4.181172
1.645793,4.086982,4.134061,4.182003
1.644149,4.087807,4.132405,4.182003
1.644971,4.087807,4.132405,4.182834
1.649082,4.076268,4.123296,4.171199
1.649082,4.076268,4.122468,4.170368
1.645793,4.074620,4.122468,4.170368
1.645793,4.074620,4.123296,4.169537
1.647438,4.075444,4.123296,4.170368
1.649082,4.076268,4.122468,4.170368
1.649082,4.068027,4.113359,4.159564
1.649082,4.064730,4.111702,4.156240
1.650726,4.064730,4.110874,4.155409
1.651548,4.064730,4.111702,4.157902
1.650726,4.065554,4.111702,4.157071
1.650726,4.063906,4.110874,4.157902
1.650726,4.065554,4.111702,4.157902
1.654837,4.055665,4.102593,4.146267
1.655659,4.053192,4.099281,4.145436
1.655659,4.052368,4.100109,4.144605
1.655659,4.053192,4.099281,4.143774
1.656481,4.053192,4.100937,4.145436
1.654015,4.052368,4.100109,4.144605
1.653193,4.054016,4.099281,4.145436
1.655659,4.053192,4.099281,4.144605
1.658125,4.040830,4.087687,4.132139
1.658948,4.030116,4.076922,4.122166
1.663880,4.027643,4.075266,4.117179
1.665525,4.027643,4.076094,4.118010
1.664703,4.029292,4.074438,4.118841
1.666347,4.018578,4.066985,4.109700
1.666347,4.014457,4.061188,4.104713
1.666347,4.013633,4.062016,4.106375
1.667991,4.012808,4.062844,4.104713
1.670457,4.013633,4.062016,4.104713
1.672102,4.001270,4.048766,4.088092
1.672102,3.999622,4.047110,4.089754
1.672924,3.998798,4.047110,4.089754
1.672102,4.000446,4.047110,4.089754
1.671280,4.000446,4.047110,4.088092
1.673746,3.983139,4.029720,4.069808
1.677035,3.982315,4.029720,4.068977
1.677035,3.982315,4.029720,4.068977
1.677857,3.981491,4.030548,4.068977
1.677035,3.982315,4.028891,4.067315
1.677857,3.974897,4.020610,4.060666
1.684434,3.960063,4.008189,4.044045
1.683612,3.960887,4.007361,4.042383
1.686078,3.960063,4.007361,4.043214
1.686900,3.959238,4.008189,4.044045
1.686900,3.960887,4.007361,4.044045
1.686900,3.959238,4.007361,4.043214
1.692655,3.941107,3.989142,4.021606
1.695944,3.936162,3.983345,4.015788
1.693477,3.936162,3.984174,4.014957
1.692655,3.936162,3.984174,4.015788
1.693477,3.934514,3.982517,4.014126
1.696766,3.924624,3.972580,4.004153
1.701699,3.908965,3.958502,3.984208
1.702521,3.909789,3.957674,3.986701
1.704987,3.910613,3.957674,3.984208
1.703343,3.909789,3.957674,3.985039
1.704165,3.908965,3.957674,3.985870
1.703343,3.908965,3.956018,3.985870
1.701699,3.906493,3.956018,3.983377
1.707454,3.885064,3.932831,3.955120
1.711564,3.884240,3.932003,3.955120
1.710742,3.883416,3.932831,3.955120
1.710742,3.883416,3.932003,3.953458
1.712386,3.882592,3.932003,3.952627
1.711564,3.882592,3.932003,3.952627
1.710742,3.880944,3.930346,3.950965
1.709098,3.880120,3.931174,3.952627
1.711564,3.882592,3.932003,3.953458
1.709920,3.883416,3.931174,3.952627
1.707454,3.882592,3.930346,3.953458
1.709098,3.882592,3.927862,3.948472
1.715675,3.855395,3.903019,3.920215
1.716497,3.855395,3.903847,3.920215
1.718141,3.855395,3.903847,3.921877
1.718141,3.854571,3.901363,3.920215
1.719786,3.854571,3.904675,3.921046
1.718963,3.853747,3.903847,3.919384
1.718963,3.856219,3.903847,3.919384
1.718963,3.854571,3.903019,3.921046
1.718141,3.855395,3.903847,3.919384
1.721430,3.855395,3.903847,3.919384
1.719786,3.854571,3.901363,3.919384
1.719786,3.854571,3.903019,3.919384
1.718141,3.861988,3.911300,3.926864
1.713208,3.882592,3.932003,3.951796
1.712386,3.881768,3.930346,3.948472
1.709098,3.880944,3.928690,3.950134
1.712386,3.880944,3.928690,3.950134
1.711564,3.880944,3.929518,3.950134
1.709098,3.880944,3.927862,3.949303
1.709920,3.880120,3.929518,3.950134
1.709098,3.880120,3.928690,3.949303
1.709098,3.880944,3.928690,3.950965
1.708276,3.880944,3.929518,3.950965
1.708276,3.880944,3.927862,3.950134
1.707454,3.881768,3.928690,3.949303
1.709920,3.880944,3.927862,3.949303
1.708276,3.881768,3.928690,3.950134
1.711564,3.880944,3.929518,3.950965
1.709920,3.880120,3.928690,3.950134
1.710742,3.880120,3.927862,3.950965
1.712386,3.880944,3.927034,3.949303
1.713208,3.879295,3.928690,3.950134
1.712386,3.880120,3.927862,3.950134
1.712386,3.879295,3.927862,3.950134
1.710742,3.880120,3.928690,3.950965
1.709098,3.879295,3.928690,3.948472
1.708276,3.880120,3.928690,3.948472
1.707454,3.880120,3.927862,3.948472
1.709920,3.880944,3.928690,3.949303
1.708276,3.880120,3.927862,3.950134
1.709920,3.882592,3.929518,3.950134
1.710742,3.880944,3.927034,3.948472
1.706631,3.894954,3.941940,3.966755
1.701699,3.904844,3.953533,3.979221
1.701699,3.905668,3.952705,3.980052
1.702521,3.907317,3.952705,3.980052
1.695122,3.928745,3.976721,4.006647
1.692655,3.932041,3.977549,4.006647
1.693477,3.931217,3.977549,4.008309
1.695122,3.931217,3.979205,4.009140
1.694299,3.931217,3.976721,4.009140
1.695122,3.933690,3.977549,4.009140
1.693477,3.932041,3.977549,4.009971
1.693477,3.931217,3.976721,4.009140
1.695122,3.934514,3.980861,4.013295
1.686900,3.955118,4.002392,4.037396
1.683612,3.955118,3.999908,4.035734
1.686078,3.955118,4.000736,4.034072
1.685256,3.955118,4.001564,4.034903
1.686900,3.955118,4.000736,4.035734
1.684434,3.954294,4.000736,4.035734
1.682789,3.955942,4.001564,4.037396
1.683612,3.954294,3.999908,4.037396
1.681967,3.954294,4.001564,4.037396
1.682789,3.955118,4.003220,4.035734
1.683612,3.955118,4.001564,4.037396
1.684434,3.955942,4.002392,4.036565
1.683612,3.954294,4.001564,4.036565
1.685256,3.955942,4.000736,4.036565
1.682789,3.965832,4.012329,4.047369
1.676212,3.977370,4.023095,4.059835
1.675390,3.977370,4.023923,4.059835
1.675390,3.976546,4.021438,4.059835
1.672102,3.983139,4.030548,4.068977
1.672102,3.995501,4.042141,4.082274
1.669635,3.993853,4.041313,4.080612
1.670457,3.994677,4.041313,4.082274
1.672102,3.994677,4.040485,4.081443
1.672102,4.000446,4.049594,4.091416
1.669635,4.011160,4.057047,4.098896
1.666347,4.010336,4.057047,4.098896
1.668813,4.008688,4.055391,4.098896
1.666347,4.011160,4.056219,4.098896
1.666347,4.010336,4.057047,4.098896
1.664703,4.010336,4.056219,4.098896
1.661414,4.025171,4.072781,4.116348
1.661414,4.026819,4.071125,4.115517
1.663058,4.025995,4.071953,4.116348
1.665525,4.024347,4.071953,4.116348
1.663880,4.025995,4.071125,4.114686
1.662236,4.026819,4.071125,4.116348
1.663058,4.025995,4.071125,4.115517
1.661414,4.030116,4.079406,4.120504
1.660592,4.040006,4.085203,4.130476
1.656481,4.039181,4.085203,4.130476
1.654837,4.039181,4.086031,4.129645
1.657303,4.039181,4.086031,4.129645
1.656481,4.037533,4.085203,4.129645
1.657303,4.039181,4.086859,4.128814
1.658125,4.038357,4.085203,4.129645
1.657303,4.040006,4.085203,4.129645
1.657303,4.039181,4.086031,4.129645
1.653193,4.049895,4.096796,4.140449
1.652370,4.051544,4.099281,4.142942
1.651548,4.054016,4.100937,4.145436
1.648260,4.065554,4.112531,4.157071
1.650726,4.063906,4.112531,4.155409
1.651548,4.063906,4.109218,4.154577
1.652370,4.062258,4.109218,4.154577
1.651548,4.065554,4.112531,4.157902
1.647438,4.077093,4.122468,4.167044
1.649082,4.076268,4.120812,4.168706
1.646616,4.075444,4.121640,4.169537
1.646616,4.074620,4.120812,4.166213
1.647438,4.074620,4.120812,4.167875
1.645793,4.083686,4.128265,4.177016
1.644971,4.086982,4.132405,4.181172
1.643327,4.085334,4.132405,4.179510
1.642505,4.086158,4.132405,4.180341
1.642505,4.085334,4.132405,4.181172
1.642505,4.085334,4.132405,4.179510
1.640038,4.092752,4.140686,4.191976
1.637572,4.096872,4.142343,4.193638
1.638394,4.096048,4.142343,4.193638
1.638394,4.096048,4.143171,4.192807
1.640038,4.096048,4.142343,4.192807
1.635928,4.096048,4.142343,4.192807
1.636750,4.096872,4.143999,4.193638
1.635928,4.106762,4.153108,4.206104
1.633461,4.107586,4.152280,4.206104
1.634284,4.105938,4.152280,4.204442
1.634284,4.107586,4.151452,4.204442
1.636750,4.108410,4.153936,4.206935
1.634284,4.106762,4.151452,4.205273
1.636750,4.106762,4.152280,4.206104
1.636750,4.111707,4.158077,4.209428
1.632639,4.118300,4.164702,4.217739
1.630173,4.118300,4.163873,4.216077
1.631817,4.118300,4.163045,4.218570
1.630995,4.117476,4.161389,4.216908
1.630995,4.124069,4.171326,4.226050
1.626884,4.129014,4.172983,4.231036
1.628529,4.127366,4.173811,4.229374
1.629351,4.126542,4.172155,4.229374
1.630173,4.126542,4.173811,4.229374
1.629351,4.127366,4.172155,4.230205
1.627706,4.128190,4.172983,4.230205
1.626062,4.136432,4.181264,4.239347
1.625240,4.137256,4.182920,4.241840
1.624418,4.137256,4.182920,4.241009
1.625240,4.137256,4.183748,4.241840
1.623596,4.137256,4.182920,4.241840
1.626062,4.138080,4.183748,4.241009
1.626884,4.138080,4.182920,4.241840
1.626062,4.137256,4.183748,4.242671
1.625240,4.135608,4.182920,4.241840
1.625240,4.136432,4.182920,4.241009
1.625240,4.136432,4.183748,4.241840
1.623596,4.137256,4.183748,4.241009
1.623596,4.136432,4.183748,4.240178
1.623596,4.138080,4.185404,4.242671
1.626062,4.136432,4.183748,4.240178
1.625240,4.138080,4.184576,4.241840
1.627706,4.138080,4.186232,4.241840
1.626884,4.140553,4.184576,4.242671
1.626884,4.137256,4.184576,4.241840
1.626884,4.136432,4.184576,4.240178
1.626884,4.129838,4.175467,4.231867
1.629351,4.128190,4.175467,4.229374
1.628529,4.128190,4.175467,4.229374
1.630173,4.127366,4.173811,4.231867
1.627706,4.127366,4.175467,4.230205
1.627706,4.128190,4.175467,4.229374
1.628529,4.133959,4.182092,4.236854
1.626062,4.137256,4.185404,4.241840
1.626062,4.137256,4.183748,4.241009
1.626062,4.137256,4.184576,4.242671
1.624418,4.137256,4.184576,4.240178
1.625240,4.136432,4.185404,4.241009
1.627706,4.138904,4.185404,4.241009
1.626062,4.138904,4.184576,4.242671
1.623596,4.137256,4.184576,4.241840
1.625240,4.137256,4.184576,4.241840
1.627706,4.138904,4.185404,4.241009
1.625240,4.138080,4.185404,4.241009
1.625240,4.136432,4.185404,4.241009
1.626062,4.138904,4.185404,4.241009
1.627706,4.138080,4.184576,4.241009
1.626884,4.138904,4.185404,4.239347
1.627706,4.138904,4.185404,4.242671
1.626062,4.138904,4.184576,4.240178
1.625240,4.137256,4.185404,4.241009
1.626062,4.138080,4.185404,4.242671
1.625240,4.138080,4.183748,4.242671
1.625240,4.138080,4.183748,4.242671
1.622774,4.137256,4.185404,4.243502
1.624418,4.138080,4.183748,4.242671
1.623596,4.138080,4.183748,4.241840
1.625240,4.133135,4.180436,4.236023
1.629351,4.127366,4.173811,4.231036
1.628529,4.119949,4.166358,4.222725
1.632639,4.117476,4.164702,4.218570
1.634284,4.117476,4.163873,4.219401
1.635106,4.119124,4.164702,4.219401
1.634284,4.119124,4.164702,4.219401
1.635928,4.118300,4.164702,4.217739
1.634284,4.119124,4.163873,4.220232
1.635928,4.119124,4.165530,4.219401
1.632639,4.119124,4.163045,4.219401
1.632639,4.117476,4.164702,4.219401
1.633461,4.118300,4.164702,4.218570
1.631817,4.119949,4.164702,4.218570
1.632639,4.118300,4.164702,4.217739
1.632639,4.119124,4.163873,4.219401
1.632639,4.119949,4.164702,4.219401
1.630995,4.110059,4.154764,4.208597
1.634284,4.108410,4.152280,4.206104
1.635928,4.109235,4.153936,4.206935
1.636750,4.107586,4.152280,4.206104
1.635928,4.107586,4.154764,4.207766
1.635106,4.108410,4.152280,4.207766
1.636750,4.108410,4.153936,4.208597
1.635928,4.107586,4.153936,4.206935
1.635106,4.106762,4.152280,4.205273
1.636750,4.107586,4.153936,4.206104
1.635928,4.107586,4.153108,4.206935
1.638394,4.108410,4.153108,4.206104
1.640038,4.108410,4.153936,4.206104
1.639216,4.107586,4.153936,4.206935
1.637572,4.103466,4.148967,4.202780
1.640861,4.096048,4.142343,4.192807
1.643327,4.086158,4.133233,4.182834
1.644149,4.085334,4.132405,4.181172
1.644971,4.086158,4.133233,4.182834
1.644149,4.086982,4.133233,4.182003
1.641683,4.086158,4.134061,4.182003
1.644971,4.080389,4.128265,4.174523
1.645793,4.075444,4.120812,4.168706
1.649082,4.076268,4.122468,4.170368
1.648260,4.076268,4.121640,4.169537
1.648260,4.075444,4.121640,4.170368
1.645793,4.075444,4.122468,4.169537
1.650726,4.065554,4.110874,4.156240
1.649082,4.064730,4.110046,4.157071
1.651548,4.066379,4.111702,4.157071
1.650726,4.064730,4.110874,4.156240
1.651548,4.064730,4.112531,4.157071
1.653193,4.066379,4.112531,4.157071
1.656481,4.053192,4.099281,4.142942
1.656481,4.052368,4.100937,4.142942
1.654837,4.054840,4.100937,4.145436
1.654837,4.054016,4.100937,4.145436
1.654837,4.054016,4.100109,4.144605
1.656481,4.053192,4.100937,4.145436
1.656481,4.051544,4.099281,4.143774
1.660592,4.039181,4.086859,4.131307
1.660592,4.040830,4.088515,4.132970
1.660592,4.040830,4.087687,4.132139
1.658125,4.040006,4.088515,4.131307
1.658948,4.040830,4.088515,4.130476
1.658125,4.039181,4.086031,4.131307
1.658125,4.027643,4.075266,4.119672
1.662236,4.023523,4.071125,4.114686
1.666347,4.013633,4.061188,4.103882
1.667169,4.015281,4.062016,4.103882
1.668813,4.013633,4.062016,4.104713
1.667991,4.014457,4.062844,4.105544
1.670457,4.003743,4.052079,4.093078
1.672102,3.997974,4.047938,4.088092
1.672924,3.998798,4.047938,4.088092
1.673746,3.999622,4.047110,4.088092
1.671280,3.998798,4.047110,4.088092
1.677035,3.983139,4.030548,4.069808
1.677035,3.982315,4.030548,4.066484
1.676212,3.980666,4.030548,4.067315
1.677857,3.982315,4.029720,4.068977
1.677857,3.980666,4.028063,4.066484
1.681145,3.969952,4.016470,4.050693
1.686900,3.960887,4.009017,4.041552
1.686078,3.960887,4.007361,4.042383
1.687722,3.961711,4.008189,4.042383
1.685256,3.960063,4.006533,4.041552
1.682789,3.960063,4.009017,4.041552
1.688544,3.944404,3.991627,4.023268
1.692655,3.936162,3.984174,4.014957
1.692655,3.936162,3.984174,4.014957
1.695122,3.937810,3.985002,4.014957
1.695122,3.936162,3.983345,4.014126
1.695122,3.936162,3.983345,4.014957
1.697588,3.936162,3.984174,4.014957
1.695122,3.934514,3.982517,4.014126
1.700054,3.915558,3.959330,3.988363
1.702521,3.909789,3.958502,3.984208
1.701699,3.910613,3.958502,3.985870
1.700876,3.908141,3.956846,3.983377
1.703343,3.908965,3.958502,3.984208
1.700054,3.908965,3.956846,3.984208
1.704987,3.891658,3.939456,3.962600
1.710742,3.884240,3.932003,3.951796
1.711564,3.883416,3.932003,3.954289
1.712386,3.881768,3.931174,3.953458
1.709098,3.882592,3.932003,3.953458
1.705809,3.882592,3.932831,3.952627
1.707454,3.883416,3.932003,3.953458
1.708276,3.882592,3.932003,3.954289
1.709098,3.884240,3.931174,3.951796
1.709098,3.881768,3.930346,3.951796
1.711564,3.883416,3.932003,3.952627
1.711564,3.883416,3.932003,3.953458
1.716497,3.862812,3.910472,3.927695
1.718141,3.856219,3.904675,3.921877
1.721430,3.855395,3.904675,3.921046
1.719786,3.855395,3.904675,3.920215
1.716497,3.854571,3.903847,3.919384
1.718141,3.855395,3.905503,3.921046
1.717319,3.854571,3.903847,3.920215
1.717319,3.854571,3.903847,3.920215
1.718963,3.854571,3.903847,3.920215
1.719786,3.856219,3.903847,3.921877
1.718141,3.852922,3.903847,3.920215
1.717319,3.853747,3.903847,3.921877
1.717319,3.853747,3.903847,3.921046
1.717319,3.852922,3.903019,3.921877
1.718141,3.853747,3.903019,3.918553
1.715675,3.876823,3.926206,3.945147
1.709098,3.880944,3.929518,3.950134
1.709920,3.880944,3.932003,3.950965
1.709098,3.880944,3.930346,3.951796
1.707454,3.880944,3.931174,3.950965
1.709098,3.880944,3.930346,3.950134
1.709920,3.881768,3.931174,3.951796
1.708276,3.880944,3.930346,3.950134
1.707454,3.881768,3.932003,3.950134
1.709098,3.880120,3.930346,3.950134
1.709920,3.880944,3.930346,3.950134
1.712386,3.880944,3.929518,3.951796
1.711564,3.880944,3.930346,3.950965
1.709920,3.880120,3.929518,3.950134
1.709098,3.880944,3.929518,3.949303
1.709920,3.879295,3.930346,3.950134
1.712386,3.880944,3.930346,3.949303
1.711564,3.879295,3.930346,3.949303
1.711564,3.880944,3.930346,3.950134
1.709098,3.881768,3.927862,3.947640
1.712386,3.880944,3.930346,3.950134
1.709920,3.881768,3.930346,3.949303
1.708276,3.880944,3.928690,3.948472
1.709920,3.880944,3.931174,3.950134
1.710742,3.880120,3.930346,3.949303
1.707454,3.880944,3.930346,3.949303
1.710742,3.880944,3.928690,3.949303
1.710742,3.881768,3.928690,3.949303
1.709098,3.880944,3.930346,3.948472
1.705809,3.899899,3.951049,3.972573
1.703343,3.906493,3.955190,3.980883
1.695944,3.927921,3.975892,4.005816
1.692655,3.931217,3.980033,4.009140
1.689367,3.931217,3.979205,4.008309
1.690189,3.932865,3.980033,4.009140
1.688544,3.932041,3.978377,4.007478
1.690189,3.932041,3.979205,4.010802
1.694299,3.932041,3.980033,4.008309
1.695122,3.933690,3.982517,4.012464
1.690189,3.955942,4.004876,4.037396
1.686900,3.956766,4.002392,4.036565
1.686078,3.955942,4.001564,4.036565
1.683612,3.955118,4.002392,4.037396
1.686078,3.956766,4.003220,4.037396
1.685256,3.955942,4.001564,4.036565
1.686078,3.956766,4.003220,4.038227
1.687722,3.954294,4.004048,4.035734
1.683612,3.955118,4.001564,4.036565
1.682789,3.955118,4.002392,4.035734
1.680323,3.971601,4.020610,4.056511
1.675390,3.976546,4.023095,4.058173
1.677035,3.975722,4.023923,4.059004
1.678679,3.977370,4.024751,4.059004
1.677035,3.976546,4.023923,4.060666
1.676212,3.976546,4.023923,4.060666
1.677857,3.976546,4.023923,4.059835
1.677035,3.977370,4.023923,4.060666
1.675390,3.977370,4.025579,4.060666
1.675390,3.976546,4.023095,4.060666
1.678679,3.976546,4.023923,4.061497
1.677035,3.976546,4.024751,4.061497
1.677035,3.979842,4.030548,4.067315
1.671280,3.996325,4.041313,4.082274
1.671280,3.997974,4.043797,4.083936
1.667169,4.011984,4.057875,4.100558
1.666347,4.011160,4.057875,4.099727
1.666347,4.010336,4.057047,4.098896
1.667991,4.011984,4.058703,4.099727
1.666347,4.011160,4.057875,4.098896
1.666347,4.010336,4.057047,4.100558
1.662236,4.025171,4.072781,4.114686
1.661414,4.026819,4.071953,4.114686
1.661414,4.025995,4.071953,4.115517
1.659770,4.025995,4.072781,4.115517
1.660592,4.025995,4.071953,4.115517
1.661414,4.025995,4.071953,4.116348
1.658948,4.030940,4.078578,4.120504
1.655659,4.039181,4.086859,4.130476
1.658125,4.039181,4.086859,4.130476
1.655659,4.038357,4.085203,4.128814
1.656481,4.039181,4.086859,4.128814
1.656481,4.038357,4.086031,4.128814
1.655659,4.039181,4.085203,4.129645
1.656481,4.040006,4.085203,4.128814
1.653193,4.038357,4.086031,4.129645
1.652370,4.050720,4.099281,4.142942
1.652370,4.051544,4.098453,4.142111
1.655659,4.050720,4.097625,4.142942
1.656481,4.051544,4.098453,4.143774
1.654837,4.051544,4.097625,4.142111
1.652370,4.050720,4.099281,4.142942
1.654837,4.051544,4.098453,4.142942
1.654837,4.050720,4.100937,4.143774
1.649904,4.064730,4.112531,4.157071
1.649904,4.063906,4.111702,4.156240
1.651548,4.071323,4.119155,4.165381
1.646616,4.074620,4.122468,4.167044
1.645793,4.076268,4.120812,4.168706
1.649082,4.076268,4.121640,4.167875
1.649082,4.076268,4.120812,4.167044
1.644971,4.083686,4.129921,4.177016
1.643327,4.086158,4.132405,4.181172
1.644971,4.086158,4.133233,4.180341
1.642505,4.086158,4.131577,4.179510
1.642505,4.086982,4.131577,4.181172
1.640861,4.086158,4.130749,4.179510
1.640038,4.094400,4.139858,4.189483
1.636750,4.098521,4.143171,4.192807
1.636750,4.097696,4.142343,4.191976
1.636750,4.096048,4.141514,4.192807
1.635106,4.096872,4.141514,4.191976
1.635106,4.097696,4.142343,4.191976
1.637572,4.103466,4.148967,4.199455
1.632639,4.107586,4.153108,4.205273
1.633461,4.107586,4.153108,4.204442
1.635106,4.106762,4.153108,4.205273
1.635106,4.105938,4.151452,4.202780
1.635928,4.106762,4.153936,4.206104
1.635106,4.105938,4.152280,4.203611
1.633461,4.112531,4.160561,4.211090
1.629351,4.118300,4.163873,4.216077
1.630173,4.116652,4.161389,4.216908
1.633461,4.117476,4.163045,4.217739
1.630995,4.116652,4.163045,4.216908
1.631817,4.117476,4.162217,4.216077
1.629351,4.125718,4.172155,4.226050
1.626884,4.127366,4.172983,4.229374
1.625240,4.127366,4.173811,4.228543
1.623596,4.128190,4.172983,4.229374
1.626884,4.127366,4.173811,4.229374
1.626062,4.127366,4.172983,4.228543
1.627706,4.128190,4.173811,4.229374
1.627706,4.133959,4.179607,4.236023
1.624418,4.138904,4.184576,4.241840
1.624418,4.137256,4.183748,4.240178
1.621952,4.137256,4.183748,4.241009
1.622774,4.138904,4.184576,4.240178
1.625240,4.137256,4.184576,4.239347
1.625240,4.137256,4.184576,4.241009
1.624418,4.135608,4.183748,4.241009
1.621952,4.136432,4.183748,4.241009
1.622774,4.136432,4.185404,4.243502
1.626062,4.138904,4.184576,4.241009
1.624418,4.138080,4.182920,4.241009
1.621952,4.138080,4.183748,4.241009
1.624418,4.139728,4.185404,4.240178
1.625240,4.138080,4.183748,4.241009
1.626062,4.138080,4.183748,4.241009
1.626062,4.138080,4.182920,4.241840
1.626884,4.138080,4.183748,4.241009
1.627706,4.138080,4.185404,4.241840
1.626062,4.138080,4.184576,4.241840
1.626884,4.137256,4.185404,4.242671
1.624418,4.138080,4.184576,4.241009
1.626062,4.138080,4.184576,4.241840
1.626884,4.132311,4.176295,4.234360
1.626884,4.129014,4.173811,4.231036
1.628529,4.129014,4.175467,4.231036
1.628529,4.128190,4.173811,4.229374
1.629351,4.129014,4.173811,4.229374
1.627706,4.129014,4.173811,4.230205
1.628529,4.129838,4.174639,4.231036
1.630995,4.127366,4.174639,4.231036
1.629351,4.129838,4.174639,4.230205
1.626884,4.134783,4.183748,4.239347
1.626884,4.138904,4.184576,4.241009
1.623596,4.138904,4.183748,4.241009
1.623596,4.138080,4.185404,4.241009
1.624418,4.138904,4.184576,4.240178
1.625240,4.137256,4.184576,4.241840
1.626884,4.137256,4.185404,4.241840
1.626884,4.140553,4.186232,4.241840
1.625240,4.137256,4.183748,4.241840
1.627706,4.139728,4.183748,4.241840
1.626884,4.138080,4.184576,4.242671
1.624418,4.137256,4.185404,4.242671
1.626884,4.139728,4.184576,4.241840
1.626062,4.138904,4.184576,4.241840
1.626062,4.137256,4.183748,4.242671
1.625240,4.137256,4.184576,4.241009
1.626062,4.138080,4.184576,4.241009
1.626884,4.138904,4.185404,4.241009
1.628529,4.138904,4.185404,4.242671
1.626884,4.138080,4.183748,4.242671
1.626062,4.138080,4.183748,4.241840
1.626884,4.138904,4.185404,4.242671
1.625240,4.134783,4.179607,4.238516
1.629351,4.126542,4.170498,4.227712
1.634284,4.117476,4.164702,4.217739
1.635106,4.119124,4.164702,4.219401
1.634284,4.118300,4.166358,4.218570
1.630995,4.118300,4.164702,4.217739
1.633461,4.118300,4.164702,4.218570
1.629351,4.119124,4.166358,4.220232
1.628529,4.119124,4.164702,4.218570
1.629351,4.119949,4.165530,4.218570
1.631817,4.119949,4.165530,4.220232
1.628529,4.119124,4.164702,4.218570
1.630173,4.117476,4.164702,4.218570
1.631817,4.110883,4.156420,4.209428
1.634284,4.108410,4.154764,4.206935
1.634284,4.107586,4.153108,4.206935
1.637572,4.107586,4.154764,4.206935
1.638394,4.108410,4.153936,4.206935
1.636750,4.109235,4.154764,4.205273
1.639216,4.108410,4.153936,4.207766
1.635928,4.107586,4.153936,4.204442
1.635106,4.107586,4.154764,4.206935
1.636750,4.107586,4.153108,4.206104
1.632639,4.107586,4.153936,4.206104
1.633461,4.107586,4.153936,4.206104
1.634284,4.107586,4.153936,4.206104
1.635928,4.107586,4.154764,4.205273
1.636750,4.108410,4.154764,4.206935
1.635106,4.102641,4.148139,4.200286
1.637572,4.096872,4.142343,4.193638
1.640861,4.097696,4.144827,4.193638
1.640861,4.094400,4.141514,4.190314
1.642505,4.086982,4.134061,4.181172
1.643327,4.086158,4.133233,4.182003
1.644149,4.086982,4.134061,4.181172
1.644149,4.084510,4.131577,4.179510
1.647438,4.075444,4.120812,4.168706
1.647438,4.075444,4.120812,4.169537
1.649082,4.077917,4.122468,4.169537
1.648260,4.077093,4.122468,4.169537
1.649082,4.076268,4.123296,4.170368
1.652370,4.066379,4.110874,4.156240
1.649082,4.064730,4.111702,4.156240
1.648260,4.065554,4.112531,4.157071
1.651548,4.064730,4.111702,4.158733
1.649904,4.064730,4.111702,4.157071
1.649904,4.060609,4.107562,4.153746
1.652370,4.053192,4.100109,4.144605
1.654015,4.053192,4.100109,4.145436
1.653193,4.054016,4.100109,4.146267
1.654015,4.053192,4.101765,4.144605
1.656481,4.053192,4.100937,4.145436
1.655659,4.049071,4.095968,4.139618
1.656481,4.040006,4.088515,4.132139
1.657303,4.040830,4.088515,4.132139
1.658948,4.042478,4.086859,4.132139
1.659770,4.041654,4.086859,4.132139
1.658948,4.040006,4.087687,4.130476
1.661414,4.041654,4.088515,4.132139
1.661414,4.034237,4.080234,4.124659
1.663880,4.028467,4.073609,4.117179
1.664703,4.028467,4.076094,4.118841
1.663058,4.026819,4.074438,4.117179
1.665525,4.016105,4.062016,4.103882
1.666347,4.016105,4.062844,4.105544
1.667991,4.016929,4.063672,4.103882
1.670457,4.009512,4.057047,4.098065
1.672924,3.998798,4.046282,4.088092
1.672924,4.000446,4.047938,4.087261
1.672924,3.999622,4.047938,4.088092
1.676212,3.999622,4.049594,4.088092
1.677857,3.988084,4.035516,4.074795
1.681145,3.982315,4.031376,4.067315
1.682789,3.983139,4.030548,4.067315
1.681145,3.982315,4.030548,4.067315
1.681145,3.982315,4.030548,4.068146
1.681967,3.969128,4.015642,4.051525
1.681967,3.960887,4.008189,4.044045
1.684434,3.961711,4.009845,4.044045
1.686900,3.960063,4.009845,4.042383
1.686078,3.960063,4.009845,4.044045
1.684434,3.959238,4.007361,4.042383
1.690189,3.938635,3.985002,4.015788
1.692655,3.936986,3.984174,4.014126
1.691011,3.935338,3.983345,4.014126
1.691833,3.936986,3.984174,4.015788
1.692655,3.936162,3.984174,4.015788
1.691833,3.935338,3.984174,4.014957
1.691833,3.934514,3.984174,4.014957
1.695122,3.914734,3.962643,3.990025
1.697588,3.910613,3.959330,3.985039
1.700054,3.910613,3.957674,3.985039
1.700876,3.910613,3.958502,3.985039
1.701699,3.909789,3.958502,3.985039
1.699232,3.908965,3.957674,3.983377
1.701699,3.909789,3.958502,3.983377
1.703343,3.904844,3.951049,3.975897
1.710742,3.882592,3.932003,3.950965
1.708276,3.883416,3.931174,3.952627
1.709920,3.883416,3.932003,3.953458
1.711564,3.884240,3.933659,3.953458
1.711564,3.884240,3.932831,3.952627
1.709920,3.884240,3.932003,3.952627
1.712386,3.883416,3.932003,3.954289
1.710742,3.881768,3.932831,3.952627
1.711564,3.882592,3.931174,3.953458
1.709920,3.884240,3.932003,3.952627
1.709920,3.881768,3.931174,3.952627
1.709098,3.882592,3.931174,3.952627
1.714853,3.859516,3.908816,3.926864
1.718963,3.856219,3.905503,3.922708
1.719786,3.856219,3.905503,3.919384
1.721430,3.854571,3.904675,3.920215
1.720608,3.853747,3.906331,3.919384
1.722252,3.854571,3.905503,3.919384
1.721430,3.854571,3.904675,3.919384
1.719786,3.853747,3.905503,3.921046
1.719786,3.855395,3.904675,3.919384
1.718141,3.855395,3.904675,3.920215
1.721430,3.854571,3.904675,3.920215
1.723074,3.854571,3.904675,3.919384
1.722252,3.854571,3.903019,3.921046
1.719786,3.855395,3.903847,3.920215
1.718141,3.854571,3.903847,3.918553
1.717319,3.853747,3.903847,3.918553
1.714853,3.868581,3.918753,3.936005
1.708276,3.881768,3.930346,3.950134
1.709098,3.880120,3.930346,3.950134
1.708276,3.882592,3.930346,3.949303
1.709920,3.880944,3.930346,3.950134
1.713208,3.881768,3.930346,3.949303
1.708276,3.880120,3.930346,3.949303
1.709098,3.880944,3.928690,3.949303
1.709920,3.880120,3.931174,3.950134
1.707454,3.880944,3.930346,3.950134
1.709098,3.880944,3.930346,3.950134
1.709098,3.880944,3.930346,3.950965
1.709920,3.880120,3.930346,3.949303
1.709098,3.881768,3.930346,3.948472
1.708276,3.880120,3.928690,3.948472
1.709920,3.880944,3.929518,3.948472
1.708276,3.880120,3.928690,3.949303
1.709098,3.880944,3.929518,3.949303
1.706631,3.894130,3.944424,3.965924
1.700876,3.905668,3.954362,3.980052
1.698410,3.905668,3.953533,3.980052
1.700876,3.906493,3.956018,3.980052
1.700054,3.904844,3.954362,3.979221
1.699232,3.905668,3.954362,3.980052
1.702521,3.905668,3.955190,3.978390
1.702521,3.905668,3.955190,3.978390
1.702521,3.904844,3.954362,3.979221
1.700876,3.905668,3.955190,3.979221
1.700054,3.905668,3.954362,3.978390
1.697588,3.904844,3.953533,3.978390
1.699232,3.905668,3.954362,3.980883
1.700054,3.913910,3.963471,3.990025
1.694299,3.930393,3.980033,4.009971
1.693477,3.932041,3.979205,4.009140
1.692655,3.931217,3.979205,4.009140
1.693477,3.931217,3.978377,4.007478
1.691833,3.932041,3.978377,4.009140
1.693477,3.931217,3.978377,4.008309
1.687722,3.951821,4.001564,4.032410
1.681145,3.955118,4.004048,4.037396
1.682789,3.954294,4.002392,4.036565
1.683612,3.953469,4.003220,4.036565
1.686078,3.954294,4.004048,4.037396
1.680323,3.953469,4.002392,4.036565
1.680323,3.955118,4.003220,4.036565
1.681967,3.953469,4.002392,4.036565
1.681967,3.955118,4.002392,4.035734
1.681145,3.957590,4.005704,4.040721
1.677857,3.976546,4.024751,4.059835
1.677857,3.974897,4.023095,4.059835
1.677035,3.974073,4.023923,4.059004
1.678679,3.975722,4.023923,4.059835
1.678679,3.974897,4.025579,4.059004
1.677857,3.974897,4.023095,4.059835
1.677857,3.976546,4.023923,4.061497
1.677857,3.974897,4.023095,4.059835
1.677035,3.975722,4.024751,4.060666
1.677857,3.977370,4.023095,4.059835
1.676212,3.975722,4.023923,4.060666
1.677857,3.974897,4.023095,4.059835
1.677035,3.976546,4.023923,4.059835
1.677857,3.974897,4.023923,4.059835
1.677857,3.978194,4.027235,4.063160
1.668813,4.004567,4.054563,4.093909
1.664703,4.008688,4.057875,4.099727
1.662236,4.008688,4.057875,4.098896
1.663880,4.009512,4.058703,4.099727
1.663880,4.009512,4.058703,4.099727
1.664703,4.014457,4.062844,4.103882
1.662236,4.025171,4.075266,4.116348
1.661414,4.023523,4.073609,4.116348
1.657303,4.024347,4.072781,4.113855
1.658948,4.024347,4.072781,4.114686
1.659770,4.024347,4.072781,4.115517
1.658948,4.025995,4.072781,4.115517
1.658125,4.037533,4.088515,4.129645
1.657303,4.038357,4.086031,4.129645
1.658125,4.039181,4.085203,4.129645
1.658948,4.038357,4.085203,4.129645
1.658125,4.039181,4.086031,4.128814
1.659770,4.039181,4.086031,4.128814
1.658125,4.040006,4.086859,4.131307
1.654837,4.053192,4.099281,4.143774
1.655659,4.051544,4.099281,4.143774
1.655659,4.049071,4.099281,4.142942
1.653193,4.050720,4.099281,4.142111
1.654015,4.051544,4.097625,4.142942
1.655659,4.051544,4.097625,4.141280
1.654015,4.050720,4.097625,4.140449
1.650726,4.051544,4.097625,4.142111
1.649082,4.061434,4.109218,4.153746
1.649082,4.063906,4.110046,4.155409
1.650726,4.063906,4.110874,4.156240
1.649082,4.063082,4.110874,4.156240
1.644971,4.074620,4.121640,4.167875
1.645793,4.074620,4.121640,4.168706
1.645793,4.076268,4.120812,4.168706
1.647438,4.074620,4.119984,4.167875
1.644971,4.079565,4.124124,4.172861
1.641683,4.087807,4.131577,4.183665
1.640861,4.085334,4.131577,4.180341
1.641683,4.085334,4.133233,4.182003
1.642505,4.085334,4.131577,4.179510
1.640861,4.085334,4.130749,4.180341
1.640038,4.096048,4.141514,4.191976
1.636750,4.096872,4.141514,4.194469
1.636750,4.096048,4.141514,4.194469
1.637572,4.096048,4.141514,4.192807
1.637572,4.096048,4.142343,4.192807
1.637572,4.096048,4.139858,4.192807
1.634284,4.105938,4.149796,4.202780
1.635106,4.107586,4.153108,4.205273
1.633461,4.105938,4.151452,4.204442
1.630995,4.105938,4.151452,4.203611
1.633461,4.105938,4.150624,4.203611
1.633461,4.106762,4.152280,4.204442
1.630995,4.109235,4.154764,4.206935
1.630995,4.117476,4.162217,4.217739
1.630995,4.116652,4.163045,4.218570
1.632639,4.117476,4.162217,4.217739
1.630173,4.117476,4.162217,4.216908
1.630173,4.116652,4.161389,4.216908
1.631817,4.117476,4.163045,4.218570
1.630173,4.118300,4.162217,4.217739
1.626884,4.125718,4.171326,4.226881
1.627706,4.128190,4.172155,4.229374
1.630173,4.127366,4.173811,4.229374
1.625240,4.125718,4.172155,4.226881
1.629351,4.129014,4.174639,4.229374
1.627706,4.126542,4.175467,4.228543
1.626884,4.130663,4.175467,4.231867
1.626062,4.138080,4.184576,4.243502
1.625240,4.138904,4.184576,4.241009
1.627706,4.137256,4.183748,4.241009
1.625240,4.138080,4.184576,4.241840
1.627706,4.137256,4.184576,4.241840
1.626062,4.138904,4.185404,4.241009
1.625240,4.136432,4.183748,4.241009
1.625240,4.139728,4.184576,4.241009
1.624418,4.136432,4.184576,4.241009
1.624418,4.136432,4.184576,4.241840
1.625240,4.136432,4.185404,4.241009
1.625240,4.138080,4.184576,4.241840
1.626884,4.137256,4.185404,4.241840
1.626884,4.137256,4.184576,4.242671
1.625240,4.137256,4.183748,4.241009
1.624418,4.137256,4.185404,4.242671
1.623596,4.136432,4.184576,4.241009
1.625240,4.136432,4.183748,4.240178
1.624418,4.138080,4.185404,4.240178
1.623596,4.137256,4.183748,4.241009
1.623596,4.138904,4.184576,4.243502
1.623596,4.138080,4.184576,4.240178
1.625240,4.138904,4.182920,4.241009
1.625240,4.138904,4.184576,4.241840
1.625240,4.138904,4.185404,4.241009
1.627706,4.133135,4.180436,4.235192
1.626884,4.126542,4.174639,4.228543
1.627706,4.127366,4.174639,4.230205
1.630173,4.129014,4.176295,4.231036
1.628529,4.129014,4.175467,4.231036
1.626062,4.129014,4.175467,4.231036
1.627706,4.128190,4.175467,4.231036
1.628529,4.128190,4.174639,4.232698
1.627706,4.129014,4.174639,4.231036
1.629351,4.129014,4.175467,4.230205
1.629351,4.129014,4.174639,4.229374
1.630173,4.129014,4.174639,4.230205
1.631817,4.128190,4.175467,4.231036
1.629351,4.132311,4.180436,4.237685
1.623596,4.138904,4.185404,4.242671
1.627706,4.139728,4.186232,4.242671
1.626884,4.137256,4.184576,4.241009
1.626062,4.138080,4.186232,4.241840
1.629351,4.138904,4.184576,4.241840
1.626884,4.137256,4.185404,4.241840
1.624418,4.137256,4.185404,4.242671
1.625240,4.138080,4.187060,4.243502
1.626062,4.136432,4.187060,4.242671
1.625240,4.137256,4.186232,4.241840
1.625240,4.137256,4.187060,4.243502
1.626062,4.138904,4.184576,4.242671
1.624418,4.137256,4.185404,4.241840
1.625240,4.138904,4.185404,4.242671
1.624418,4.137256,4.186232,4.241840
1.625240,4.138904,4.186232,4.242671
1.625240,4.138904,4.187060,4.242671
1.626062,4.135608,4.182920,4.239347
1.631817,4.121597,4.166358,4.220232
1.633461,4.117476,4.164702,4.218570
1.631817,4.119949,4.166358,4.219401
1.633461,4.119949,4.164702,4.218570
1.632639,4.119949,4.166358,4.218570
1.632639,4.118300,4.164702,4.218570
1.633461,4.119949,4.166358,4.220232
1.632639,4.118300,4.166358,4.218570
1.633461,4.120773,4.164702,4.217739
1.630995,4.118300,4.165530,4.218570
1.630995,4.110059,4.155592,4.207766
1.635106,4.107586,4.153936,4.207766
1.635928,4.108410,4.154764,4.206104
1.638394,4.108410,4.154764,4.206935
1.638394,4.107586,4.153936,4.206935
1.637572,4.108410,4.153936,4.206935
1.640861,4.107586,4.153108,4.206104
1.637572,4.107586,4.154764,4.204442
1.635928,4.106762,4.153108,4.206935
1.635928,4.106762,4.154764,4.206935
1.636750,4.109235,4.153936,4.206935
1.636750,4.104290,4.149796,4.202780
1.640861,4.097696,4.141514,4.193638
1.642505,4.098521,4.142343,4.195300
1.640861,4.098521,4.142343,4.193638
1.640861,4.099345,4.143999,4.194469
1.640861,4.096872,4.143999,4.194469
1.641683,4.099345,4.143171,4.196131
1.643327,4.097696,4.143999,4.196131
1.640861,4.097696,4.143171,4.194469
1.640861,4.096048,4.143171,4.192807
1.643327,4.085334,4.131577,4.182003
1.644971,4.081213,4.129093,4.177016
1.645793,4.074620,4.121640,4.168706
1.646616,4.077093,4.124124,4.168706
1.647438,4.076268,4.122468,4.169537
1.646616,4.075444,4.124124,4.170368
1.645793,4.072148,4.118327,4.164550
1.648260,4.063082,4.110046,4.155409
1.651548,4.064730,4.111702,4.156240
1.652370,4.064730,4.111702,4.157902
1.650726,4.064730,4.111702,4.157902
1.649904,4.059785,4.109218,4.152084
1.652370,4.051544,4.100109,4.142111
1.650726,4.053192,4.100937,4.143774
1.653193,4.053192,4.101765,4.144605
1.653193,4.052368,4.100937,4.145436
1.654015,4.052368,4.101765,4.143774
1.656481,4.044126,4.091000,4.136294
1.661414,4.040006,4.088515,4.132139
1.659770,4.040006,4.087687,4.132139
1.660592,4.039181,4.090172,4.133801
1.657303,4.039181,4.087687,4.132139
1.660592,4.040006,4.088515,4.132139
1.660592,4.034237,4.082719,4.125490
1.664703,4.026819,4.074438,4.118010
1.665525,4.028467,4.076094,4.120504
1.663880,4.028467,4.076094,4.119672
1.662236,4.026819,4.075266,4.119672
1.660592,4.027643,4.076922,4.118010
1.663058,4.029292,4.076922,4.120504
1.664703,4.020226,4.066985,4.109700
1.666347,4.012808,4.062016,4.104713
1.670457,3.999622,4.047938,4.088923
1.672924,3.999622,4.047110,4.088923
1.674568,3.999622,4.047938,4.088923
1.670457,4.000446,4.048766,4.088923
1.672924,3.994677,4.042141,4.083105
1.676212,3.982315,4.029720,4.067315
1.676212,3.982315,4.030548,4.067315
1.678679,3.982315,4.029720,4.066484
1.676212,3.982315,4.029720,4.067315
1.679501,3.967480,4.014814,4.052356
1.682789,3.961711,4.008189,4.044045
1.686078,3.961711,4.009017,4.043214
1.685256,3.960063,4.008189,4.042383
1.686900,3.960887,4.009845,4.044045
1.684434,3.958414,4.006533,4.040721
1.692655,3.937810,3.984174,4.015788
1.693477,3.936162,3.985002,4.015788
1.692655,3.936162,3.984174,4.015788
1.693477,3.936162,3.985002,4.014957
1.691011,3.934514,3.983345,4.013295
1.692655,3.935338,3.982517,4.014126
1.695944,3.926272,3.972580,4.001660
1.700054,3.909789,3.957674,3.983377
1.699232,3.909789,3.957674,3.985039
1.701699,3.908965,3.957674,3.985039
1.700876,3.907317,3.957674,3.985039
1.701699,3.908965,3.956846,3.983377
1.701699,3.909789,3.956018,3.984208
1.701699,3.909789,3.957674,3.984208
1.700054,3.911437,3.956846,3.984208
1.700054,3.894130,3.940284,3.964262
1.710742,3.883416,3.932003,3.953458
1.709098,3.885064,3.932831,3.954289
1.709920,3.883416,3.932831,3.953458
1.709920,3.881768,3.931174,3.952627
1.709920,3.883416,3.932003,3.953458
1.710742,3.882592,3.932831,3.953458
1.707454,3.882592,3.931174,3.952627
1.709920,3.882592,3.931174,3.952627
1.711564,3.884240,3.930346,3.951796
1.711564,3.882592,3.930346,3.951796
1.709920,3.882592,3.931174,3.950965
1.709098,3.881768,3.929518,3.950134
1.716497,3.857867,3.906331,3.922708
1.721430,3.855395,3.903847,3.921046
1.719786,3.855395,3.904675,3.921046
1.720608,3.855395,3.905503,3.921046
1.718963,3.854571,3.904675,3.921877
1.720608,3.854571,3.904675,3.920215
1.720608,3.854571,3.904675,3.920215
1.723074,3.854571,3.904675,3.920215
1.721430,3.854571,3.904675,3.920215
1.719786,3.856219,3.903847,3.920215
1.718141,3.854571,3.903847,3.920215
1.718141,3.852098,3.904675,3.920215
1.719786,3.853747,3.903019,3.919384
1.719786,3.855395,3.904675,3.921046
1.719786,3.854571,3.903847,3.918553
1.718141,3.852922,3.903019,3.918553
1.718963,3.854571,3.903847,3.919384
1.722252,3.855395,3.903847,3.920215
1.718141,3.865285,3.913784,3.932681
1.713208,3.881768,3.930346,3.950965
1.712386,3.882592,3.928690,3.952627
1.711564,3.882592,3.928690,3.950134
1.710742,3.880944,3.929518,3.950965
1.709920,3.880944,3.929518,3.950134
1.709920,3.881768,3.928690,3.950134
1.710742,3.882592,3.929518,3.949303
1.709920,3.881768,3.929518,3.948472
1.709920,3.881768,3.928690,3.948472
1.709920,3.881768,3.929518,3.949303
1.709920,3.880120,3.929518,3.949303
1.708276,3.883416,3.930346,3.951796
1.700054,3.905668,3.952705,3.980052
1.700054,3.905668,3.952705,3.978390
1.700876,3.905668,3.952705,3.980883
1.700054,3.905668,3.952705,3.980052
1.700876,3.905668,3.953533,3.980052
1.701699,3.904844,3.954362,3.981714
1.700054,3.905668,3.955190,3.980052
1.702521,3.904844,3.953533,3.980052
1.701699,3.906493,3.954362,3.980052
1.701699,3.905668,3.955190,3.980052
1.702521,3.905668,3.952705,3.981714
1.700054,3.905668,3.953533,3.978390
1.702521,3.905668,3.955190,3.980052
1.703343,3.905668,3.953533,3.980052
1.702521,3.906493,3.954362,3.980883
1.704987,3.904844,3.952705,3.980883
1.703343,3.905668,3.955190,3.980052
1.700876,3.904844,3.953533,3.980052
1.699232,3.911437,3.959330,3.986701
1.692655,3.931217,3.980033,4.009140
1.694299,3.931217,3.977549,4.009140
1.696766,3.931217,3.979205,4.007478
1.692655,3.945228,3.993283,4.023268
1.686078,3.955942,4.003220,4.037396
1.686900,3.953469,4.001564,4.034903
1.683612,3.955118,4.003220,4.035734
1.683612,3.955118,4.003220,4.035734
1.684434,3.955118,4.002392,4.034903
1.684434,3.955118,4.003220,4.034903
1.683612,3.955942,4.003220,4.034072
1.679501,3.965008,4.013157,4.046538
1.676212,3.975722,4.023923,4.060666
1.677857,3.975722,4.023095,4.059004
1.677035,3.975722,4.022267,4.060666
1.676212,3.975722,4.022267,4.060666
1.675390,3.975722,4.024751,4.060666
1.677857,3.974073,4.023095,4.059835
1.677035,3.974897,4.023923,4.060666
1.679501,3.976546,4.024751,4.059835
1.678679,3.976546,4.022267,4.060666
1.677035,3.974897,4.023923,4.059835
1.677035,3.980666,4.027235,4.066484
1.672924,3.995501,4.042141,4.083105
1.669635,3.993853,4.041313,4.082274
1.669635,3.993853,4.040485,4.080612
1.667991,3.993029,4.041313,4.083105
1.672924,3.994677,4.042141,4.082274
1.671280,3.994677,4.042141,4.083105
1.673746,3.993029,4.042141,4.080612
1.672102,3.996325,4.043797,4.083105
1.668813,4.010336,4.058703,4.102220
1.667169,4.010336,4.057047,4.100558
1.667169,4.011160,4.057875,4.101389
1.662236,4.025171,4.073609,4.117179
1.658948,4.025995,4.071953,4.115517
1.658948,4.023523,4.071953,4.115517
1.659770,4.025171,4.071953,4.116348
1.660592,4.025171,4.071953,4.115517
1.657303,4.028467,4.078578,4.121335
1.658125,4.039181,4.086859,4.130476
1.657303,4.038357,4.085203,4.130476
1.658125,4.040006,4.086859,4.130476
1.658948,4.040006,4.086031,4.130476
1.657303,4.039181,4.085203,4.130476
1.656481,4.039181,4.086031,4.129645
1.652370,4.049895,4.097625,4.139618
1.654015,4.051544,4.098453,4.142942
1.655659,4.053192,4.097625,4.142111
1.654015,4.051544,4.097625,4.142111
1.654015,4.050720,4.097625,4.142111
1.654837,4.050720,4.098453,4.142942
1.653193,4.051544,4.098453,4.141280
1.653193,4.055665,4.103421,4.147929
1.648260,4.063906,4.111702,4.157071
1.649082,4.063082,4.110874,4.156240
1.649082,4.062258,4.110046,4.155409
1.649082,4.062258,4.110046,4.155409
1.650726,4.063906,4.110046,4.154577
1.647438,4.062258,4.111702,4.155409
1.648260,4.062258,4.109218,4.155409
1.649082,4.062258,4.108390,4.154577
1.645793,4.073796,4.122468,4.167875
1.645793,4.075444,4.120812,4.167875
1.642505,4.083686,4.130749,4.178679
1.642505,4.086158,4.132405,4.180341
1.640861,4.086158,4.131577,4.180341
1.642505,4.086158,4.132405,4.182003
1.641683,4.086158,4.130749,4.180341
1.640861,4.090279,4.137374,4.185327
1.637572,4.098521,4.142343,4.193638
1.640038,4.096872,4.140686,4.193638
1.639216,4.096048,4.139858,4.191145
1.640861,4.096872,4.141514,4.191976
1.641683,4.096048,4.141514,4.191145
1.636750,4.105114,4.152280,4.202780
1.635928,4.106762,4.152280,4.203611
1.635106,4.107586,4.152280,4.203611
1.635928,4.106762,4.153108,4.204442
1.634284,4.107586,4.151452,4.202780
1.635106,4.105938,4.152280,4.206104
1.635928,4.112531,4.158077,4.212753
1.631817,4.117476,4.163873,4.217739
1.630995,4.117476,4.163873,4.218570
1.629351,4.116652,4.163045,4.216908
1.631817,4.116652,4.163045,4.216908
1.632639,4.116652,4.164702,4.218570
1.631817,4.117476,4.162217,4.217739
1.631817,4.122421,4.167186,4.221894
1.630173,4.127366,4.174639,4.229374
1.628529,4.127366,4.174639,4.229374
1.626884,4.127366,4.172983,4.228543
1.630173,4.128190,4.172983,4.228543
1.629351,4.128190,4.172983,4.229374
1.626884,4.128190,4.172983,4.228543
1.627706,4.131487,4.175467,4.231036
1.626062,4.137256,4.184576,4.241840
1.624418,4.138904,4.184576,4.241009
1.622774,4.136432,4.183748,4.241009
1.625240,4.137256,4.183748,4.241840
1.624418,4.137256,4.183748,4.241009
1.624418,4.137256,4.183748,4.241009
1.626062,4.138904,4.184576,4.241840
1.626062,4.138080,4.183748,4.241009
1.626062,4.138904,4.185404,4.243502
1.626062,4.137256,4.184576,4.241840
1.625240,4.137256,4.183748,4.241009
1.626884,4.137256,4.183748,4.241840
1.625240,4.135608,4.183748,4.241009
1.626062,4.137256,4.182920,4.241840
1.626062,4.137256,4.184576,4.241009
1.625240,4.137256,4.184576,4.241840
1.625240,4.137256,4.184576,4.241009
1.624418,4.137256,4.184576,4.240178
1.623596,4.136432,4.185404,4.241009
1.625240,4.137256,4.185404,4.241009
1.625240,4.137256,4.185404,4.241009
1.624418,4.138080,4.183748,4.241009
1.625240,4.137256,4.184576,4.241009
1.626062,4.136432,4.183748,4.240178
1.627706,4.136432,4.185404,4.241009
1.627706,4.138080,4.185404,4.241840
1.628529,4.138904,4.185404,4.242671
1.624418,4.138080,4.185404,4.241009
1.627706,4.133135,4.180436,4.236023
1.630173,4.126542,4.172983,4.228543
1.630173,4.127366,4.173811,4.230205
1.630995,4.127366,4.175467,4.228543
1.629351,4.128190,4.175467,4.230205
1.628529,4.127366,4.175467,4.230205
1.629351,4.127366,4.173811,4.230205
1.628529,4.128190,4.174639,4.231867
1.628529,4.128190,4.175467,4.230205
1.628529,4.128190,4.174639,4.229374
1.630995,4.128190,4.175467,4.231036
1.631817,4.129014,4.174639,4.231867
1.630173,4.128190,4.175467,4.230205
1.628529,4.127366,4.174639,4.230205
1.628529,4.129838,4.175467,4.230205
1.626884,4.128190,4.173811,4.231036
1.628529,4.129014,4.175467,4.231036
1.626062,4.129838,4.174639,4.228543
1.626884,4.129014,4.174639,4.230205
1.629351,4.129838,4.175467,4.229374
1.626884,4.138904,4.185404,4.240178
1.626062,4.138080,4.185404,4.242671
1.624418,4.139728,4.184576,4.241840
1.625240,4.138080,4.184576,4.242671
1.624418,4.138904,4.185404,4.241840
1.625240,4.138904,4.184576,4.242671
1.622774,4.138080,4.185404,4.242671
1.623596,4.138904,4.185404,4.241009
1.622774,4.138904,4.185404,4.241840
1.625240,4.138080,4.185404,4.242671
1.624418,4.138080,4.186232,4.241840
1.627706,4.137256,4.183748,4.239347
1.633461,4.119949,4.163873,4.217739
1.634284,4.119124,4.164702,4.218570
1.632639,4.119949,4.164702,4.218570
1.633461,4.119124,4.164702,4.217739
1.632639,4.118300,4.163873,4.218570
1.633461,4.119124,4.165530,4.218570
1.633461,4.118300,4.164702,4.221063
1.633461,4.118300,4.163873,4.218570
1.634284,4.115828,4.162217,4.216077
1.639216,4.107586,4.153108,4.205273
1.640861,4.106762,4.153108,4.207766
1.639216,4.110059,4.153108,4.207766
1.641683,4.109235,4.153108,4.206935
1.638394,4.108410,4.153108,4.206935
1.638394,4.107586,4.153936,4.206935
1.637572,4.108410,4.153108,4.207766
1.639216,4.109235,4.154764,4.206104
1.636750,4.107586,4.154764,4.207766
1.639216,4.100993,4.147311,4.198624
1.642505,4.096872,4.143171,4.192807
1.640038,4.098521,4.144827,4.193638
1.641683,4.096872,4.143999,4.193638
1.640861,4.097696,4.143999,4.194469
1.642505,4.097696,4.145655,4.194469
1.641683,4.097696,4.143999,4.194469
1.643327,4.096872,4.143171,4.194469
1.642505,4.097696,4.143999,4.195300
1.640861,4.098521,4.143999,4.195300
1.639216,4.098521,4.143999,4.195300
1.637572,4.096872,4.143171,4.193638
1.640861,4.088631,4.134061,4.183665
1.645793,4.074620,4.120812,4.169537
1.649082,4.075444,4.121640,4.168706
1.649904,4.075444,4.122468,4.168706
1.647438,4.077093,4.124952,4.170368
1.649904,4.067203,4.114187,4.157902
1.651548,4.062258,4.111702,4.156240
1.653193,4.063906,4.110874,4.157902
1.653193,4.065554,4.112531,4.157902
1.654837,4.064730,4.113359,4.157071
1.657303,4.054840,4.102593,4.147098
1.658125,4.054016,4.100109,4.143774
1.655659,4.051544,4.100109,4.144605
1.654837,4.052368,4.100109,4.144605
1.654837,4.051544,4.100937,4.144605
1.657303,4.042478,4.091000,4.135463
1.656481,4.040006,4.086859,4.132139
1.658125,4.040830,4.087687,4.131307
1.658125,4.040006,4.087687,4.132970
1.658948,4.039181,4.088515,4.132139
1.661414,4.040830,4.086031,4.130476
1.663880,4.027643,4.074438,4.118010
1.661414,4.027643,4.075266,4.118841
1.662236,4.027643,4.076094,4.118841
1.661414,4.027643,4.076094,4.118010
1.662236,4.027643,4.074438,4.118841
1.663058,4.028467,4.074438,4.118841
1.665525,4.016105,4.064500,4.107206
1.665525,4.013633,4.062016,4.105544
1.663058,4.014457,4.062844,4.103882
1.663880,4.014457,4.062844,4.103051
1.665525,4.014457,4.061188,4.105544
1.668813,4.002919,4.051250,4.091416
1.671280,4.000446,4.047938,4.088092
1.671280,3.997974,4.047110,4.085598
1.675390,3.982315,4.029720,4.068146
1.677035,3.981491,4.029720,4.065653
1.681967,3.981491,4.030548,4.068977
1.681967,3.982315,4.029720,4.066484
1.681145,3.980666,4.028891,4.067315
1.685256,3.960887,4.009017,4.043214
1.686078,3.961711,4.008189,4.043214
1.686900,3.961711,4.009017,4.043214
1.685256,3.960887,4.008189,4.044045
1.684434,3.960063,4.009017,4.044045
1.687722,3.943579,3.990798,4.023268
1.691833,3.936162,3.984174,4.014957
1.692655,3.936162,3.984174,4.014126
1.692655,3.936986,3.984174,4.015788
1.691011,3.934514,3.984174,4.013295
1.692655,3.936162,3.984174,4.016619
1.694299,3.923800,3.972580,3.999998
1.699232,3.909789,3.957674,3.985039
1.702521,3.910613,3.957674,3.985039
1.703343,3.908965,3.959330,3.985039
1.701699,3.908965,3.957674,3.985039
1.701699,3.908965,3.957674,3.983377
1.703343,3.910613,3.959330,3.984208
1.702521,3.908965,3.957674,3.984208
1.704987,3.907317,3.956846,3.982545
1.712386,3.885064,3.932003,3.952627
1.711564,3.883416,3.933659,3.952627
1.710742,3.882592,3.932831,3.952627
1.713208,3.883416,3.932003,3.952627
1.710742,3.882592,3.930346,3.950965
1.709098,3.882592,3.932003,3.952627
1.707454,3.882592,3.932831,3.950965
1.708276,3.882592,3.931174,3.950965
1.710742,3.881768,3.932003,3.951796
1.711564,3.882592,3.932831,3.952627
1.714031,3.882592,3.930346,3.951796
1.712386,3.881768,3.932003,3.951796
1.713208,3.881768,3.932831,3.952627
1.712386,3.881768,3.930346,3.950965
1.713208,3.872702,3.921237,3.940161
1.721430,3.855395,3.903847,3.919384
1.722252,3.856219,3.904675,3.921877
1.723074,3.855395,3.905503,3.920215
1.719786,3.853747,3.904675,3.920215
1.719786,3.855395,3.903847,3.919384
1.723074,3.856219,3.903847,3.920215
1.720608,3.853747,3.903847,3.919384
1.723074,3.853747,3.904675,3.919384
1.718963,3.853747,3.904675,3.920215
1.720608,3.854571,3.903019,3.920215
1.721430,3.852922,3.904675,3.919384
1.718141,3.854571,3.903847,3.919384
1.720608,3.853747,3.903847,3.919384
1.720608,3.853747,3.903847,3.919384
1.719786,3.853747,3.903847,3.917722
1.720608,3.852922,3.903019,3.920215
1.719786,3.852922,3.903847,3.920215
1.718963,3.851274,3.902191,3.918553
1.721430,3.853747,3.904675,3.921046
1.719786,3.860340,3.912128,3.929357
1.711564,3.880120,3.928690,3.951796
1.711564,3.879295,3.929518,3.949303
1.711564,3.879295,3.928690,3.950134
1.711564,3.879295,3.928690,3.949303
1.711564,3.880120,3.929518,3.950134
1.711564,3.879295,3.929518,3.951796
1.712386,3.880120,3.927862,3.950134
1.712386,3.880120,3.929518,3.950134
1.704987,3.901548,3.952705,3.979221
1.701699,3.904844,3.954362,3.980052
1.703343,3.904020,3.952705,3.980883
1.701699,3.904844,3.953533,3.980052
1.700876,3.905668,3.954362,3.981714
1.703343,3.904844,3.953533,3.980883
1.702521,3.905668,3.954362,3.980883
1.700876,3.904844,3.954362,3.979221
1.699232,3.904844,3.954362,3.980883
1.701699,3.904844,3.954362,3.980883
1.701699,3.903196,3.954362,3.979221
1.701699,3.905668,3.954362,3.980883
1.702521,3.905668,3.954362,3.980883
1.701699,3.905668,3.954362,3.979221
1.700876,3.907317,3.955190,3.980883
1.700054,3.906493,3.952705,3.980052
1.701699,3.905668,3.954362,3.980052
1.701699,3.905668,3.952705,3.980883
1.700054,3.904844,3.953533,3.980883
1.699232,3.904844,3.953533,3.980052
1.700876,3.904844,3.953533,3.979221
1.700054,3.904020,3.952705,3.979221
1.701699,3.908141,3.957674,3.983377
1.691011,3.945228,3.994939,4.024930
1.686900,3.955118,4.002392,4.036565
1.684434,3.953469,4.003220,4.036565
1.682789,3.954294,4.002392,4.036565
1.681967,3.953469,4.001564,4.037396
1.681145,3.954294,4.000736,4.036565
1.681967,3.954294,4.002392,4.036565
1.679501,3.962535,4.009845,4.045707
1.676212,3.976546,4.022267,4.059835
1.674568,3.974897,4.022267,4.059004
1.676212,3.976546,4.023095,4.059835
1.675390,3.975722,4.022267,4.059835
1.677035,3.974897,4.023095,4.059835
1.677035,3.975722,4.022267,4.059835
1.676212,3.976546,4.022267,4.059835
1.677035,3.975722,4.023923,4.060666
1.672924,3.989732,4.036344,4.076457
1.669635,3.995501,4.040485,4.082274
1.669635,3.994677,4.042141,4.078950
1.668813,3.995501,4.042141,4.082274
1.671280,3.995501,4.040485,4.082274
1.672924,3.994677,4.042141,4.080612
1.671280,3.994677,4.040485,4.079781
1.670457,3.995501,4.042969,4.082274
1.671280,3.993853,4.042969,4.081443
1.671280,3.995501,4.041313,4.083105
1.671280,3.993853,4.041313,4.080612
1.673746,3.993853,4.042969,4.080612
1.673746,3.994677,4.042141,4.082274
1.672102,3.996325,4.041313,4.083105
1.672924,3.996325,4.043797,4.083936
1.666347,4.023523,4.073609,4.115517
1.660592,4.025171,4.072781,4.116348
1.661414,4.023523,4.071125,4.115517
1.663058,4.023523,4.072781,4.116348
1.663058,4.024347,4.072781,4.115517
1.661414,4.029292,4.078578,4.121335
1.658125,4.039181,4.086859,4.131307
1.656481,4.039181,4.085203,4.130476
1.655659,4.038357,4.085203,4.130476
1.656481,4.038357,4.084375,4.130476
1.658125,4.038357,4.086031,4.129645
1.656481,4.044126,4.092656,4.136294
1.654015,4.053192,4.100109,4.143774
1.650726,4.049895,4.099281,4.142111
1.651548,4.049071,4.099281,4.142111
1.653193,4.049071,4.098453,4.142942
1.654015,4.050720,4.097625,4.142942
1.655659,4.051544,4.097625,4.142942
1.652370,4.061434,4.111702,4.155409
1.648260,4.062258,4.110874,4.155409
1.649904,4.062258,4.109218,4.155409
1.650726,4.063082,4.110874,4.156240
1.649904,4.061434,4.110874,4.156240
1.650726,4.062258,4.109218,4.156240
1.649082,4.063082,4.110046,4.156240
1.648260,4.066379,4.115015,4.161226
1.646616,4.077093,4.122468,4.170368
1.647438,4.073796,4.121640,4.168706
1.649082,4.075444,4.121640,4.168706
1.647438,4.073796,4.121640,4.167875
1.644149,4.073796,4.119984,4.167044
1.642505,4.082038,4.128265,4.178679
1.641683,4.085334,4.132405,4.181172
1.640038,4.085334,4.130749,4.180341
1.637572,4.086158,4.131577,4.181172
1.635928,4.092752,4.139858,4.190314
1.635928,4.095224,4.143999,4.193638
1.635928,4.096048,4.139858,4.192807
1.637572,4.095224,4.139858,4.192807
1.635928,4.096872,4.142343,4.192807
1.636750,4.098521,4.143171,4.194469
1.634284,4.107586,4.152280,4.206935
1.635106,4.106762,4.152280,4.206104
1.637572,4.105938,4.152280,4.205273
1.635106,4.105114,4.151452,4.204442
1.636750,4.106762,4.151452,4.206935
1.633461,4.106762,4.150624,4.206935
1.633461,4.116652,4.163045,4.216077
1.630995,4.118300,4.162217,4.218570
1.632639,4.116652,4.161389,4.217739
1.634284,4.118300,4.163045,4.220232
1.633461,4.118300,4.162217,4.218570
1.630995,4.117476,4.161389,4.217739
1.628529,4.121597,4.166358,4.223557
1.628529,4.126542,4.172983,4.230205
1.627706,4.128190,4.172983,4.230205
1.626884,4.126542,4.173811,4.229374
1.626884,4.127366,4.172983,4.229374
1.628529,4.127366,4.173811,4.229374
1.627706,4.126542,4.175467,4.230205
1.625240,4.129014,4.175467,4.230205
1.626062,4.133959,4.179607,4.237685
1.626884,4.138080,4.183748,4.241009
1.626884,4.138904,4.183748,4.241009
1.626884,4.136432,4.183748,4.241840
1.626884,4.137256,4.185404,4.241840
1.626884,4.137256,4.184576,4.240178
1.625240,4.137256,4.184576,4.241009
1.625240,4.137256,4.184576,4.241009
1.626062,4.138080,4.184576,4.241840
1.626884,4.138904,4.184576,4.241009
1.626884,4.138080,4.184576,4.241840
1.626884,4.137256,4.185404,4.241009
1.624418,4.138080,4.184576,4.241009
1.624418,4.137256,4.184576,4.240178
1.626062,4.137256,4.183748,4.240178
1.625240,4.135608,4.186232,4.241840
1.624418,4.138080,4.185404,4.241840
1.626062,4.138080,4.183748,4.241009
1.624418,4.138080,4.184576,4.240178
1.624418,4.137256,4.185404,4.239347
1.625240,4.138080,4.183748,4.242671
1.626884,4.138904,4.184576,4.241840
1.626884,4.138080,4.183748,4.241009
1.625240,4.138080,4.183748,4.241009
1.626062,4.137256,4.184576,4.241009
1.626884,4.137256,4.182920,4.241840
1.626062,4.137256,4.184576,4.241009
1.626884,4.137256,4.184576,4.240178
1.630173,4.138080,4.185404,4.241009
1.627706,4.138080,4.185404,4.241009
1.626062,4.136432,4.183748,4.241009
1.622774,4.138904,4.185404,4.241840
1.626062,4.134783,4.182092,4.238516
1.628529,4.127366,4.174639,4.228543
1.627706,4.127366,4.175467,4.230205
1.630173,4.128190,4.176295,4.231867
1.629351,4.127366,4.175467,4.230205
1.631817,4.127366,4.176295,4.233529
1.630173,4.128190,4.175467,4.230205
1.629351,4.129014,4.173811,4.232698
1.630995,4.129838,4.175467,4.231867
1.629351,4.129014,4.174639,4.230205
1.629351,4.128190,4.174639,4.230205
1.628529,4.127366,4.174639,4.229374
1.630173,4.128190,4.173811,4.230205
1.630173,4.129838,4.174639,4.231036
1.629351,4.129838,4.174639,4.229374
1.628529,4.127366,4.173811,4.229374
1.628529,4.129014,4.174639,4.229374
1.629351,4.129838,4.173811,4.230205
1.630995,4.129838,4.173811,4.231036
1.629351,4.129838,4.173811,4.230205
1.627706,4.128190,4.173811,4.231036
1.629351,4.129838,4.175467,4.231867
1.630173,4.130663,4.175467,4.231036
1.629351,4.128190,4.175467,4.231036
1.630995,4.127366,4.175467,4.230205
1.628529,4.127366,4.175467,4.230205
1.629351,4.128190,4.175467,4.231867
1.630995,4.129014,4.176295,4.231867
1.630173,4.128190,4.175467,4.231867
1.630173,4.129838,4.174639,4.231867
1.630995,4.128190,4.174639,4.231036
1.628529,4.128190,4.174639,4.229374
1.630995,4.119124,4.164702,4.217739
1.630995,4.119124,4.165530,4.218570
1.632639,4.119949,4.164702,4.218570
1.634284,4.119124,4.163873,4.218570
1.635106,4.118300,4.164702,4.220232
1.633461,4.117476,4.163045,4.219401
1.632639,4.119124,4.163873,4.219401
1.635106,4.115004,4.159733,4.215246
1.635928,4.107586,4.152280,4.206104
1.635106,4.106762,4.153936,4.206104
1.637572,4.108410,4.153108,4.206104
1.637572,4.107586,4.154764,4.205273
1.635928,4.107586,4.153936,4.206104
1.634284,4.107586,4.153936,4.206935
1.633461,4.107586,4.152280,4.205273
1.635106,4.108410,4.153936,4.206935
1.635106,4.096872,4.142343,4.194469
1.639216,4.097696,4.143171,4.191976
1.640038,4.097696,4.142343,4.194469
1.638394,4.098521,4.143171,4.193638
1.636750,4.096872,4.143999,4.193638
1.638394,4.097696,4.144827,4.195300
1.640038,4.097696,4.143171,4.195300
1.641683,4.097696,4.143171,4.193638
1.641683,4.096872,4.143171,4.193638
1.640861,4.097696,4.143999,4.193638
1.645793,4.086158,4.133233,4.181172
1.644971,4.086158,4.133233,4.181172
1.644971,4.086158,4.133233,4.181172
1.645793,4.087807,4.132405,4.182834
1.644971,4.086158,4.133233,4.183665
1.646616,4.075444,4.123296,4.171199
1.646616,4.074620,4.121640,4.168706
1.648260,4.069675,4.115843,4.162888
1.652370,4.062258,4.111702,4.156240
1.651548,4.064730,4.110046,4.157902
1.649082,4.064730,4.110874,4.156240
1.649082,4.064730,4.110874,4.157071
1.654015,4.054840,4.101765,4.145436
1.656481,4.053192,4.100109,4.143774
1.655659,4.053192,4.102593,4.145436
1.655659,4.053192,4.100937,4.143774
1.653193,4.050720,4.100109,4.142111
1.656481,4.040006,4.088515,4.131307
1.656481,4.040830,4.089344,4.132139
1.657303,4.041654,4.089344,4.132139
1.655659,4.040006,4.088515,4.132139
1.656481,4.039181,4.086859,4.130476
1.662236,4.026819,4.075266,4.118841
1.660592,4.028467,4.076094,4.119672
1.659770,4.027643,4.074438,4.118841
1.662236,4.029292,4.076094,4.118841
1.661414,4.028467,4.075266,4.119672
1.663058,4.025171,4.074438,4.117179
1.665525,4.014457,4.061188,4.103882
1.665525,4.014457,4.062016,4.104713
1.666347,4.014457,4.062844,4.104713
1.668813,4.013633,4.062844,4.103882
1.666347,4.015281,4.062844,4.104713
1.666347,4.013633,4.062844,4.104713
1.670457,4.000446,4.047110,4.088092
1.672102,4.000446,4.047938,4.088923
1.672924,3.997974,4.045454,4.086430
1.677857,3.982315,4.027235,4.067315
1.677035,3.982315,4.030548,4.066484
1.677035,3.980666,4.030548,4.067315
1.677035,3.981491,4.029720,4.067315
1.679501,3.972425,4.021438,4.057342
1.682789,3.960063,4.009845,4.042383
1.686078,3.959238,4.009845,4.043214
1.683612,3.960887,4.008189,4.044045
1.686078,3.959238,4.008189,4.042383
1.683612,3.958414,4.004876,4.040721
1.691011,3.937810,3.982517,4.014957
1.691833,3.935338,3.985002,4.015788
1.689367,3.935338,3.984174,4.015788
1.691011,3.935338,3.985002,4.014957
1.692655,3.936162,3.983345,4.014126
1.692655,3.929569,3.980033,4.011633
1.700876,3.910613,3.958502,3.985870
1.705809,3.909789,3.957674,3.985039
1.703343,3.909789,3.956018,3.983377
1.702521,3.908965,3.958502,3.984208
1.700054,3.908965,3.958502,3.985039
1.702521,3.908965,3.957674,3.985039
1.703343,3.908141,3.957674,3.984208
1.701699,3.906493,3.955190,3.981714
1.708276,3.885064,3.932003,3.951796
1.714031,3.885064,3.932003,3.952627
1.711564,3.882592,3.932003,3.953458
1.711564,3.882592,3.931174,3.951796
1.713208,3.882592,3.932003,3.952627
1.712386,3.881768,3.932831,3.952627
1.711564,3.881768,3.930346,3.951796
1.709920,3.882592,3.932003,3.952627
1.712386,3.882592,3.932003,3.952627
1.708276,3.882592,3.930346,3.951796
1.710742,3.882592,3.931174,3.952627
1.709920,3.881768,3.931174,3.951796
1.709098,3.882592,3.932003,3.950965
1.712386,3.883416,3.932003,3.951796
1.712386,3.881768,3.932003,3.950965
1.714031,3.871878,3.919581,3.939330
1.718141,3.854571,3.903847,3.920215
1.720608,3.855395,3.903847,3.921877
1.721430,3.853747,3.904675,3.919384
1.718963,3.854571,3.904675,3.920215
1.718141,3.853747,3.904675,3.920215
1.720608,3.852922,3.903847,3.922708
1.717319,3.853747,3.903847,3.921046
1.720608,3.852922,3.903847,3.920215
1.718141,3.854571,3.904675,3.918553
1.719786,3.853747,3.903019,3.918553
1.720608,3.855395,3.903847,3.920215
1.720608,3.853747,3.903019,3.920215
1.720608,3.853747,3.903019,3.921046
1.721430,3.854571,3.903847,3.920215
1.722252,3.854571,3.903847,3.920215
1.720608,3.853747,3.903019,3.920215
1.718963,3.853747,3.903847,3.919384
1.717319,3.853747,3.903847,3.919384
1.717319,3.853747,3.903019,3.919384
1.715675,3.852098,3.902191,3.918553
1.718141,3.852922,3.902191,3.918553
1.716497,3.858692,3.907987,3.924370
1.707454,3.880120,3.929518,3.951796
1.707454,3.879295,3.928690,3.949303
1.705809,3.879295,3.929518,3.950134
1.710742,3.879295,3.928690,3.950134
1.713208,3.880944,3.930346,3.950134
1.704165,3.902372,3.952705,3.979221
1.700054,3.905668,3.953533,3.981714
1.700054,3.904844,3.952705,3.980883
1.700054,3.906493,3.954362,3.980052
1.700876,3.905668,3.954362,3.980052
1.698410,3.905668,3.953533,3.981714
1.700876,3.906493,3.954362,3.979221
1.700876,3.906493,3.952705,3.979221
1.701699,3.907317,3.953533,3.980052
1.700876,3.905668,3.952705,3.980052
1.699232,3.905668,3.953533,3.980052
1.700876,3.906493,3.952705,3.980883
1.699232,3.904844,3.953533,3.980052
1.699232,3.904020,3.954362,3.979221
1.695944,3.920503,3.970096,3.998336
1.691833,3.930393,3.978377,4.009140
1.691833,3.930393,3.979205,4.009971
1.689367,3.928745,3.976721,4.009140
1.691011,3.930393,3.978377,4.009971
1.691833,3.931217,3.977549,4.009971
1.690189,3.930393,3.975892,4.009971
1.691833,3.931217,3.978377,4.009971
1.691833,3.929569,3.977549,4.010802
1.690189,3.930393,3.977549,4.009140
1.691011,3.930393,3.978377,4.009140
1.690189,3.932865,3.980033,4.012464
1.684434,3.953469,4.003220,4.036565
1.684434,3.954294,4.001564,4.036565
1.684434,3.954294,4.002392,4.036565
1.683612,3.952645,4.002392,4.038227
1.684434,3.955118,4.002392,4.036565
1.681967,3.970777,4.019782,4.055680
1.677857,3.975722,4.023923,4.060666
1.676212,3.974897,4.023095,4.060666
1.675390,3.974897,4.021438,4.060666
1.676212,3.974897,4.023095,4.059835
1.677857,3.974897,4.022267,4.059835
1.677035,3.975722,4.023095,4.059835
1.677035,3.975722,4.023923,4.061497
1.676212,3.988908,4.036344,4.076457
1.669635,3.991380,4.040485,4.081443
1.672102,3.993029,4.042141,4.082274
1.672102,3.993029,4.041313,4.083105
1.670457,3.992205,4.041313,4.082274
1.668813,3.993029,4.042141,4.081443
1.668813,3.993029,4.042141,4.082274
1.670457,3.993029,4.042141,4.081443
1.672102,3.994677,4.042969,4.081443
1.672924,3.994677,4.042141,4.083105
1.673746,3.993029,4.042141,4.083105
1.672924,3.996325,4.043797,4.084767
1.666347,4.010336,4.058703,4.101389
1.663880,4.009512,4.057047,4.099727
1.664703,4.010336,4.057047,4.100558
1.664703,4.008688,4.056219,4.100558
1.664703,4.009512,4.058703,4.101389
1.665525,4.008688,4.058703,4.101389
1.661414,4.021874,4.071953,4.113855
1.658125,4.024347,4.072781,4.116348
1.656481,4.023523,4.071125,4.114686
1.657303,4.030940,4.079406,4.123828
1.656481,4.039181,4.086859,4.130476
1.655659,4.038357,4.086859,4.130476
1.657303,4.036709,4.086031,4.129645
1.657303,4.037533,4.085203,4.129645
1.654015,4.036709,4.085203,4.128814
1.654015,4.049071,4.097625,4.141280
1.653193,4.051544,4.097625,4.142111
1.653193,4.049895,4.097625,4.141280
1.651548,4.050720,4.097625,4.141280
1.653193,4.052368,4.098453,4.142111
1.652370,4.050720,4.097625,4.143774
1.647438,4.063082,4.111702,4.156240
1.647438,4.064730,4.110874,4.155409
1.649082,4.063082,4.111702,4.156240
1.651548,4.062258,4.110046,4.155409
1.649904,4.063082,4.109218,4.156240
1.649082,4.062258,4.110874,4.155409
1.649082,4.061434,4.110046,4.154577
1.647438,4.074620,4.122468,4.167875
1.648260,4.074620,4.120812,4.167875
1.645793,4.075444,4.119984,4.167875
1.648260,4.072972,4.121640,4.166213
1.642505,4.072148,4.119155,4.167875
1.644971,4.073796,4.120812,4.167875
1.645793,4.072972,4.121640,4.168706
1.644971,4.074620,4.122468,4.167875
1.643327,4.081213,4.127437,4.176185
1.643327,4.085334,4.131577,4.180341
1.643327,4.084510,4.131577,4.180341
1.637572,4.094400,4.141514,4.191145
1.639216,4.096872,4.141514,4.192807
1.638394,4.096872,4.142343,4.192807
1.640038,4.096048,4.142343,4.192807
1.639216,4.094400,4.140686,4.191976
1.639216,4.100993,4.148967,4.200286
1.635106,4.106762,4.153936,4.205273
1.635928,4.105114,4.151452,4.204442
1.635106,4.106762,4.153108,4.204442
1.634284,4.105938,4.151452,4.204442
1.635106,4.105938,4.152280,4.205273
1.630995,4.111707,4.158905,4.212753
1.630173,4.116652,4.163045,4.216908
1.632639,4.115828,4.162217,4.215246
1.631817,4.116652,4.163045,4.216077
1.632639,4.115828,4.163045,4.216908
1.632639,4.116652,4.163045,4.216077
1.631817,4.117476,4.164702,4.217739
1.627706,4.127366,4.175467,4.229374
1.629351,4.127366,4.173811,4.230205
1.628529,4.126542,4.173811,4.230205
1.628529,4.127366,4.172983,4.231036
1.627706,4.127366,4.174639,4.230205
1.630173,4.126542,4.174639,4.229374
1.628529,4.127366,4.172983,4.228543
1.627706,4.137256,4.184576,4.241009
1.626884,4.138080,4.183748,4.241009
1.625240,4.137256,4.182920,4.240178
1.625240,4.138904,4.184576,4.242671
1.625240,4.134783,4.181264,4.237685
1.625240,4.137256,4.182920,4.239347
1.624418,4.138080,4.183748,4.240178
1.625240,4.139728,4.184576,4.241840
1.622774,4.138904,4.184576,4.241009
1.623596,4.137256,4.185404,4.241009
1.625240,4.135608,4.183748,4.241009
1.626884,4.138080,4.185404,4.241840
1.627706,4.136432,4.183748,4.241840
1.626062,4.137256,4.182920,4.241840
1.627706,4.138080,4.185404,4.241840
1.625240,4.136432,4.184576,4.241009
1.623596,4.138080,4.183748,4.241840
1.626884,4.138080,4.185404,4.241840
1.625240,4.137256,4.183748,4.241009
1.624418,4.138080,4.183748,4.241009
1.625240,4.137256,4.185404,4.242671
1.622774,4.136432,4.182920,4.241009
1.624418,4.138080,4.182920,4.242671
1.626884,4.137256,4.182920,4.242671
1.625240,4.136432,4.183748,4.241840
1.626062,4.138080,4.184576,4.242671
1.627706,4.138080,4.183748,4.241009
1.626884,4.137256,4.183748,4.241840
1.627706,4.137256,4.186232,4.242671
1.627706,4.137256,4.185404,4.241840
1.627706,4.138080,4.185404,4.241840
1.626062,4.137256,4.184576,4.241009
1.625240,4.138080,4.184576,4.241840
1.625240,4.138904,4.184576,4.242671
1.625240,4.137256,4.184576,4.241840
1.626884,4.135608,4.182920,4.241009
1.630173,4.127366,4.174639,4.230205
1.631817,4.128190,4.175467,4.231036
1.630173,4.128190,4.175467,4.229374
1.631817,4.128190,4.175467,4.229374
1.632639,4.129014,4.174639,4.229374
1.629351,4.127366,4.174639,4.230205
1.631817,4.127366,4.174639,4.231036
1.632639,4.129014,4.174639,4.232698
1.629351,4.129014,4.175467,4.231036
1.630995,4.128190,4.175467,4.231867
1.631817,4.129838,4.174639,4.232698
1.628529,4.128190,4.174639,4.231036
1.627706,4.128190,4.174639,4.231036
1.630173,4.128190,4.175467,4.231867
1.630995,4.126542,4.174639,4.231867
1.627706,4.128190,4.173811,4.230205
1.626884,4.127366,4.174639,4.231867
1.628529,4.129014,4.175467,4.231867
1.628529,4.127366,4.174639,4.230205
1.628529,4.129838,4.175467,4.231867
1.627706,4.129014,4.175467,4.231867
1.628529,4.129014,4.175467,4.231867
1.630995,4.129014,4.175467,4.231867
1.630995,4.129838,4.175467,4.231867
1.628529,4.129838,4.174639,4.231036
1.627706,4.128190,4.175467,4.230205
1.630173,4.129014,4.175467,4.231036
1.630173,4.129838,4.175467,4.230205
1.627706,4.128190,4.174639,4.230205
1.626884,4.129014,4.175467,4.231036
1.628529,4.128190,4.175467,4.230205
1.632639,4.119124,4.165530,4.220232
1.632639,4.117476,4.164702,4.219401
1.635928,4.119124,4.165530,4.217739
1.633461,4.110059,4.157249,4.210259
1.635106,4.107586,4.153108,4.207766
1.636750,4.107586,4.154764,4.206935
1.637572,4.107586,4.153936,4.206104
1.637572,4.109235,4.154764,4.207766
1.638394,4.107586,4.153936,4.205273
1.636750,4.107586,4.153108,4.204442
1.635928,4.105938,4.153108,4.204442
1.640038,4.096048,4.142343,4.192807
1.640038,4.096872,4.143999,4.194469
1.641683,4.096048,4.143171,4.195300
1.641683,4.097696,4.143999,4.195300
1.639216,4.097696,4.143999,4.195300
1.640861,4.096872,4.142343,4.194469
1.644149,4.098521,4.143999,4.195300
1.640038,4.096872,4.143999,4.192807
1.642505,4.085334,4.131577,4.181172
1.640861,4.085334,4.131577,4.182003
1.644149,4.086158,4.132405,4.182834
1.643327,4.086982,4.132405,4.182834
1.642505,4.086158,4.132405,4.183665
1.644971,4.085334,4.132405,4.182834
1.644971,4.086158,4.134061,4.184496
1.644149,4.086158,4.133233,4.182003
1.644971,4.085334,4.134061,4.182003
1.647438,4.077093,4.125780,4.173692
1.645793,4.073796,4.121640,4.167875
1.645793,4.074620,4.121640,4.169537
1.649082,4.066379,4.112531,4.158733
1.651548,4.063906,4.110874,4.156240
1.650726,4.063082,4.111702,4.156240
1.651548,4.058961,4.106734,4.152084
1.655659,4.052368,4.099281,4.142942
1.657303,4.053192,4.100109,4.145436
1.655659,4.051544,4.099281,4.145436
1.655659,4.052368,4.100109,4.145436
1.657303,4.042478,4.089344,4.134632
1.661414,4.040830,4.089344,4.134632
1.658948,4.040830,4.088515,4.133801
1.657303,4.040006,4.088515,4.133801
1.658125,4.038357,4.088515,4.132139
1.663880,4.028467,4.074438,4.119672
1.665525,4.027643,4.075266,4.118841
1.664703,4.027643,4.074438,4.119672
1.664703,4.027643,4.075266,4.119672
1.664703,4.028467,4.076094,4.119672
1.666347,4.017753,4.063672,4.108037
1.667991,4.014457,4.061188,4.105544
1.669635,4.014457,4.061188,4.105544
1.667991,4.014457,4.061188,4.104713
1.670457,4.013633,4.061188,4.103882
1.671280,4.014457,4.061188,4.105544
1.672924,4.000446,4.048766,4.090585
1.676212,4.001270,4.046282,4.088923
1.675390,3.999622,4.047110,4.088923
1.672102,3.999622,4.046282,4.088092
1.671280,3.999622,4.046282,4.088923
1.672102,3.997974,4.046282,4.088092
1.673746,3.997974,4.044626,4.087261
1.677035,3.982315,4.030548,4.068146
1.677035,3.982315,4.026407,4.067315
1.681967,3.965832,4.011501,4.051525
1.684434,3.960063,4.005704,4.044045
1.685256,3.960887,4.007361,4.043214
1.686078,3.960063,4.006533,4.043214
1.685256,3.960887,4.009017,4.044045
1.685256,3.951821,3.997423,4.031579
1.692655,3.936162,3.981689,4.015788
1.691011,3.936162,3.984174,4.014957
1.693477,3.936986,3.983345,4.015788
1.694299,3.936162,3.984174,4.016619
1.690189,3.934514,3.982517,4.016619
1.695122,3.924624,3.970096,4.000829
1.700054,3.910613,3.956846,3.985870
1.700876,3.909789,3.957674,3.985039
1.703343,3.911437,3.957674,3.986701
1.703343,3.910613,3.957674,3.985039
1.701699,3.910613,3.956846,3.985039
1.701699,3.909789,3.956846,3.985039
1.704165,3.901548,3.949393,3.975897
1.711564,3.883416,3.931174,3.954289
1.709920,3.882592,3.930346,3.952627
1.712386,3.883416,3.931174,3.952627
1.713208,3.885064,3.931174,3.953458
1.715675,3.882592,3.932003,3.952627
1.715675,3.883416,3.931174,3.952627
1.713208,3.883416,3.932003,3.953458
1.713208,3.882592,3.930346,3.953458
1.710742,3.882592,3.930346,3.953458
1.712386,3.881768,3.932003,3.952627
1.710742,3.882592,3.930346,3.952627
1.709920,3.882592,3.931174,3.952627
1.711564,3.882592,3.932003,3.952627
1.710742,3.882592,3.930346,3.952627
1.711564,3.881768,3.931174,3.952627
1.709920,3.880120,3.927034,3.948472
1.715675,3.857043,3.903847,3.920215
1.718963,3.853747,3.903847,3.921046
1.718963,3.854571,3.903847,3.920215
1.718141,3.854571,3.903019,3.921046
1.718141,3.854571,3.903847,3.921046
1.718141,3.853747,3.903019,3.921046
1.718141,3.853747,3.903847,3.920215
1.717319,3.854571,3.904675,3.921046
1.715675,3.854571,3.903847,3.921046
1.718963,3.854571,3.903847,3.921046
1.717319,3.855395,3.903847,3.921046
1.718141,3.853747,3.903019,3.920215
1.718963,3.854571,3.903019,3.920215
1.718141,3.854571,3.903019,3.920215
1.719786,3.852922,3.902191,3.919384
1.715675,3.853747,3.903019,3.918553
1.717319,3.854571,3.903019,3.920215
1.718963,3.852922,3.903847,3.919384
1.717319,3.853747,3.901363,3.919384
1.717319,3.853747,3.902191,3.919384
1.717319,3.855395,3.902191,3.920215
1.717319,3.859516,3.908816,3.926033
1.712386,3.880944,3.929518,3.952627
1.707454,3.880120,3.928690,3.950965
1.709920,3.880120,3.928690,3.951796
1.710742,3.880120,3.928690,3.950134
1.709920,3.879295,3.928690,3.950134
1.709920,3.880120,3.927034,3.949303
1.707454,3.889185,3.936971,3.960938
1.700054,3.905668,3.954362,3.981714
1.700054,3.905668,3.954362,3.980052
1.700054,3.905668,3.952705,3.980883
1.700054,3.905668,3.952705,3.980883
1.700054,3.905668,3.952705,3.980052
1.703343,3.906493,3.952705,3.980052
1.700054,3.904844,3.952705,3.980883
1.700876,3.905668,3.952705,3.980052
1.701699,3.906493,3.951877,3.981714
1.703343,3.905668,3.952705,3.980883
1.702521,3.905668,3.952705,3.980883
1.699232,3.918031,3.966783,3.995843
1.694299,3.932041,3.979205,4.009140
1.692655,3.931217,3.978377,4.010802
1.693477,3.931217,3.978377,4.009140
1.695944,3.932041,3.978377,4.009971
1.692655,3.931217,3.979205,4.009971
1.695122,3.931217,3.977549,4.009140
1.695122,3.931217,3.978377,4.009971
1.694299,3.931217,3.978377,4.009971
1.691833,3.931217,3.977549,4.009971
1.692655,3.932041,3.978377,4.009971
1.692655,3.931217,3.978377,4.009140
1.693477,3.930393,3.978377,4.009971
1.692655,3.930393,3.977549,4.009140
1.694299,3.932041,3.978377,4.009971
1.692655,3.930393,3.978377,4.009971
1.693477,3.931217,3.978377,4.009971
1.689367,3.951821,4.002392,4.034072
1.684434,3.955118,4.001564,4.036565
1.685256,3.953469,4.001564,4.036565
1.683612,3.972425,4.019782,4.057342
1.680323,3.974897,4.022267,4.060666
1.680323,3.974897,4.023923,4.061497
1.678679,3.974897,4.022267,4.060666
1.679501,3.974897,4.023095,4.061497
1.677857,3.974897,4.022267,4.061497
1.678679,3.974897,4.023095,4.060666
1.677035,3.987260,4.036344,4.074795
1.672102,3.993853,4.041313,4.083105
1.672102,3.993853,4.041313,4.082274
1.671280,3.994677,4.042141,4.083105
1.670457,3.994677,4.041313,4.082274
1.671280,3.994677,4.041313,4.082274
1.671280,3.994677,4.042141,4.083105
1.671280,3.993029,4.042141,4.082274
1.672924,3.996325,4.042141,4.083936
1.668813,4.011160,4.058703,4.099727
1.666347,4.011160,4.056219,4.100558
1.666347,4.011160,4.057047,4.100558
1.664703,4.010336,4.057875,4.100558
1.667991,4.010336,4.057047,4.099727
1.664703,4.008688,4.057047,4.099727
1.665525,4.010336,4.058703,4.099727
1.665525,4.010336,4.057875,4.101389
1.666347,4.010336,4.057875,4.100558
1.664703,4.009512,4.057875,4.099727
1.664703,4.011160,4.057875,4.101389
1.666347,4.011984,4.057875,4.100558
1.663058,4.023523,4.071953,4.114686
1.656481,4.039181,4.087687,4.131307
1.654837,4.039181,4.086031,4.129645
1.656481,4.039181,4.085203,4.130476
1.655659,4.039181,4.086859,4.130476
1.656481,4.038357,4.085203,4.130476
1.654837,4.051544,4.097625,4.142942
1.652370,4.051544,4.097625,4.143774
1.653193,4.053192,4.097625,4.144605
1.652370,4.050720,4.096796,4.142942
1.653193,4.051544,4.097625,4.142942
1.649904,4.054016,4.099281,4.145436
1.649904,4.064730,4.110046,4.156240
1.648260,4.064730,4.110874,4.155409
1.649082,4.063082,4.109218,4.154577
1.648260,4.062258,4.109218,4.155409
1.647438,4.062258,4.107562,4.155409
1.648260,4.062258,4.108390,4.153746
1.647438,4.072148,4.119155,4.166213
1.644149,4.075444,4.121640,4.167875
1.644971,4.073796,4.121640,4.169537
1.644149,4.074620,4.119984,4.167044
1.647438,4.074620,4.119984,4.169537
1.645793,4.075444,4.120812,4.168706
1.644971,4.074620,4.120812,4.169537
1.643327,4.080389,4.127437,4.177848
1.641683,4.086158,4.134061,4.182003
1.640038,4.084510,4.131577,4.183665
1.641683,4.085334,4.130749,4.182003
1.642505,4.085334,4.131577,4.182003
1.643327,4.084510,4.130749,4.181172
1.642505,4.090279,4.137374,4.186989
1.638394,4.096872,4.142343,4.193638
1.636750,4.096048,4.140686,4.192807
1.636750,4.095224,4.142343,4.193638
1.636750,4.096872,4.143999,4.195300
1.635928,4.107586,4.153108,4.206935
1.635106,4.105938,4.153108,4.206104
1.634284,4.106762,4.152280,4.204442
1.635106,4.107586,4.152280,4.206104
1.635928,4.107586,4.151452,4.204442
1.635106,4.114180,4.159733,4.212753
1.631817,4.118300,4.163873,4.218570
1.630173,4.117476,4.163873,4.216908
1.633461,4.119124,4.164702,4.219401
1.634284,4.117476,4.163045,4.218570
1.633461,4.117476,4.163873,4.219401
1.632639,4.116652,4.163873,4.217739
1.627706,4.127366,4.174639,4.230205
1.630173,4.127366,4.172983,4.230205
1.628529,4.127366,4.174639,4.230205
1.629351,4.128190,4.174639,4.232698
1.628529,4.128190,4.172983,4.231036
1.630995,4.127366,4.172983,4.231036
1.628529,4.128190,4.174639,4.232698
1.624418,4.137256,4.183748,4.242671
1.624418,4.137256,4.182092,4.241009
1.626062,4.137256,4.182092,4.243502
1.624418,4.137256,4.182092,4.242671
1.623596,4.138080,4.182920,4.241840
1.626062,4.137256,4.183748,4.241840
1.623596,4.137256,4.184576,4.241840
1.629351,4.134783,4.180436,4.238516
1.630173,4.131487,4.179607,4.234360
1.625240,4.138904,4.185404,4.242671
1.625240,4.138080,4.185404,4.241840
1.623596,4.136432,4.183748,4.242671
1.623596,4.136432,4.183748,4.241840
1.625240,4.137256,4.184576,4.241840
1.624418,4.137256,4.183748,4.241840
1.622774,4.137256,4.185404,4.242671
1.623596,4.137256,4.184576,4.241840
1.623596,4.137256,4.182920,4.241009
1.625240,4.138080,4.183748,4.241840
1.626062,4.136432,4.183748,4.240178
1.623596,4.138080,4.182920,4.241009
1.626062,4.136432,4.184576,4.241840
1.625240,4.137256,4.183748,4.241009
1.626884,4.138080,4.183748,4.242671
1.626062,4.137256,4.183748,4.242671
1.626884,4.138904,4.182920,4.241840
1.625240,4.140553,4.184576,4.242671
1.623596,4.137256,4.184576,4.242671
1.625240,4.137256,4.184576,4.240178
1.625240,4.137256,4.184576,4.242671
1.626062,4.137256,4.184576,4.242671
1.625240,4.138080,4.183748,4.242671
1.625240,4.138080,4.185404,4.242671
1.625240,4.138080,4.185404,4.241840
1.625240,4.138904,4.184576,4.241840
1.627706,4.138080,4.184576,4.242671
1.629351,4.138080,4.185404,4.243502
1.626884,4.138904,4.185404,4.243502
1.625240,4.138080,4.183748,4.243502
1.630995,4.129014,4.175467,4.231036
1.630995,4.126542,4.174639,4.231036
1.630173,4.127366,4.173811,4.231867
1.629351,4.129838,4.174639,4.231036
1.630173,4.128190,4.175467,4.231036
1.630173,4.129014,4.174639,4.230205
1.630173,4.129838,4.174639,4.231036
1.629351,4.129014,4.174639,4.230205
1.630995,4.127366,4.175467,4.231036
1.630995,4.129014,4.174639,4.231867
1.630995,4.128190,4.173811,4.231036
1.630173,4.128190,4.174639,4.230205
1.631817,4.129014,4.175467,4.231036
1.630995,4.129014,4.175467,4.231867
1.630995,4.128190,4.173811,4.230205
1.631817,4.128190,4.175467,4.230205
1.629351,4.129014,4.175467,4.230205
1.630173,4.129838,4.174639,4.231036
1.629351,4.129838,4.176295,4.232698
1.627706,4.129014,4.173811,4.230205
1.629351,4.129014,4.174639,4.231036
1.628529,4.128190,4.175467,4.231867
1.630173,4.129014,4.175467,4.231867
1.630995,4.128190,4.175467,4.231867
1.631817,4.129014,4.176295,4.231867
1.630173,4.128190,4.175467,4.231867
1.632639,4.130663,4.175467,4.231867
1.629351,4.129014,4.175467,4.230205
1.628529,4.128190,4.175467,4.231036
1.628529,4.127366,4.174639,4.232698
1.627706,4.128190,4.175467,4.231036
1.633461,4.109235,4.153936,4.208597
1.635928,4.107586,4.155592,4.206935
1.634284,4.107586,4.153936,4.207766
1.636750,4.107586,4.153108,4.206104
1.637572,4.109235,4.153936,4.206104
1.636750,4.108410,4.153108,4.206104
1.637572,4.102641,4.148139,4.201118
1.641683,4.096048,4.143171,4.192807
1.640861,4.096872,4.143171,4.194469
1.640861,4.097696,4.143999,4.195300
1.640861,4.097696,4.143171,4.192807
1.640861,4.098521,4.143171,4.194469
1.640861,4.097696,4.142343,4.195300
1.641683,4.091103,4.136546,4.186158
1.644149,4.084510,4.132405,4.182003
1.641683,4.086158,4.132405,4.180341
1.642505,4.086158,4.133233,4.182834
1.640038,4.085334,4.132405,4.182834
1.642505,4.086158,4.133233,4.182003
1.640038,4.086158,4.134061,4.182003
1.643327,4.087807,4.134061,4.183665
1.642505,4.077917,4.123296,4.172861
1.644971,4.075444,4.123296,4.168706
1.646616,4.075444,4.122468,4.170368
1.648260,4.076268,4.121640,4.170368
1.646616,4.075444,4.122468,4.171199
1.645793,4.075444,4.122468,4.170368
1.645793,4.075444,4.122468,4.171199
1.647438,4.077917,4.122468,4.170368
1.647438,4.075444,4.123296,4.171199
1.647438,4.075444,4.123296,4.170368
1.652370,4.059785,4.105906,4.152915
1.656481,4.050720,4.099281,4.145436
1.657303,4.052368,4.100937,4.145436
1.655659,4.054016,4.100109,4.143774
1.655659,4.053192,4.100937,4.143774
1.657303,4.040006,4.088515,4.132139
1.657303,4.040006,4.089344,4.132139
1.659770,4.040830,4.087687,4.132139
1.660592,4.040006,4.088515,4.132139
1.663880,4.030940,4.079406,4.123828
1.664703,4.028467,4.076922,4.118841
1.667169,4.028467,4.075266,4.118010
1.667169,4.027643,4.077750,4.118841
1.666347,4.028467,4.076922,4.119672
1.667169,4.018578,4.066156,4.107206
1.667991,4.014457,4.062016,4.103882
1.667991,4.013633,4.062844,4.105544
1.667169,4.014457,4.062016,4.104713
1.666347,4.015281,4.061188,4.105544
1.668813,4.011984,4.056219,4.099727
1.672924,3.999622,4.046282,4.087261
1.673746,3.999622,4.047938,4.088923
1.676212,4.000446,4.047110,4.088923
1.675390,4.000446,4.047110,4.088092
1.674568,4.000446,4.046282,4.087261
1.673746,3.996325,4.043797,4.086430
1.673746,3.981491,4.029720,4.066484
1.677857,3.982315,4.030548,4.067315
1.679501,3.982315,4.029720,4.068977
1.678679,3.980666,4.029720,4.066484
1.676212,3.983139,4.028891,4.067315
1.676212,3.974073,4.021438,4.057342
1.682789,3.960063,4.007361,4.042383
1.684434,3.960887,4.008189,4.043214
1.686900,3.961711,4.007361,4.042383
1.685256,3.941931,3.989142,4.023268
1.691833,3.936986,3.985002,4.014957
1.695122,3.936986,3.983345,4.015788
1.692655,3.936162,3.982517,4.014957
1.691833,3.935338,3.983345,4.014957
1.691011,3.936162,3.984174,4.014957
1.698410,3.916382,3.962643,3.991687
1.702521,3.909789,3.958502,3.986701
1.701699,3.908141,3.956846,3.985039
1.702521,3.910613,3.957674,3.985870
1.704165,3.910613,3.956846,3.985870
1.702521,3.909789,3.957674,3.985870
1.702521,3.908965,3.957674,3.985039
1.706631,3.902372,3.950221,3.975897
1.710742,3.884240,3.931174,3.951796
1.709098,3.882592,3.932003,3.953458
1.714031,3.884240,3.930346,3.952627
1.710742,3.884240,3.932003,3.953458
1.713208,3.883416,3.932003,3.953458
1.712386,3.882592,3.932003,3.953458
1.713208,3.883416,3.932003,3.953458
1.708276,3.880944,3.932003,3.953458
1.712386,3.883416,3.931174,3.953458
1.713208,3.881768,3.932003,3.953458
1.709920,3.883416,3.932003,3.952627
1.712386,3.871878,3.920409,3.940992
1.718963,3.855395,3.904675,3.921046
1.716497,3.859516,3.908816,3.927695
1.708276,3.881768,3.932003,3.952627
1.710742,3.881768,3.931174,3.953458
1.719786,3.861164,3.910472,3.928526
1.723074,3.856219,3.905503,3.921046
1.719786,3.854571,3.904675,3.920215
1.718141,3.854571,3.904675,3.921046
1.720608,3.854571,3.903019,3.920215
1.718963,3.854571,3.903847,3.920215
1.718963,3.853747,3.901363,3.921877
1.721430,3.854571,3.903019,3.921877
1.718963,3.853747,3.903847,3.920215
1.720608,3.854571,3.903019,3.921046
1.716497,3.874350,3.924550,3.945147
1.712386,3.880120,3.929518,3.951796
1.711564,3.880120,3.928690,3.952627
1.713208,3.880120,3.928690,3.950965
1.711564,3.880120,3.927862,3.950965
1.710742,3.880944,3.929518,3.950965
1.713208,3.881768,3.928690,3.951796
1.711564,3.880944,3.929518,3.951796
1.710742,3.880120,3.929518,3.950965
1.711564,3.880944,3.928690,3.950965
1.712386,3.880120,3.927862,3.950134
1.710742,3.881768,3.930346,3.950965
1.709920,3.880944,3.929518,3.949303
1.707454,3.881768,3.928690,3.950965
1.707454,3.880944,3.930346,3.950134
1.709098,3.881768,3.929518,3.950965
1.709098,3.880944,3.927862,3.949303
1.708276,3.880120,3.930346,3.950134
1.711564,3.880944,3.929518,3.950965
1.712386,3.881768,3.930346,3.949303
1.713208,3.881768,3.927862,3.949303
1.707454,3.894130,3.943596,3.965924
1.703343,3.906493,3.954362,3.980883
1.700054,3.905668,3.953533,3.980052
1.700054,3.905668,3.954362,3.980883
1.697588,3.907317,3.953533,3.980883
1.696766,3.906493,3.954362,3.979221
1.698410,3.905668,3.955190,3.980052
1.700876,3.906493,3.955190,3.980883
1.699232,3.905668,3.953533,3.979221
1.701699,3.905668,3.955190,3.980883
1.701699,3.904844,3.954362,3.979221
1.700054,3.907317,3.952705,3.979221
1.702521,3.908141,3.956846,3.981714
1.693477,3.931217,3.979205,4.009140
1.692655,3.931217,3.979205,4.009971
1.691833,3.931217,3.977549,4.009140
1.693477,3.932041,3.978377,4.008309
1.695944,3.932865,3.978377,4.009140
1.695122,3.929569,3.978377,4.009140
1.693477,3.931217,3.978377,4.009140
1.690189,3.931217,3.977549,4.010802
1.693477,3.932041,3.979205,4.009140
1.690189,3.931217,3.978377,4.009971
1.692655,3.931217,3.977549,4.008309
1.693477,3.931217,3.978377,4.009140
1.691833,3.930393,3.979205,4.010802
1.691833,3.929569,3.978377,4.009140
1.691833,3.932865,3.978377,4.009971
1.691011,3.932041,3.978377,4.009971
1.690189,3.950997,3.999080,4.032410
1.683612,3.960887,4.008189,4.044045
1.677857,3.975722,4.023095,4.061497
1.677035,3.974897,4.022267,4.061497
1.677035,3.975722,4.023923,4.059835
1.675390,3.976546,4.023095,4.060666
1.677035,3.976546,4.023095,4.060666
1.676212,3.978194,4.025579,4.063160
1.669635,3.993853,4.042969,4.081443
1.667991,3.992205,4.040485,4.079781
1.671280,3.995501,4.041313,4.082274
1.672924,3.994677,4.042969,4.080612
1.671280,3.993029,4.042141,4.082274
1.671280,3.995501,4.041313,4.082274
1.671280,3.995501,4.040485,4.082274
1.666347,4.003743,4.052079,4.092247
1.666347,4.011984,4.058703,4.101389
1.665525,4.010336,4.057047,4.099727
1.665525,4.010336,4.057875,4.099727
1.664703,4.011160,4.057047,4.099727
1.665525,4.010336,4.057047,4.100558
1.666347,4.011160,4.057875,4.101389
1.666347,4.010336,4.057875,4.100558
1.666347,4.010336,4.057047,4.099727
1.665525,4.011984,4.057875,4.100558
1.664703,4.025995,4.072781,4.115517
1.660592,4.024347,4.071953,4.114686
1.663880,4.025171,4.072781,4.114686
1.663058,4.024347,4.071125,4.115517
1.660592,4.025171,4.071125,4.114686
1.660592,4.025995,4.071125,4.114686
1.661414,4.034237,4.081891,4.124659
1.658948,4.038357,4.086859,4.130476
1.656481,4.038357,4.085203,4.128814
1.655659,4.040830,4.088515,4.133801
1.654015,4.053192,4.100937,4.143774
1.652370,4.051544,4.098453,4.143774
1.653193,4.051544,4.096796,4.143774
1.653193,4.052368,4.097625,4.142111
1.654015,4.050720,4.097625,4.142942
1.649082,4.062258,4.109218,4.156240
1.648260,4.063082,4.109218,4.155409
1.649904,4.063082,4.110046,4.154577
1.650726,4.062258,4.110046,4.155409
1.648260,4.062258,4.109218,4.155409
1.648260,4.062258,4.109218,4.155409
1.645793,4.075444,4.122468,4.170368
1.644971,4.074620,4.120812,4.167875
1.645793,4.075444,4.120812,4.166213
1.643327,4.073796,4.119155,4.167044
1.644149,4.075444,4.119984,4.167875
1.642505,4.072972,4.119984,4.166213
1.640861,4.080389,4.127437,4.173692
1.640038,4.085334,4.132405,4.180341
1.639216,4.085334,4.131577,4.179510
1.640038,4.085334,4.131577,4.180341
1.640038,4.084510,4.130749,4.180341
1.641683,4.086158,4.130749,4.179510
1.640861,4.084510,4.130749,4.180341
1.642505,4.085334,4.131577,4.181172
1.640861,4.093576,4.139030,4.188651
1.637572,4.097696,4.142343,4.193638
1.638394,4.096048,4.142343,4.192807
1.636750,4.096048,4.141514,4.193638
1.635928,4.105938,4.151452,4.206104
1.635106,4.106762,4.152280,4.205273
1.634284,4.105938,4.151452,4.205273
1.631817,4.105938,4.149796,4.204442
1.630995,4.105114,4.151452,4.203611
1.635106,4.109235,4.154764,4.207766
1.627706,4.116652,4.163873,4.220232
1.630995,4.116652,4.164702,4.218570
1.628529,4.116652,4.162217,4.218570
1.630995,4.116652,4.163873,4.217739
1.630995,4.115828,4.163045,4.216908
1.630173,4.117476,4.163045,4.218570
1.630173,4.122421,4.171326,4.227712
1.629351,4.126542,4.173811,4.230205
1.628529,4.124894,4.172983,4.230205
1.628529,4.125718,4.172983,4.228543
1.629351,4.126542,4.173811,4.229374
1.630995,4.127366,4.174639,4.229374
1.630995,4.127366,4.173811,4.230205
1.626884,4.134783,4.184576,4.241009
1.625240,4.136432,4.182092,4.242671
1.627706,4.138080,4.182920,4.241840
1.626062,4.137256,4.183748,4.241840
1.629351,4.137256,4.183748,4.241009
1.629351,4.137256,4.182920,4.241009
1.627706,4.136432,4.184576,4.242671
1.628529,4.135608,4.184576,4.243502
1.626062,4.137256,4.185404,4.242671
1.628529,4.137256,4.183748,4.241009
1.625240,4.135608,4.180436,4.239347
1.629351,4.128190,4.172983,4.229374
1.630995,4.131487,4.178779,4.236854
1.627706,4.138080,4.184576,4.241840
1.625240,4.137256,4.184576,4.241840
1.626062,4.138080,4.184576,4.242671
1.624418,4.136432,4.183748,4.241009
1.625240,4.138904,4.183748,4.241840
1.626062,4.137256,4.184576,4.241840
1.624418,4.136432,4.183748,4.241009
1.624418,4.138904,4.183748,4.242671
1.624418,4.138080,4.184576,4.242671
1.625240,4.137256,4.183748,4.241840
1.626884,4.138080,4.182920,4.241840
1.627706,4.137256,4.183748,4.242671
1.625240,4.137256,4.183748,4.241840
1.626062,4.135608,4.182920,4.241840
1.625240,4.138904,4.185404,4.242671
1.625240,4.138904,4.185404,4.242671
1.626884,4.138080,4.184576,4.241840
1.625240,4.137256,4.184576,4.242671
1.626062,4.138080,4.184576,4.243502
1.626062,4.138080,4.185404,4.244333
1.624418,4.137256,4.183748,4.242671
1.627706,4.138080,4.183748,4.242671
1.625240,4.138080,4.184576,4.241840
1.624418,4.138080,4.183748,4.241840
1.626062,4.138904,4.185404,4.243502
1.626062,4.138080,4.185404,4.243502
1.624418,4.138080,4.184576,4.241840
1.621129,4.136432,4.184576,4.244333
1.624418,4.138904,4.185404,4.242671
1.629351,4.129014,4.175467,4.232698
1.630173,4.129014,4.175467,4.231867
1.627706,4.129838,4.176295,4.232698
1.628529,4.127366,4.174639,4.231036
1.629351,4.129014,4.175467,4.231036
1.630173,4.129014,4.176295,4.231036
1.632639,4.129014,4.175467,4.231867
1.630995,4.128190,4.175467,4.231036
1.630995,4.127366,4.176295,4.231867
1.632639,4.119124,4.164702,4.220232
1.630995,4.117476,4.165530,4.220232
1.633461,4.118300,4.164702,4.221063
1.635106,4.117476,4.163873,4.219401
1.634284,4.118300,4.164702,4.220232
1.635106,4.119124,4.164702,4.220232
1.633461,4.118300,4.164702,4.221894
1.633461,4.118300,4.163873,4.219401
1.631817,4.118300,4.164702,4.220232
1.633461,4.118300,4.163873,4.220232
1.634284,4.119949,4.164702,4.221063
1.633461,4.119124,4.164702,4.219401
1.634284,4.118300,4.163873,4.219401
1.633461,4.119124,4.164702,4.219401
1.635106,4.119124,4.165530,4.220232
1.635106,4.118300,4.164702,4.218570
1.635928,4.119124,4.163873,4.220232
1.634284,4.118300,4.164702,4.220232
1.634284,4.119124,4.165530,4.219401
1.635106,4.119949,4.164702,4.219401
1.632639,4.119124,4.164702,4.219401
1.631817,4.119124,4.164702,4.218570
1.635106,4.109235,4.154764,4.210259
1.636750,4.108410,4.153936,4.207766
1.636750,4.106762,4.153936,4.206935
1.637572,4.107586,4.152280,4.206104
1.638394,4.100169,4.143999,4.196962
1.639216,4.096872,4.142343,4.194469
1.639216,4.096872,4.142343,4.194469
1.639216,4.098521,4.141514,4.193638
1.639216,4.098521,4.143171,4.195300
1.639216,4.096872,4.143171,4.194469
1.640861,4.097696,4.143171,4.194469
1.643327,4.086982,4.133233,4.181172
1.645793,4.086982,4.132405,4.181172
1.644971,4.086158,4.132405,4.182834
1.643327,4.086158,4.132405,4.183665
1.643327,4.087807,4.134061,4.181172
1.641683,4.086158,4.133233,4.182003
1.640861,4.086158,4.132405,4.181172
1.642505,4.075444,4.120812,4.170368
1.644971,4.076268,4.121640,4.170368
1.644149,4.077093,4.121640,4.169537
1.647438,4.077093,4.122468,4.171199
1.649082,4.075444,4.122468,4.171199
1.647438,4.075444,4.120812,4.169537
1.646616,4.076268,4.123296,4.170368
1.645793,4.076268,4.122468,4.171199
1.649082,4.065554,4.111702,4.158733
1.651548,4.066379,4.112531,4.157071
1.649904,4.064730,4.111702,4.157902
1.648260,4.064730,4.111702,4.158733
1.652370,4.065554,4.111702,4.157071
1.650726,4.058961,4.105078,4.151253
1.652370,4.052368,4.100937,4.145436
1.654837,4.046599,4.093484,4.139618
1.659770,4.040006,4.086859,4.132970
1.658125,4.040830,4.088515,4.132139
1.657303,4.039181,4.087687,4.131307
1.656481,4.039181,4.087687,4.132139
1.660592,4.028467,4.074438,4.118841
1.665525,4.028467,4.075266,4.120504
1.661414,4.027643,4.074438,4.119672
1.661414,4.028467,4.076094,4.119672
1.662236,4.022698,4.068641,4.115517
1.663880,4.014457,4.060360,4.104713
1.667169,4.013633,4.061188,4.103882
1.667169,4.014457,4.062016,4.106375
1.666347,4.013633,4.061188,4.104713
1.669635,4.007864,4.056219,4.098896
1.672102,4.001270,4.046282,4.088092
1.674568,4.001270,4.047938,4.088092
1.672102,4.000446,4.046282,4.088923
1.673746,3.999622,4.047110,4.089754
1.668813,3.998798,4.045454,4.088092
1.672102,3.986436,4.032204,4.074795
1.681145,3.982315,4.029720,4.067315
1.680323,3.982315,4.028891,4.067315
1.680323,3.982315,4.029720,4.067315
1.681145,3.981491,4.028063,4.067315
1.678679,3.981491,4.026407,4.066484
1.679501,3.980666,4.024751,4.063991
1.683612,3.961711,4.005704,4.043214
1.687722,3.960887,4.007361,4.044045
1.686078,3.961711,4.005704,4.043214
1.686900,3.958414,4.004048,4.039889
1.693477,3.937810,3.984174,4.015788
1.694299,3.938635,3.983345,4.015788
1.693477,3.936162,3.983345,4.014957
1.693477,3.936986,3.984174,4.015788
1.693477,3.936162,3.984174,4.014957
1.692655,3.931217,3.978377,4.009971
1.699232,3.910613,3.956018,3.985039
1.702521,3.910613,3.958502,3.985039
1.700054,3.910613,3.957674,3.985039
1.699232,3.908965,3.957674,3.984208
1.701699,3.909789,3.956846,3.985039
1.700876,3.909789,3.957674,3.985039
1.699232,3.908141,3.955190,3.983377
1.708276,3.885064,3.932003,3.955951
1.709920,3.883416,3.931174,3.953458
1.709098,3.883416,3.932003,3.955120
1.709920,3.882592,3.930346,3.952627
1.707454,3.885064,3.932003,3.953458
1.707454,3.884240,3.930346,3.952627
1.709098,3.882592,3.930346,3.952627
1.709098,3.881768,3.929518,3.953458
1.709098,3.882592,3.929518,3.952627
1.709920,3.883416,3.931174,3.952627
1.712386,3.882592,3.931174,3.953458
1.713208,3.871054,3.920409,3.939330
1.718963,3.856219,3.904675,3.921046
1.719786,3.854571,3.904675,3.921046
1.718141,3.855395,3.903847,3.921877
1.719786,3.854571,3.904675,3.921877
1.720608,3.854571,3.904675,3.922708
1.720608,3.854571,3.904675,3.921877
1.717319,3.854571,3.904675,3.921046
1.717319,3.853747,3.903847,3.920215
1.718141,3.855395,3.906331,3.922708
1.710742,3.880944,3.930346,3.952627
1.711564,3.880944,3.929518,3.951796
1.708276,3.881768,3.928690,3.951796
1.708276,3.880120,3.929518,3.950965
1.709920,3.880944,3.929518,3.950965
1.708276,3.880944,3.929518,3.950965
1.709098,3.880944,3.929518,3.950134
1.708276,3.880944,3.927862,3.951796
1.708276,3.880120,3.928690,3.950134
1.713208,3.880944,3.929518,3.951796
1.712386,3.881768,3.928690,3.951796
1.712386,3.880944,3.927862,3.951796
1.714853,3.882592,3.927862,3.950965
1.712386,3.880120,3.927034,3.950134
1.711564,3.880944,3.927862,3.950134
1.712386,3.881768,3.928690,3.952627
1.710742,3.881768,3.929518,3.950965
1.709098,3.880120,3.927034,3.949303
1.712386,3.881768,3.927862,3.950134
1.711564,3.880120,3.929518,3.949303
1.711564,3.880944,3.927862,3.950965
1.710742,3.880944,3.927034,3.950965
1.711564,3.880944,3.928690,3.951796
1.712386,3.880944,3.928690,3.950965
1.711564,3.880120,3.928690,3.950134
1.709920,3.879295,3.927862,3.950965
1.710742,3.880120,3.928690,3.950134
1.712386,3.879295,3.928690,3.950134
1.707454,3.897427,3.945252,3.970910
1.699232,3.905668,3.952705,3.980883
1.700054,3.906493,3.952705,3.980883
1.699232,3.906493,3.953533,3.980052
1.697588,3.904844,3.953533,3.980883
1.697588,3.906493,3.954362,3.982545
1.699232,3.906493,3.953533,3.980883
1.703343,3.905668,3.952705,3.979221
1.702521,3.904844,3.952705,3.980052
1.701699,3.907317,3.953533,3.980883
1.700876,3.907317,3.954362,3.982545
1.696766,3.930393,3.978377,4.009140
1.693477,3.932041,3.977549,4.009140
1.693477,3.931217,3.978377,4.010802
1.692655,3.931217,3.978377,4.008309
1.693477,3.931217,3.978377,4.007478
1.691011,3.931217,3.977549,4.008309
1.691011,3.932041,3.977549,4.009140
1.692655,3.931217,3.978377,4.009971
1.692655,3.932041,3.978377,4.010802
1.693477,3.931217,3.976721,4.009140
1.691833,3.930393,3.978377,4.009140
1.691011,3.931217,3.977549,4.009140
1.690189,3.929569,3.977549,4.009971
1.691011,3.931217,3.976721,4.007478
1.691833,3.929569,3.978377,4.009140
1.691833,3.933690,3.982517,4.013295
1.686078,3.954294,4.003220,4.037396
1.682789,3.954294,4.001564,4.036565
1.683612,3.954294,3.999908,4.038227
1.679501,3.967480,4.015642,4.051525
1.675390,3.974897,4.022267,4.060666
1.672924,3.975722,4.022267,4.062328
1.673746,3.975722,4.023923,4.060666
1.674568,3.975722,4.022267,4.061497
1.672924,3.988084,4.038001,4.076457
1.669635,3.994677,4.042141,4.083936
1.669635,3.994677,4.041313,4.083936
1.671280,3.993029,4.042141,4.082274
1.673746,3.995501,4.042141,4.083105
1.675390,3.993853,4.042141,4.083105
1.672924,3.992205,4.041313,4.082274
1.670457,4.008688,4.057047,4.098065
1.667169,4.009512,4.057875,4.100558
1.666347,4.009512,4.057047,4.100558
1.663880,4.009512,4.056219,4.098065
1.664703,4.010336,4.058703,4.101389
1.667991,4.010336,4.057875,4.099727
1.665525,4.009512,4.057047,4.099727
1.663880,4.011160,4.058703,4.102220
1.661414,4.024347,4.074438,4.116348
1.662236,4.026819,4.071125,4.116348
1.658948,4.025171,4.071953,4.116348
1.658948,4.023523,4.071125,4.115517
1.658948,4.024347,4.071125,4.118010
1.659770,4.025995,4.072781,4.118010
1.659770,4.025171,4.071125,4.116348
1.661414,4.024347,4.070297,4.116348
1.660592,4.025171,4.070297,4.116348
1.663058,4.025171,4.072781,4.117179
1.665525,4.025995,4.071953,4.116348
1.661414,4.032588,4.080234,4.124659
1.654015,4.052368,4.099281,4.142942
1.654015,4.051544,4.098453,4.144605
1.652370,4.051544,4.099281,4.144605
1.650726,4.049895,4.098453,4.143774
1.649082,4.050720,4.097625,4.143774
1.648260,4.062258,4.110874,4.154577
1.647438,4.063906,4.109218,4.156240
1.648260,4.063906,4.110046,4.155409
1.649082,4.064730,4.110874,4.155409
1.648260,4.062258,4.110046,4.157071
1.648260,4.066379,4.113359,4.160395
1.647438,4.076268,4.122468,4.170368
1.647438,4.075444,4.120812,4.169537
1.647438,4.072972,4.119155,4.168706
1.646616,4.074620,4.120812,4.169537
1.645793,4.074620,4.121640,4.169537
1.645793,4.074620,4.119984,4.169537
1.643327,4.086982,4.131577,4.182834
1.642505,4.086158,4.129921,4.182003
1.641683,4.086982,4.130749,4.182003
1.642505,4.085334,4.130749,4.181172
1.639216,4.085334,4.130749,4.181172
1.639216,4.086158,4.130749,4.182834
1.640038,4.088631,4.134061,4.183665
1.634284,4.097696,4.143171,4.195300
1.636750,4.096872,4.142343,4.194469
1.636750,4.096872,4.142343,4.192807
1.636750,4.096048,4.142343,4.191976
1.637572,4.096872,4.140686,4.192807
1.640038,4.097696,4.140686,4.191976
1.640038,4.100169,4.145655,4.196131
1.633461,4.107586,4.151452,4.205273
1.632639,4.106762,4.152280,4.205273
1.634284,4.106762,4.151452,4.204442
1.634284,4.106762,4.151452,4.204442
1.634284,4.116652,4.163045,4.218570
1.633461,4.116652,4.163045,4.218570
1.630995,4.115828,4.162217,4.217739
1.630173,4.117476,4.163045,4.217739
1.630173,4.116652,4.160561,4.218570
1.631817,4.117476,4.163045,4.218570
1.629351,4.126542,4.173811,4.230205
1.626884,4.127366,4.172983,4.229374
1.626062,4.126542,4.172155,4.230205
1.628529,4.126542,4.172983,4.229374
1.629351,4.126542,4.172983,4.230205
1.628529,4.128190,4.173811,4.230205
1.627706,4.128190,4.175467,4.232698
1.624418,4.138080,4.183748,4.241840
1.624418,4.136432,4.183748,4.240178
1.624418,4.135608,4.182092,4.240178
1.626062,4.137256,4.182920,4.241840
1.625240,4.136432,4.182920,4.241009
1.625240,4.137256,4.184576,4.241009
1.626062,4.136432,4.183748,4.241840
1.626062,4.138080,4.183748,4.241840
1.625240,4.137256,4.182920,4.243502
1.624418,4.137256,4.183748,4.241840
1.626884,4.137256,4.183748,4.241840
1.625240,4.137256,4.185404,4.242671
1.626884,4.137256,4.183748,4.242671
1.626884,4.136432,4.182920,4.241840
1.627706,4.127366,4.173811,4.230205
1.626062,4.129014,4.173811,4.231036
1.625240,4.132311,4.177123,4.234360
1.621952,4.138080,4.182920,4.241840
1.624418,4.138904,4.182920,4.241840
1.623596,4.137256,4.183748,4.241840
1.625240,4.137256,4.184576,4.240178
1.626884,4.138080,4.185404,4.242671
1.625240,4.138080,4.183748,4.242671
1.625240,4.137256,4.183748,4.241840
1.626062,4.138080,4.183748,4.241840
1.625240,4.138080,4.184576,4.244333
1.626062,4.138904,4.183748,4.242671
1.628529,4.138080,4.184576,4.242671
1.626062,4.138080,4.183748,4.241840
1.625240,4.137256,4.182920,4.243502
1.626062,4.138080,4.184576,4.242671
1.626884,4.138080,4.184576,4.243502
1.625240,4.138904,4.184576,4.243502
1.626062,4.138904,4.183748,4.242671
1.628529,4.138080,4.185404,4.242671
1.627706,4.137256,4.184576,4.241840
1.628529,4.138080,4.184576,4.242671
1.626884,4.138904,4.186232,4.241840
1.627706,4.138904,4.183748,4.241840
1.628529,4.138080,4.184576,4.241840
1.626884,4.138904,4.186232,4.242671
1.626062,4.139728,4.184576,4.241840
1.624418,4.138904,4.183748,4.242671
1.625240,4.138080,4.184576,4.242671
1.627706,4.138904,4.184576,4.243502
1.628529,4.131487,4.176295,4.233529
1.630995,4.129838,4.175467,4.231036
1.630173,4.129014,4.175467,4.231867
1.631817,4.130663,4.173811,4.233529
1.632639,4.128190,4.174639,4.231867
1.633461,4.119124,4.163873,4.218570
1.634284,4.117476,4.163873,4.218570
1.632639,4.119124,4.163873,4.217739
1.632639,4.119124,4.162217,4.218570
1.632639,4.119124,4.163045,4.219401
1.635928,4.119124,4.164702,4.220232
1.633461,4.118300,4.164702,4.218570
1.632639,4.119124,4.164702,4.218570
1.630995,4.119124,4.164702,4.219401
1.632639,4.119949,4.164702,4.218570
1.630995,4.119124,4.163873,4.217739
1.633461,4.119124,4.166358,4.217739
1.634284,4.119949,4.163045,4.217739
1.633461,4.116652,4.162217,4.219401
1.633461,4.120773,4.163045,4.219401
1.632639,4.119949,4.164702,4.220232
1.631817,4.119124,4.163873,4.218570
1.632639,4.119124,4.163045,4.218570
1.635106,4.120773,4.163873,4.219401
1.633461,4.118300,4.162217,4.219401
1.635106,4.118300,4.163045,4.217739
1.633461,4.119124,4.163873,4.218570
1.632639,4.118300,4.163045,4.219401
1.632639,4.117476,4.163873,4.218570
1.634284,4.118300,4.164702,4.218570
1.631817,4.119124,4.164702,4.220232
1.633461,4.113355,4.155592,4.211090
1.639216,4.103466,4.147311,4.200286
1.639216,4.096872,4.142343,4.193638
1.640038,4.098521,4.143171,4.195300
1.640038,4.097696,4.143999,4.193638
1.640861,4.098521,4.142343,4.193638
1.640038,4.097696,4.142343,4.194469
1.643327,4.090279,4.135718,4.186989
1.644971,4.086982,4.131577,4.181172
1.644149,4.086158,4.133233,4.182003
1.643327,4.086982,4.134061,4.181172
1.644149,4.085334,4.133233,4.182834
1.645793,4.086982,4.134061,4.182003
1.645793,4.083686,4.130749,4.180341
1.646616,4.073796,4.122468,4.170368
1.646616,4.075444,4.122468,4.170368
1.646616,4.077093,4.122468,4.167875
1.645793,4.075444,4.123296,4.169537
1.644971,4.077093,4.122468,4.168706
1.647438,4.076268,4.123296,4.170368
1.646616,4.072972,4.117499,4.163719
1.651548,4.064730,4.110046,4.155409
1.650726,4.064730,4.113359,4.157071
1.649082,4.063906,4.111702,4.157071
1.649082,4.064730,4.112531,4.156240
1.650726,4.065554,4.112531,4.157902
1.651548,4.064730,4.112531,4.157902
1.650726,4.065554,4.111702,4.157902
1.650726,4.060609,4.107562,4.152915
1.654837,4.053192,4.100109,4.145436
1.656481,4.053192,4.099281,4.145436
1.654015,4.048247,4.093484,4.139618
1.654837,4.040830,4.086859,4.131307
1.654837,4.040830,4.088515,4.132970
1.656481,4.039181,4.086859,4.130476
1.661414,4.028467,4.075266,4.119672
1.659770,4.027643,4.076094,4.119672
1.659770,4.028467,4.074438,4.117179
1.659770,4.028467,4.075266,4.118841
1.663058,4.016929,4.065328,4.108869
1.665525,4.013633,4.062016,4.104713
1.665525,4.014457,4.063672,4.103882
1.665525,4.015281,4.062844,4.103882
1.667169,4.014457,4.061188,4.105544
1.668813,4.003743,4.050422,4.093078
1.672102,4.000446,4.047110,4.088092
1.670457,3.998798,4.047938,4.088092
1.672924,4.002094,4.047110,4.088923
1.674568,4.000446,4.047110,4.088923
1.675390,3.993029,4.040485,4.080612
1.677857,3.981491,4.028891,4.068146
1.677857,3.982315,4.029720,4.068146
1.679501,3.979842,4.029720,4.067315
1.678679,3.981491,4.028891,4.068146
1.677035,3.981491,4.028891,4.068146
1.679501,3.971601,4.018954,4.057342
1.682789,3.961711,4.006533,4.044876
1.684434,3.960887,4.007361,4.044045
1.686900,3.960887,4.007361,4.041552
1.686900,3.958414,4.005704,4.041552
1.685256,3.959238,4.007361,4.042383
1.683612,3.960063,4.005704,4.042383
1.685256,3.956766,4.004048,4.037396
1.691833,3.936162,3.981689,4.015788
1.692655,3.934514,3.984174,4.016619
1.692655,3.936162,3.983345,4.015788
1.692655,3.930393,3.977549,4.009140
1.698410,3.910613,3.957674,3.985039
1.700876,3.910613,3.958502,3.985039
1.701699,3.909789,3.956846,3.984208
1.698410,3.908965,3.956846,3.985039
1.701699,3.909789,3.956846,3.984208
1.700054,3.907317,3.956018,3.982545
1.699232,3.907317,3.955190,3.980052
1.707454,3.885889,3.931174,3.954289
1.710742,3.882592,3.932003,3.952627
1.710742,3.882592,3.930346,3.954289
1.710742,3.881768,3.931174,3.953458
1.711564,3.882592,3.931174,3.953458
1.712386,3.882592,3.929518,3.953458
1.714031,3.881768,3.930346,3.952627
1.714853,3.883416,3.932003,3.952627
1.712386,3.880944,3.932003,3.951796
1.710742,3.881768,3.930346,3.951796
1.713208,3.880120,3.927034,3.949303
1.717319,3.855395,3.903019,3.921046
1.718141,3.854571,3.902191,3.920215
1.719786,3.857043,3.904675,3.921877
1.718963,3.853747,3.903847,3.918553
1.718963,3.855395,3.903847,3.921877
1.720608,3.854571,3.903019,3.921046
1.717319,3.854571,3.903019,3.920215
1.718963,3.854571,3.903019,3.920215
1.719786,3.855395,3.905503,3.921046
1.719786,3.855395,3.903847,3.920215
1.717319,3.855395,3.902191,3.920215
1.720608,3.853747,3.902191,3.919384
1.717319,3.853747,3.903847,3.919384
1.714853,3.871878,3.920409,3.940992
1.710742,3.881768,3.928690,3.950965
1.711564,3.881768,3.928690,3.949303
1.709920,3.880944,3.930346,3.950134
1.709098,3.880120,3.929518,3.951796
1.709098,3.880944,3.928690,3.951796
1.708276,3.880944,3.929518,3.950965
1.710742,3.880120,3.928690,3.950965
1.709920,3.880944,3.928690,3.949303
1.708276,3.881768,3.928690,3.950965
1.709098,3.882592,3.929518,3.951796
1.709098,3.881768,3.928690,3.950965
1.707454,3.880944,3.929518,3.950134
1.709098,3.879295,3.928690,3.950134
1.711564,3.880944,3.930346,3.950134
1.707454,3.880120,3.928690,3.950965
1.709098,3.879295,3.927862,3.949303
1.709098,3.882592,3.929518,3.950134
1.707454,3.880944,3.928690,3.950134
1.709098,3.880944,3.928690,3.950134
1.710742,3.879295,3.928690,3.950134
1.709098,3.879295,3.928690,3.950134
1.710742,3.880944,3.927862,3.950134
1.709920,3.879295,3.927862,3.949303
1.712386,3.880120,3.928690,3.950134
1.712386,3.880944,3.928690,3.948472
1.712386,3.880944,3.928690,3.950134
1.704987,3.898251,3.947737,3.972573
1.699232,3.905668,3.952705,3.980052
1.700054,3.905668,3.951877,3.979221
1.701699,3.906493,3.952705,3.980883
1.702521,3.904844,3.952705,3.980883
1.700876,3.905668,3.953533,3.981714
1.700054,3.904844,3.954362,3.980883
1.700876,3.913086,3.962643,3.991687
1.692655,3.931217,3.978377,4.010802
1.691011,3.930393,3.977549,4.009140
1.691833,3.931217,3.979205,4.009971
1.691011,3.931217,3.979205,4.009140
1.691011,3.930393,3.977549,4.009971
1.692655,3.930393,3.977549,4.009971
1.692655,3.931217,3.980033,4.009971
1.693477,3.929569,3.977549,4.009971
1.694299,3.931217,3.978377,4.009140
1.692655,3.931217,3.977549,4.009971
1.690189,3.932865,3.980861,4.013295
1.684434,3.953469,4.000736,4.034903
1.685256,3.954294,4.001564,4.037396
1.684434,3.954294,4.000736,4.035734
1.685256,3.953469,4.000736,4.035734
1.684434,3.954294,4.000736,4.035734
1.681967,3.954294,4.000736,4.034903
1.682789,3.953469,3.999908,4.034903
1.686078,3.955118,4.001564,4.035734
1.684434,3.954294,4.002392,4.035734
1.680323,3.954294,4.001564,4.036565
1.684434,3.955942,4.002392,4.035734
1.683612,3.954294,3.999908,4.035734
1.682789,3.966656,4.014814,4.048200
1.676212,3.974897,4.020610,4.059004
1.675390,3.977370,4.024751,4.063160
1.671280,3.994677,4.040485,4.081443
1.672102,3.993029,4.040485,4.081443
1.670457,3.992205,4.040485,4.080612
1.670457,3.993853,4.040485,4.082274
1.672924,3.993853,4.040485,4.082274
1.671280,3.997150,4.044626,4.084767
1.664703,4.010336,4.057047,4.099727
1.665525,4.011160,4.056219,4.099727
1.667169,4.010336,4.055391,4.099727
1.666347,4.009512,4.056219,4.098896
1.665525,4.011160,4.057875,4.099727
1.662236,4.009512,4.056219,4.098896
1.666347,4.011984,4.057875,4.101389
1.663880,4.025171,4.072781,4.116348
1.660592,4.023523,4.071953,4.115517
1.662236,4.024347,4.071953,4.116348
1.662236,4.024347,4.070297,4.114686
1.660592,4.025995,4.071953,4.115517
1.660592,4.024347,4.071953,4.117179
1.661414,4.024347,4.071125,4.115517
1.661414,4.024347,4.071953,4.115517
1.660592,4.025171,4.072781,4.115517
1.658948,4.040006,4.086031,4.130476
1.656481,4.039181,4.084375,4.128814
1.656481,4.039181,4.086031,4.129645
1.655659,4.038357,4.085203,4.128814
1.659770,4.040006,4.086031,4.128814
1.658948,4.038357,4.084375,4.129645
1.657303,4.044126,4.090172,4.133801
1.652370,4.053192,4.098453,4.142942
1.652370,4.052368,4.097625,4.143774
1.652370,4.055665,4.101765,4.147098
1.648260,4.063906,4.111702,4.157902
1.649082,4.063906,4.108390,4.154577
1.651548,4.063082,4.110874,4.154577
1.649082,4.064730,4.109218,4.155409
1.649904,4.064730,4.110046,4.155409
1.646616,4.075444,4.121640,4.167044
1.646616,4.077093,4.120812,4.168706
1.646616,4.072972,4.121640,4.166213
1.644971,4.074620,4.120812,4.165381
1.644149,4.073796,4.120812,4.167044
1.644971,4.080389,4.124952,4.172861
1.643327,4.086158,4.131577,4.182003
1.640861,4.085334,4.131577,4.180341
1.641683,4.085334,4.131577,4.181172
1.641683,4.085334,4.133233,4.180341
1.641683,4.084510,4.130749,4.179510
1.642505,4.085334,4.131577,4.180341
1.640038,4.096048,4.143171,4.191145
1.636750,4.095224,4.140686,4.192807
1.638394,4.096048,4.140686,4.191976
1.637572,4.096872,4.142343,4.191976
1.636750,4.096872,4.142343,4.191976
1.638394,4.096048,4.141514,4.192807
1.638394,4.097696,4.141514,4.192807
1.637572,4.104290,4.149796,4.201118
1.635928,4.107586,4.153108,4.205273
1.635928,4.107586,4.153108,4.204442
1.635106,4.105938,4.152280,4.203611
1.635928,4.107586,4.152280,4.204442
1.631817,4.114180,4.161389,4.213584
1.630173,4.119124,4.163873,4.217739
1.632639,4.116652,4.163045,4.218570
1.630173,4.118300,4.163045,4.217739
1.630173,4.117476,4.163045,4.216908
1.630995,4.118300,4.162217,4.216908
1.633461,4.123245,4.169670,4.222725
1.630173,4.128190,4.173811,4.231036
1.629351,4.128190,4.172983,4.229374
1.629351,4.128190,4.174639,4.230205
1.630173,4.129014,4.172983,4.230205
1.629351,4.129014,4.173811,4.229374
1.628529,4.128190,4.172983,4.228543
1.626884,4.133959,4.180436,4.236023
1.624418,4.138080,4.184576,4.241840
1.624418,4.137256,4.184576,4.241009
1.625240,4.138080,4.184576,4.242671
1.623596,4.138080,4.183748,4.241009
1.625240,4.138080,4.182920,4.241840
1.625240,4.138080,4.182920,4.241009
1.625240,4.137256,4.182920,4.241840
1.625240,4.137256,4.183748,4.241009
1.625240,4.137256,4.184576,4.241840
1.625240,4.138080,4.182920,4.241840
1.625240,4.138080,4.185404,4.241840
1.626062,4.138080,4.184576,4.241840
1.623596,4.139728,4.184576,4.241009
1.626884,4.138904,4.183748,4.242671
1.626062,4.138080,4.185404,4.242671
1.626062,4.138080,4.185404,4.240178
1.629351,4.128190,4.175467,4.229374
1.632639,4.128190,4.175467,4.229374
1.629351,4.127366,4.175467,4.230205
1.629351,4.129014,4.175467,4.230205
1.627706,4.135608,4.180436,4.237685
1.627706,4.138080,4.186232,4.241840
1.625240,4.138904,4.184576,4.241840
1.624418,4.138904,4.185404,4.241009
1.623596,4.138080,4.184576,4.241840
1.626884,4.138904,4.184576,4.241009
1.625240,4.139728,4.184576,4.241840
1.626062,4.139728,4.184576,4.242671
1.625240,4.138080,4.183748,4.241840
1.626884,4.138080,4.184576,4.241840
1.624418,4.139728,4.183748,4.241840
1.626062,4.138080,4.183748,4.241840
1.625240,4.138904,4.183748,4.242671
1.626884,4.138080,4.186232,4.242671
1.626062,4.137256,4.184576,4.241009
1.627706,4.138904,4.183748,4.241009
1.626884,4.139728,4.185404,4.242671
1.624418,4.136432,4.184576,4.242671
1.626062,4.138904,4.184576,4.241840
1.627706,4.137256,4.185404,4.243502
1.628529,4.138080,4.184576,4.242671
1.628529,4.138080,4.185404,4.243502
1.626884,4.138904,4.184576,4.241009
1.627706,4.138080,4.184576,4.241840
1.630173,4.140553,4.184576,4.242671
1.627706,4.138904,4.185404,4.242671
1.625240,4.138904,4.183748,4.242671
1.629351,4.131487,4.177123,4.234360
1.630173,4.129838,4.176295,4.231036
1.628529,4.128190,4.175467,4.231036
1.631817,4.121597,4.166358,4.221063
1.633461,4.118300,4.163873,4.217739
1.630995,4.119124,4.166358,4.218570
1.632639,4.120773,4.164702,4.218570
1.634284,4.119124,4.165530,4.217739
1.630995,4.119949,4.165530,4.217739
1.634284,4.119124,4.163873,4.217739
1.633461,4.120773,4.164702,4.217739
1.635106,4.119124,4.165530,4.219401
1.634284,4.119124,4.164702,4.216908
1.632639,4.119124,4.163045,4.218570
1.632639,4.119124,4.163873,4.218570
1.634284,4.119949,4.163873,4.218570
1.633461,4.119124,4.163045,4.219401
1.633461,4.118300,4.165530,4.218570
1.632639,4.119949,4.163045,4.218570
1.632639,4.119124,4.164702,4.218570
1.634284,4.119124,4.164702,4.218570
1.633461,4.119124,4.163873,4.217739
1.635106,4.120773,4.163873,4.219401
1.634284,4.119949,4.163873,4.218570
1.632639,4.115004,4.158905,4.211922
1.636750,4.110883,4.153108,4.206104
1.634284,4.108410,4.153936,4.205273
1.633461,4.108410,4.153108,4.206935
1.635106,4.109235,4.153108,4.206104
1.637572,4.110059,4.153936,4.205273
1.636750,4.110059,4.153108,4.206935
1.632639,4.102641,4.148139,4.197793
1.635106,4.097696,4.141514,4.192807
1.639216,4.097696,4.142343,4.194469
1.640038,4.098521,4.142343,4.194469
1.638394,4.095224,4.141514,4.190314
1.644971,4.088631,4.131577,4.180341
1.643327,4.088631,4.133233,4.182003
1.643327,4.087807,4.134061,4.182834
1.643327,4.086982,4.134061,4.181172
1.644971,4.086982,4.134061,4.182834
1.647438,4.079565,4.127437,4.174523
1.648260,4.076268,4.122468,4.169537
1.647438,4.077917,4.123296,4.172030
1.649082,4.077093,4.123296,4.169537
1.648260,4.077093,4.123296,4.170368
1.646616,4.076268,4.123296,4.169537
1.647438,4.071323,4.118327,4.166213
1.650726,4.065554,4.110874,4.156240
1.650726,4.063082,4.111702,4.156240
1.649082,4.064730,4.111702,4.157071
1.649082,4.067203,4.111702,4.157071
1.649082,4.066379,4.110874,4.157902
1.652370,4.064730,4.111702,4.157902
1.649904,4.059785,4.104249,4.152084
1.652370,4.052368,4.100109,4.144605
1.653193,4.054840,4.100937,4.145436
1.655659,4.053192,4.100937,4.145436
1.651548,4.054016,4.100937,4.145436
1.649904,4.054840,4.100109,4.145436
1.651548,4.053192,4.100109,4.144605
1.653193,4.054016,4.100937,4.143774
1.654837,4.051544,4.097625,4.140449
1.658948,4.030116,4.076094,4.119672
1.661414,4.028467,4.074438,4.118841
1.663880,4.030116,4.076922,4.119672
1.664703,4.028467,4.075266,4.118010
1.665525,4.023523,4.069469,4.112193
1.669635,4.014457,4.060360,4.103882
1.669635,4.016105,4.062016,4.103882
1.669635,4.015281,4.062016,4.103882
1.670457,4.016105,4.062016,4.104713
1.672102,4.004567,4.049594,4.091416
1.672102,4.001270,4.046282,4.087261
1.673746,4.001270,4.047938,4.088092
1.672924,4.001270,4.047110,4.088092
1.672102,4.000446,4.047110,4.086430
1.674568,3.988908,4.034688,4.074795
1.678679,3.982315,4.030548,4.068146
1.676212,3.983139,4.029720,4.067315
1.677035,3.983963,4.029720,4.068146
1.677035,3.982315,4.029720,4.066484
1.677857,3.979842,4.027235,4.063160
1.681967,3.960063,4.008189,4.044045
1.681967,3.961711,4.009017,4.042383
1.681145,3.961711,4.009017,4.041552
1.681967,3.961711,4.008189,4.041552
1.683612,3.960063,4.007361,4.040721
1.686078,3.961711,4.007361,4.041552
1.688544,3.948524,3.994111,4.028254
1.695122,3.934514,3.983345,4.014957
1.696766,3.935338,3.982517,4.014126
1.696766,3.935338,3.983345,4.014957
1.695944,3.936162,3.983345,4.012464
1.692655,3.932041,3.978377,4.008309
1.699232,3.908965,3.957674,3.982545
1.701699,3.910613,3.957674,3.982545
1.702521,3.909789,3.956846,3.983377
1.702521,3.911437,3.957674,3.983377
1.702521,3.908141,3.956846,3.983377
1.704165,3.908965,3.956846,3.983377
1.704987,3.908141,3.957674,3.982545
1.707454,3.891658,3.938627,3.962600
1.709920,3.884240,3.932831,3.951796
1.711564,3.885064,3.932003,3.951796
1.708276,3.884240,3.932831,3.952627
1.707454,3.882592,3.931174,3.951796
1.708276,3.882592,3.929518,3.951796
1.707454,3.883416,3.930346,3.951796
1.707454,3.882592,3.932003,3.950965
1.705809,3.882592,3.931174,3.950965
1.708276,3.881768,3.932003,3.950965
1.709920,3.883416,3.932003,3.951796
1.710742,3.877647,3.926206,3.945147
1.718141,3.855395,3.904675,3.918553
1.719786,3.856219,3.905503,3.921046
1.720608,3.856219,3.904675,3.921877
1.717319,3.855395,3.904675,3.919384
1.716497,3.854571,3.905503,3.918553
1.718141,3.855395,3.905503,3.920215
1.718963,3.854571,3.904675,3.920215
1.718963,3.853747,3.903847,3.919384
1.721430,3.855395,3.904675,3.919384
1.718963,3.855395,3.904675,3.919384
1.721430,3.854571,3.903019,3.919384
1.723896,3.854571,3.903019,3.920215
1.721430,3.857867,3.903847,3.923539
1.710742,3.881768,3.928690,3.950965
1.708276,3.880944,3.931174,3.950134
1.707454,3.880120,3.928690,3.950134
1.709098,3.880120,3.930346,3.950965
1.708276,3.881768,3.930346,3.950965
1.707454,3.880944,3.930346,3.950134
1.708276,3.880944,3.928690,3.950134
1.708276,3.881768,3.931174,3.948472
1.709098,3.881768,3.929518,3.948472
1.708276,3.880944,3.931174,3.950134
1.707454,3.881768,3.929518,3.950134
1.709098,3.880944,3.930346,3.950134
1.709920,3.880944,3.929518,3.949303
1.711564,3.882592,3.931174,3.949303
1.709098,3.881768,3.929518,3.950134
1.709920,3.880944,3.927862,3.950134
1.710742,3.880120,3.929518,3.949303
1.709920,3.880120,3.929518,3.948472
1.709920,3.880120,3.930346,3.950965
1.709098,3.881768,3.928690,3.949303
1.712386,3.880944,3.930346,3.949303
1.709920,3.879295,3.928690,3.950965
1.709920,3.880120,3.929518,3.949303
1.708276,3.880120,3.930346,3.950965
1.708276,3.880120,3.929518,3.949303
1.708276,3.880120,3.929518,3.949303
1.708276,3.879295,3.928690,3.949303
1.710742,3.880120,3.928690,3.950965
1.710742,3.880120,3.927862,3.951796
1.705809,3.894954,3.944424,3.967586
1.700054,3.905668,3.955190,3.979221
1.700876,3.905668,3.954362,3.980052
1.700054,3.907317,3.954362,3.980883
1.699232,3.922976,3.971752,3.999167
1.693477,3.931217,3.978377,4.008309
1.692655,3.933690,3.979205,4.009140
1.694299,3.930393,3.979205,4.008309
1.690189,3.931217,3.978377,4.008309
1.689367,3.931217,3.978377,4.008309
1.691833,3.932041,3.978377,4.009140
1.692655,3.931217,3.979205,4.008309
1.689367,3.932041,3.977549,4.007478
1.690189,3.946052,3.994111,4.025761
1.684434,3.955118,4.003220,4.035734
1.684434,3.953469,4.001564,4.035734
1.683612,3.952645,4.001564,4.034903
1.681967,3.954294,4.003220,4.035734
1.681967,3.953469,4.001564,4.034903
1.682789,3.953469,4.001564,4.035734
1.682789,3.954294,4.002392,4.036565
1.681967,3.954294,4.002392,4.035734
1.681967,3.955942,4.002392,4.035734
1.684434,3.954294,4.003220,4.034903
1.684434,3.955118,4.002392,4.036565
1.682789,3.953469,4.002392,4.036565
1.681967,3.955118,4.002392,4.036565
1.682789,3.955118,4.002392,4.037396
1.682789,3.967480,4.016470,4.052356
1.679501,3.974897,4.023095,4.061497
1.675390,3.973249,4.023095,4.059835
1.677035,3.983139,4.033032,4.071470
1.670457,3.993853,4.042969,4.082274
1.669635,3.993029,4.042141,4.081443
1.669635,3.993029,4.042969,4.082274
1.671280,3.993853,4.041313,4.080612
1.672102,3.997974,4.044626,4.085598
1.666347,4.011160,4.058703,4.100558
1.663058,4.008688,4.057875,4.098896
1.663058,4.009512,4.058703,4.099727
1.663058,4.007864,4.057047,4.099727
1.663880,4.008688,4.057875,4.100558
1.663058,4.011160,4.057875,4.101389
1.661414,4.024347,4.072781,4.114686
1.661414,4.023523,4.071953,4.115517
1.658125,4.024347,4.071953,4.115517
1.658125,4.025171,4.071953,4.114686
1.659770,4.024347,4.071125,4.114686
1.660592,4.024347,4.071953,4.116348
1.662236,4.022698,4.071953,4.114686
1.661414,4.025171,4.073609,4.117179
1.656481,4.037533,4.086859,4.130476
1.653193,4.037533,4.085203,4.129645
1.653193,4.037533,4.086859,4.128814
1.654837,4.036709,4.086031,4.129645
1.655659,4.038357,4.085203,4.128814
1.656481,4.038357,4.085203,4.129645
1.657303,4.039181,4.085203,4.129645
1.655659,4.037533,4.085203,4.128814
1.655659,4.039181,4.084375,4.128814
1.656481,4.041654,4.086859,4.132139
1.655659,4.052368,4.098453,4.143774
1.651548,4.053192,4.098453,4.143774
1.647438,4.064730,4.110046,4.157071
1.648260,4.063082,4.110046,4.156240
1.649904,4.063082,4.110046,4.155409
1.651548,4.062258,4.107562,4.154577
1.651548,4.062258,4.109218,4.155409
1.647438,4.075444,4.122468,4.168706
1.647438,4.074620,4.120812,4.170368
1.644971,4.073796,4.119155,4.169537
1.643327,4.074620,4.119984,4.167875
1.644971,4.075444,4.120812,4.167875
1.643327,4.078741,4.125780,4.172861
1.644971,4.086158,4.133233,4.182003
1.640861,4.085334,4.131577,4.178679
1.640038,4.085334,4.132405,4.181172
1.640861,4.086158,4.132405,4.180341
1.640038,4.083686,4.130749,4.179510
1.640861,4.090279,4.138202,4.186989
1.637572,4.097696,4.143171,4.192807
1.637572,4.096048,4.141514,4.191145
1.637572,4.096872,4.140686,4.192807
1.637572,4.096872,4.141514,4.192807
1.635928,4.095224,4.139858,4.191976
1.637572,4.096048,4.141514,4.192807
1.636750,4.107586,4.152280,4.204442
1.635928,4.106762,4.151452,4.206104
1.637572,4.106762,4.150624,4.204442
1.637572,4.106762,4.149796,4.205273
1.635928,4.105938,4.150624,4.205273
1.635106,4.105938,4.151452,4.206104
1.634284,4.105114,4.150624,4.204442
1.634284,4.106762,4.152280,4.204442
1.631817,4.118300,4.163873,4.217739
1.631817,4.118300,4.163045,4.217739
1.630173,4.116652,4.162217,4.217739
1.630995,4.117476,4.163045,4.217739
1.633461,4.121597,4.166358,4.223557
1.628529,4.129014,4.172983,4.229374
1.626884,4.128190,4.174639,4.228543
1.626884,4.128190,4.173811,4.228543
1.628529,4.127366,4.172983,4.228543
1.626062,4.127366,4.172983,4.228543
1.630173,4.128190,4.172983,4.230205
1.626062,4.133135,4.180436,4.236854
1.623596,4.137256,4.182092,4.241009
1.624418,4.137256,4.183748,4.241840
1.621129,4.137256,4.183748,4.241009
1.621129,4.137256,4.183748,4.240178
1.625240,4.138080,4.182920,4.241009
1.626062,4.137256,4.182092,4.239347
1.625240,4.138080,4.181264,4.240178
1.624418,4.138080,4.183748,4.241009
1.623596,4.137256,4.183748,4.241009
1.621952,4.138080,4.182920,4.239347
1.622774,4.137256,4.183748,4.240178
1.623596,4.137256,4.182920,4.239347
1.625240,4.137256,4.183748,4.240178
1.624418,4.138080,4.184576,4.241009
1.624418,4.138080,4.183748,4.240178
1.624418,4.137256,4.182092,4.240178
1.628529,4.137256,4.182920,4.241009
1.624418,4.137256,4.183748,4.241009
1.625240,4.137256,4.183748,4.239347
1.626884,4.129838,4.176295,4.232698
1.627706,4.129014,4.173811,4.228543
1.626884,4.128190,4.175467,4.230205
1.626884,4.129014,4.174639,4.229374
1.628529,4.129014,4.175467,4.230205
1.629351,4.129014,4.172983,4.228543
1.626062,4.135608,4.181264,4.237685
1.626062,4.137256,4.184576,4.241009
1.626884,4.137256,4.183748,4.240178
1.628529,4.138904,4.185404,4.241840
1.625240,4.137256,4.185404,4.240178
1.623596,4.137256,4.185404,4.241009
1.625240,4.139728,4.185404,4.241840
1.626884,4.138080,4.186232,4.241009
1.624418,4.138904,4.185404,4.242671
1.624418,4.137256,4.183748,4.241840
1.624418,4.139728,4.183748,4.241840
1.625240,4.137256,4.185404,4.242671
1.625240,4.138080,4.184576,4.241009
1.627706,4.138904,4.183748,4.241009
1.626884,4.138904,4.185404,4.242671
1.621952,4.138080,4.185404,4.241840
1.621129,4.138904,4.184576,4.241840
1.624418,4.138080,4.185404,4.242671
1.623596,4.138080,4.186232,4.243502
1.628529,4.139728,4.187060,4.244333
1.625240,4.138904,4.184576,4.241840
1.622774,4.138080,4.184576,4.243502
1.624418,4.138080,4.185404,4.242671
1.625240,4.138904,4.185404,4.242671
1.626062,4.138080,4.185404,4.242671
1.624418,4.133135,4.177951,4.234360
1.628529,4.129838,4.176295,4.230205
1.630173,4.119949,4.164702,4.218570
1.633461,4.119949,4.166358,4.218570
1.631817,4.118300,4.165530,4.218570
1.630995,4.119949,4.165530,4.218570
1.630995,4.119949,4.164702,4.219401
1.631817,4.119124,4.163873,4.218570
1.633461,4.119124,4.163873,4.219401
1.631817,4.119949,4.164702,4.217739
1.631817,4.118300,4.164702,4.220232
1.634284,4.119124,4.164702,4.217739
1.635928,4.117476,4.164702,4.218570
1.635928,4.119949,4.164702,4.218570
1.635106,4.119124,4.164702,4.218570
1.633461,4.119949,4.164702,4.217739
1.632639,4.119124,4.164702,4.218570
1.637572,4.108410,4.154764,4.207766
1.640038,4.108410,4.153936,4.205273
1.640038,4.108410,4.153108,4.206104
1.639216,4.107586,4.153936,4.205273
1.635106,4.108410,4.153108,4.206104
1.635106,4.108410,4.153936,4.206935
1.636750,4.109235,4.154764,4.206935
1.635928,4.108410,4.154764,4.206935
1.636750,4.108410,4.154764,4.206104
1.635106,4.109235,4.153936,4.204442
1.637572,4.109235,4.153936,4.206104
1.635928,4.107586,4.153108,4.204442
1.634284,4.106762,4.153936,4.206104
1.635928,4.107586,4.153108,4.207766
1.636750,4.105114,4.148139,4.201949
1.637572,4.096872,4.142343,4.191976
1.640861,4.087807,4.133233,4.182003
1.643327,4.086158,4.134061,4.181172
1.645793,4.087807,4.133233,4.182003
1.645793,4.086158,4.134061,4.181172
1.646616,4.086158,4.133233,4.181172
1.645793,4.080389,4.124124,4.172861
1.649904,4.076268,4.122468,4.167875
1.647438,4.075444,4.121640,4.167875
1.646616,4.075444,4.122468,4.168706
1.646616,4.077917,4.122468,4.171199
1.648260,4.076268,4.123296,4.170368
1.650726,4.068027,4.114187,4.161226
1.649904,4.063906,4.111702,4.156240
1.653193,4.064730,4.111702,4.157071
1.650726,4.064730,4.111702,4.156240
1.650726,4.064730,4.110874,4.156240
1.649904,4.064730,4.111702,4.156240
1.652370,4.054840,4.100937,4.146267
1.655659,4.053192,4.099281,4.143774
1.655659,4.053192,4.100109,4.145436
1.654015,4.054016,4.101765,4.145436
1.654837,4.054016,4.100937,4.145436
1.653193,4.053192,4.100109,4.145436
1.654837,4.053192,4.100937,4.144605
1.654837,4.042478,4.087687,4.132139
1.656481,4.041654,4.086859,4.132139
1.656481,4.040830,4.087687,4.131307
1.655659,4.040830,4.087687,4.132970
1.656481,4.040006,4.089344,4.132139
1.659770,4.038357,4.086031,4.129645
1.662236,4.027643,4.075266,4.118841
1.663058,4.027643,4.074438,4.118010
1.666347,4.015281,4.061188,4.103051
1.666347,4.014457,4.062016,4.104713
1.667169,4.014457,4.063672,4.104713
1.667169,4.013633,4.061188,4.104713
1.669635,4.003743,4.050422,4.093078
1.672102,4.000446,4.047938,4.088092
1.672924,3.999622,4.047938,4.088923
1.672924,3.998798,4.047110,4.088923
1.670457,3.998798,4.046282,4.088092
1.674568,3.987260,4.033860,4.073963
1.678679,3.982315,4.028891,4.066484
1.677857,3.982315,4.029720,4.068146
1.677857,3.981491,4.029720,4.068146
1.674568,3.982315,4.028891,4.066484
1.678679,3.973249,4.020610,4.057342
1.682789,3.960063,4.006533,4.044045
1.684434,3.960887,4.009017,4.044045
1.683612,3.960887,4.007361,4.043214
1.681967,3.960887,4.008189,4.042383
1.682789,3.960063,4.008189,4.042383
1.684434,3.947700,3.994939,4.029917
1.692655,3.936162,3.983345,4.014957
1.691833,3.936986,3.984174,4.014126
1.692655,3.936162,3.983345,4.014957
1.693477,3.935338,3.983345,4.014957
1.691011,3.934514,3.980861,4.013295
1.689367,3.935338,3.982517,4.014126
1.688544,3.936162,3.982517,4.013295
1.694299,3.927096,3.975064,4.004984
1.702521,3.908965,3.956846,3.983377
1.700876,3.910613,3.956846,3.984208
1.700876,3.910613,3.957674,3.984208
1.702521,3.911437,3.958502,3.984208
1.699232,3.908965,3.956846,3.983377
1.701699,3.900723,3.947737,3.972573
1.708276,3.883416,3.931174,3.951796
1.708276,3.881768,3.932003,3.952627
1.709920,3.883416,3.932003,3.952627
1.710742,3.883416,3.932003,3.951796
1.709920,3.882592,3.932003,3.951796
1.709920,3.883416,3.931174,3.951796
1.710742,3.883416,3.932003,3.951796
1.710742,3.881768,3.930346,3.950965
1.709920,3.882592,3.931174,3.951796
1.711564,3.881768,3.930346,3.951796
1.714853,3.882592,3.930346,3.951796
1.718963,3.861164,3.907987,3.926033
1.717319,3.856219,3.903847,3.921877
1.717319,3.856219,3.903847,3.921877
1.718141,3.853747,3.904675,3.920215
1.722252,3.856219,3.905503,3.920215
1.718963,3.854571,3.904675,3.921046
1.719786,3.854571,3.903847,3.921046
1.719786,3.853747,3.903847,3.919384
1.719786,3.853747,3.904675,3.921046
1.720608,3.853747,3.904675,3.920215
1.721430,3.852922,3.903019,3.920215
1.718141,3.854571,3.903847,3.920215
1.718963,3.853747,3.903847,3.921046
1.718141,3.853747,3.903847,3.920215
1.718141,3.854571,3.903019,3.920215
1.712386,3.868581,3.918753,3.936005
1.709098,3.880120,3.931174,3.950965
1.708276,3.881768,3.930346,3.950965
1.709920,3.880944,3.930346,3.950965
1.710742,3.881768,3.929518,3.950965
1.710742,3.880944,3.930346,3.951796
1.708276,3.880120,3.928690,3.948472
1.707454,3.881768,3.930346,3.950965
1.707454,3.880944,3.929518,3.950134
1.707454,3.880944,3.928690,3.950134
1.709920,3.879295,3.931174,3.950134
1.708276,3.880944,3.930346,3.950965
1.706631,3.881768,3.928690,3.949303
1.707454,3.880944,3.930346,3.949303
1.709098,3.880120,3.930346,3.950134
1.709098,3.880944,3.929518,3.950134
1.709098,3.880120,3.929518,3.949303
1.708276,3.880120,3.929518,3.948472
1.709098,3.880120,3.928690,3.950134
1.707454,3.880944,3.927862,3.948472
1.708276,3.880120,3.928690,3.949303
1.708276,3.880120,3.928690,3.948472
1.708276,3.880120,3.927034,3.948472
1.708276,3.879295,3.927862,3.949303
1.708276,3.879295,3.929518,3.950134
1.707454,3.879295,3.928690,3.950965
1.709920,3.879295,3.928690,3.949303
1.707454,3.878471,3.928690,3.948472
1.709920,3.880120,3.929518,3.948472
1.709920,3.878471,3.927862,3.949303
1.705809,3.893306,3.941112,3.963431
1.696766,3.922151,3.972580,3.999998
1.690189,3.928745,3.979205,4.008309
1.692655,3.931217,3.979205,4.009140
1.691833,3.931217,3.978377,4.010802
1.691833,3.930393,3.979205,4.009140
1.691011,3.930393,3.979205,4.008309
1.693477,3.930393,3.978377,4.009140
1.690189,3.930393,3.978377,4.009140
1.685256,3.950997,4.000736,4.031579
1.682789,3.954294,4.002392,4.036565
1.683612,3.954294,4.001564,4.036565
1.685256,3.955942,4.001564,4.036565
1.683612,3.955118,4.001564,4.034903
1.682789,3.954294,4.002392,4.035734
1.682789,3.953469,4.001564,4.034903
1.684434,3.954294,4.004048,4.037396
1.683612,3.953469,4.002392,4.035734
1.683612,3.954294,4.001564,4.036565
1.682789,3.967480,4.016470,4.051525
1.677035,3.975722,4.023095,4.060666
1.677857,3.974073,4.021438,4.058173
1.677035,3.976546,4.023923,4.059004
1.675390,3.976546,4.023095,4.059004
1.675390,3.975722,4.023095,4.062328
1.673746,3.975722,4.022267,4.059835
1.672102,3.974897,4.023095,4.061497
1.672102,3.975722,4.023095,4.059004
1.675390,3.975722,4.024751,4.061497
1.673746,3.974897,4.023923,4.060666
1.674568,3.975722,4.023095,4.060666
1.673746,3.982315,4.030548,4.066484
1.670457,3.993853,4.042141,4.082274
1.668813,3.994677,4.041313,4.083105
1.665525,4.008688,4.057047,4.098065
1.663058,4.008688,4.057875,4.098896
1.663880,4.009512,4.056219,4.100558
1.665525,4.009512,4.058703,4.100558
1.664703,4.010336,4.057875,4.098896
1.665525,4.011984,4.057875,4.100558
1.661414,4.024347,4.071953,4.114686
1.661414,4.024347,4.072781,4.114686
1.659770,4.025171,4.071125,4.115517
1.659770,4.025171,4.071125,4.116348
1.658948,4.024347,4.071953,4.114686
1.660592,4.026819,4.071953,4.115517
1.662236,4.025995,4.075266,4.116348
1.658125,4.039181,4.086031,4.130476
1.656481,4.038357,4.085203,4.128814
1.655659,4.037533,4.086031,4.129645
1.657303,4.039181,4.086859,4.129645
1.656481,4.038357,4.085203,4.129645
1.657303,4.039181,4.085203,4.129645
1.656481,4.039181,4.086031,4.129645
1.656481,4.039181,4.084375,4.130476
1.653193,4.048247,4.095968,4.139618
1.650726,4.051544,4.099281,4.143774
1.651548,4.051544,4.097625,4.142111
1.649082,4.050720,4.099281,4.143774
1.652370,4.050720,4.098453,4.143774
1.652370,4.049895,4.097625,4.142942
1.651548,4.049895,4.098453,4.142942
1.650726,4.054840,4.100109,4.143774
1.648260,4.064730,4.111702,4.156240
1.646616,4.063906,4.110874,4.156240
1.645793,4.072972,4.119984,4.166213
1.642505,4.074620,4.121640,4.168706
1.642505,4.075444,4.120812,4.168706
1.644971,4.075444,4.121640,4.170368
1.644971,4.074620,4.120812,4.167875
1.641683,4.079565,4.125780,4.174523
1.638394,4.086982,4.131577,4.181172
1.640861,4.085334,4.131577,4.181172
1.643327,4.084510,4.131577,4.180341
1.642505,4.085334,4.132405,4.180341
1.641683,4.084510,4.131577,4.180341
1.638394,4.094400,4.140686,4.191145
1.636750,4.096048,4.141514,4.193638
1.637572,4.096872,4.140686,4.192807
1.638394,4.096048,4.142343,4.192807
1.636750,4.096048,4.141514,4.193638
1.637572,4.096048,4.141514,4.192807
1.635928,4.103466,4.148967,4.197793
1.635106,4.106762,4.152280,4.203611
1.635928,4.107586,4.153108,4.203611
1.638394,4.107586,4.152280,4.203611
1.635928,4.106762,4.152280,4.201949
1.634284,4.106762,4.152280,4.204442
1.635928,4.106762,4.152280,4.203611
1.635928,4.111707,4.156420,4.207766
1.633461,4.116652,4.163873,4.216908
1.631817,4.116652,4.161389,4.216908
1.630995,4.115828,4.162217,4.214415
1.630995,4.116652,4.163045,4.216077
1.631817,4.117476,4.163045,4.216908
1.630995,4.121597,4.168014,4.222725
1.627706,4.128190,4.172983,4.230205
1.627706,4.127366,4.174639,4.228543
1.626062,4.125718,4.172983,4.228543
1.626884,4.127366,4.173811,4.228543
1.626884,4.126542,4.173811,4.228543
1.627706,4.125718,4.173811,4.227712
1.626884,4.129838,4.177123,4.231036
1.623596,4.136432,4.184576,4.241009
1.626062,4.137256,4.183748,4.240178
1.624418,4.135608,4.182092,4.240178
1.623596,4.134783,4.182920,4.240178
1.626062,4.135608,4.184576,4.240178
1.625240,4.137256,4.184576,4.241009
1.626062,4.137256,4.185404,4.241840
1.623596,4.137256,4.184576,4.241009
1.623596,4.137256,4.184576,4.241009
1.621952,4.137256,4.182920,4.241840
1.624418,4.137256,4.183748,4.241840
1.626884,4.137256,4.183748,4.241840
1.626062,4.137256,4.185404,4.240178
1.625240,4.138080,4.185404,4.242671
1.626062,4.137256,4.185404,4.243502
1.622774,4.137256,4.183748,4.241840
1.623596,4.137256,4.185404,4.241009
1.625240,4.136432,4.184576,4.241840
1.626062,4.138080,4.184576,4.241840
1.624418,4.135608,4.183748,4.241840
1.621952,4.135608,4.183748,4.241840
1.623596,4.137256,4.184576,4.242671
1.622774,4.130663,4.176295,4.232698
1.625240,4.129014,4.172983,4.230205
1.626062,4.127366,4.174639,4.231036
1.627706,4.126542,4.175467,4.229374
1.629351,4.128190,4.173811,4.229374
1.628529,4.127366,4.174639,4.229374
1.630995,4.129014,4.174639,4.231036
1.629351,4.127366,4.172983,4.230205
1.629351,4.128190,4.175467,4.231036
1.626062,4.139728,4.183748,4.242671
1.622774,4.138080,4.183748,4.242671
1.623596,4.138080,4.184576,4.243502
1.622774,4.138080,4.183748,4.241840
1.621952,4.138080,4.184576,4.241840
1.623596,4.136432,4.182920,4.241840
1.626884,4.138080,4.185404,4.242671
1.625240,4.139728,4.184576,4.241009
1.625240,4.138904,4.185404,4.242671
1.627706,4.138904,4.186232,4.243502
1.624418,4.138904,4.185404,4.242671
1.622774,4.138904,4.185404,4.242671
1.626062,4.138080,4.185404,4.242671
1.626062,4.138904,4.185404,4.242671
1.626062,4.139728,4.186232,4.243502
1.624418,4.138904,4.185404,4.241840
1.624418,4.139728,4.186232,4.243502
1.624418,4.138904,4.187060,4.243502
1.623596,4.137256,4.187060,4.241840
1.622774,4.137256,4.186232,4.244333
1.625240,4.137256,4.185404,4.243502
1.626884,4.138904,4.186232,4.242671
1.625240,4.135608,4.179607,4.236854
1.629351,4.125718,4.170498,4.225219
1.631817,4.119124,4.163873,4.218570
1.633461,4.119949,4.165530,4.220232
1.630995,4.119949,4.164702,4.218570
1.630995,4.118300,4.164702,4.218570
1.632639,4.119124,4.164702,4.220232
1.632639,4.119124,4.165530,4.219401
1.633461,4.119124,4.164702,4.220232
1.631817,4.119124,4.163045,4.218570
1.632639,4.119124,4.164702,4.219401
1.633461,4.118300,4.163873,4.220232
1.634284,4.118300,4.164702,4.219401
1.634284,4.114180,4.158905,4.212753
1.635106,4.109235,4.153108,4.207766
1.634284,4.110059,4.154764,4.206104
1.634284,4.109235,4.152280,4.205273
1.635928,4.108410,4.153108,4.204442
1.635106,4.106762,4.153936,4.206935
1.633461,4.108410,4.153108,4.206935
1.635928,4.108410,4.153936,4.206104
1.635928,4.108410,4.153936,4.206104
1.634284,4.109235,4.153108,4.205273
1.635928,4.108410,4.153936,4.206104
1.636750,4.107586,4.153936,4.206935
1.637572,4.109235,4.153108,4.207766
1.635928,4.110059,4.153936,4.206104
1.635106,4.108410,4.154764,4.206104
1.635106,4.110059,4.153936,4.207766
1.635928,4.102641,4.147311,4.200286
1.637572,4.096872,4.142343,4.193638
1.640861,4.095224,4.139858,4.190314
1.642505,4.086982,4.132405,4.181172
1.641683,4.086982,4.133233,4.181172
1.644971,4.088631,4.134890,4.180341
1.644149,4.086158,4.134061,4.182003
1.645793,4.074620,4.121640,4.167875
1.644149,4.076268,4.122468,4.169537
1.644971,4.077093,4.123296,4.169537
1.645793,4.075444,4.122468,4.169537
1.646616,4.076268,4.121640,4.171199
1.649904,4.066379,4.113359,4.161226
1.653193,4.063906,4.112531,4.157071
1.651548,4.065554,4.111702,4.156240
1.652370,4.063082,4.111702,4.156240
1.649904,4.063906,4.112531,4.157902
1.648260,4.063082,4.110874,4.155409
1.649904,4.052368,4.098453,4.142942
1.651548,4.051544,4.100109,4.145436
1.653193,4.051544,4.100109,4.143774
1.652370,4.052368,4.100109,4.145436
1.652370,4.052368,4.100109,4.143774
1.652370,4.049895,4.097625,4.142942
1.655659,4.039181,4.086859,4.130476
1.656481,4.040830,4.086859,4.131307
1.658948,4.041654,4.087687,4.130476
1.658125,4.039181,4.087687,4.132970
1.658948,4.040830,4.087687,4.131307
1.660592,4.041654,4.088515,4.132139
1.658125,4.042478,4.088515,4.130476
1.661414,4.030116,4.076094,4.118841
1.664703,4.027643,4.075266,4.117179
1.664703,4.026819,4.073609,4.118841
1.667169,4.013633,4.061188,4.103882
1.666347,4.012808,4.062016,4.103051
1.666347,4.013633,4.062844,4.104713
1.667169,4.007864,4.056219,4.098896
1.669635,4.000446,4.047110,4.088923
1.667991,3.999622,4.047110,4.087261
1.668813,3.999622,4.049594,4.088923
1.670457,4.000446,4.047938,4.087261
1.669635,3.987260,4.035516,4.074795
1.675390,3.982315,4.030548,4.067315
1.677035,3.981491,4.028891,4.067315
1.677035,3.983139,4.029720,4.068146
1.675390,3.982315,4.028891,4.065653
1.678679,3.974073,4.020610,4.058173
1.684434,3.960887,4.008189,4.042383
1.684434,3.960887,4.010673,4.042383
1.684434,3.961711,4.010673,4.043214
1.684434,3.960887,4.008189,4.042383
1.682789,3.961711,4.009017,4.041552
1.687722,3.943579,3.989142,4.021606
1.691011,3.936162,3.984174,4.014957
1.691833,3.935338,3.983345,4.014126
1.691833,3.936986,3.985830,4.015788
1.692655,3.936162,3.983345,4.015788
1.692655,3.936162,3.984174,4.014126
1.693477,3.934514,3.983345,4.014126
1.695122,3.919679,3.967611,3.998336
1.701699,3.909789,3.956846,3.985039
1.702521,3.909789,3.957674,3.985870
1.701699,3.908965,3.956846,3.985039
1.701699,3.908965,3.957674,3.983377
1.702521,3.910613,3.958502,3.984208
1.702521,3.908141,3.957674,3.982545
1.703343,3.905668,3.956018,3.981714
1.708276,3.882592,3.931174,3.953458
1.709920,3.882592,3.931174,3.953458
1.709920,3.882592,3.933659,3.953458
1.709920,3.883416,3.931174,3.952627
1.709098,3.883416,3.932003,3.952627
1.709098,3.883416,3.931174,3.951796
1.709098,3.883416,3.932831,3.953458
1.710742,3.883416,3.932003,3.953458
1.709920,3.884240,3.932003,3.951796
1.707454,3.881768,3.932003,3.950965
1.710742,3.883416,3.931174,3.952627
1.711564,3.882592,3.931174,3.953458
1.711564,3.867757,3.913784,3.932681
1.718963,3.856219,3.904675,3.920215
1.718963,3.857043,3.904675,3.920215
1.718141,3.854571,3.903847,3.919384
1.718963,3.855395,3.905503,3.920215
1.718963,3.855395,3.903019,3.919384
1.718963,3.852922,3.903019,3.919384
1.720608,3.856219,3.904675,3.921046
1.721430,3.857043,3.903019,3.919384
1.720608,3.855395,3.905503,3.921046
1.722252,3.854571,3.903019,3.919384
1.720608,3.853747,3.905503,3.921046
1.719786,3.852922,3.903847,3.920215
1.718141,3.853747,3.903847,3.920215
1.719786,3.854571,3.905503,3.921046
1.718141,3.854571,3.903847,3.919384
1.715675,3.871054,3.922065,3.938499
1.710742,3.880120,3.931174,3.951796
1.710742,3.880120,3.929518,3.950965
1.711564,3.880944,3.929518,3.950134
1.712386,3.880120,3.929518,3.950965
1.710742,3.881768,3.930346,3.952627
1.709920,3.880944,3.930346,3.951796
1.711564,3.880944,3.929518,3.949303
1.709920,3.880944,3.929518,3.950134
1.711564,3.879295,3.929518,3.950965
1.710742,3.880120,3.928690,3.950134
1.709920,3.880944,3.928690,3.950134
1.707454,3.879295,3.927862,3.950134
1.708276,3.880120,3.929518,3.950965
1.708276,3.880944,3.927862,3.950134
1.708276,3.881768,3.928690,3.950134
1.706631,3.880944,3.928690,3.948472
1.708276,3.881768,3.928690,3.948472
1.709098,3.881768,3.930346,3.948472
1.705809,3.896603,3.946909,3.968417
1.699232,3.904020,3.953533,3.979221
1.699232,3.904844,3.952705,3.978390
1.700876,3.906493,3.953533,3.981714
1.701699,3.905668,3.953533,3.980052
1.700876,3.906493,3.952705,3.979221
1.701699,3.905668,3.955190,3.980052
1.702521,3.906493,3.953533,3.979221
1.700054,3.907317,3.953533,3.981714
1.698410,3.905668,3.953533,3.980052
1.695944,3.907317,3.954362,3.980052
1.697588,3.905668,3.952705,3.980052
1.696766,3.914734,3.964299,3.990856
1.690189,3.931217,3.979205,4.010802
1.689367,3.928745,3.976721,4.007478
1.688544,3.932041,3.978377,4.009140
1.689367,3.931217,3.979205,4.009140
1.688544,3.931217,3.978377,4.009140
1.690189,3.931217,3.977549,4.009971
1.687722,3.946052,3.993283,4.025761
1.684434,3.954294,4.001564,4.035734
1.686078,3.953469,4.002392,4.036565
1.683612,3.955118,4.000736,4.036565
1.684434,3.955118,4.002392,4.036565
1.684434,3.954294,4.001564,4.035734
1.685256,3.953469,4.001564,4.034072
1.682789,3.954294,4.003220,4.036565
1.682789,3.953469,4.002392,4.034903
1.684434,3.955942,4.002392,4.035734
1.681145,3.968304,4.017298,4.051525
1.677035,3.976546,4.023095,4.059004
1.678679,3.974897,4.023923,4.059835
1.677035,3.975722,4.022267,4.059835
1.677035,3.976546,4.023923,4.060666
1.677035,3.975722,4.023095,4.059835
1.677035,3.975722,4.023923,4.060666
1.679501,3.975722,4.023095,4.060666
1.678679,3.976546,4.023923,4.059835
1.676212,3.976546,4.024751,4.059835
1.677857,3.976546,4.023923,4.059004
1.677857,3.976546,4.023923,4.059835
1.677035,3.976546,4.023923,4.059835
1.677035,3.975722,4.023095,4.061497
1.674568,3.979842,4.028891,4.065653
1.672102,3.998798,4.050422,4.088923
1.666347,4.009512,4.058703,4.100558
1.664703,4.007864,4.057047,4.099727
1.667169,4.009512,4.058703,4.099727
1.665525,4.010336,4.057875,4.098896
1.665525,4.010336,4.060360,4.098896
1.662236,4.025171,4.073609,4.115517
1.659770,4.024347,4.071953,4.114686
1.659770,4.024347,4.071953,4.114686
1.659770,4.023523,4.071125,4.114686
1.660592,4.023523,4.073609,4.115517
1.659770,4.024347,4.071953,4.115517
1.658125,4.035885,4.085203,4.127983
1.654837,4.036709,4.086031,4.129645
1.655659,4.037533,4.086031,4.128814
1.657303,4.038357,4.086031,4.129645
1.657303,4.037533,4.085203,4.128814
1.658948,4.037533,4.084375,4.127152
1.657303,4.038357,4.084375,4.129645
1.652370,4.049071,4.095140,4.139618
1.650726,4.052368,4.098453,4.142942
1.653193,4.052368,4.097625,4.143774
1.654015,4.050720,4.097625,4.142111
1.653193,4.049071,4.096796,4.142111
1.654015,4.051544,4.098453,4.142111
1.654837,4.051544,4.097625,4.142111
1.653193,4.052368,4.098453,4.142111
1.654015,4.049895,4.097625,4.142942
1.651548,4.063906,4.110046,4.155409
1.651548,4.063082,4.111702,4.156240
1.651548,4.064730,4.110874,4.156240
1.644149,4.074620,4.122468,4.170368
1.644149,4.074620,4.122468,4.169537
1.645793,4.074620,4.121640,4.167875
1.644149,4.075444,4.122468,4.168706
1.646616,4.076268,4.119984,4.167044
1.643327,4.084510,4.131577,4.177848
1.640861,4.085334,4.130749,4.182003
1.642505,4.086158,4.132405,4.180341
1.643327,4.086158,4.129921,4.181172
1.640861,4.085334,4.131577,4.179510
1.638394,4.091103,4.135718,4.186158
1.636750,4.097696,4.143999,4.193638
1.636750,4.098521,4.143999,4.192807
1.634284,4.096048,4.142343,4.191976
1.639216,4.095224,4.143171,4.191976
1.641683,4.096048,4.141514,4.191976
1.640038,4.103466,4.148967,4.200286
1.635928,4.106762,4.153108,4.205273
1.635106,4.105938,4.152280,4.205273
1.635928,4.106762,4.153108,4.205273
1.635106,4.108410,4.151452,4.203611
1.634284,4.105938,4.152280,4.205273
1.635106,4.106762,4.152280,4.203611
1.630173,4.114180,4.159733,4.213584
1.634284,4.118300,4.164702,4.216908
1.635106,4.118300,4.163045,4.216908
1.635106,4.117476,4.163045,4.217739
1.632639,4.116652,4.163873,4.217739
1.632639,4.118300,4.163045,4.216908
1.630995,4.119124,4.161389,4.216908
1.631817,4.119124,4.165530,4.219401
1.630995,4.127366,4.173811,4.229374
1.630173,4.127366,4.172983,4.229374
1.630995,4.129014,4.174639,4.228543
1.628529,4.128190,4.172983,4.230205
1.627706,4.127366,4.173811,4.229374
1.626884,4.126542,4.173811,4.228543
1.626062,4.137256,4.185404,4.241009
1.623596,4.137256,4.184576,4.241009
1.621952,4.137256,4.182920,4.239347
1.625240,4.137256,4.184576,4.241009
1.625240,4.138080,4.183748,4.242671
1.624418,4.138080,4.184576,4.241840
1.625240,4.138080,4.184576,4.239347
1.626062,4.137256,4.184576,4.240178
1.626062,4.138904,4.185404,4.241840
1.622774,4.137256,4.184576,4.241009
1.625240,4.138904,4.185404,4.241009
1.625240,4.138080,4.185404,4.240178
1.626062,4.138080,4.185404,4.241009
1.621952,4.137256,4.185404,4.241009
1.627706,4.137256,4.185404,4.241009
1.627706,4.138080,4.182920,4.241009
1.626884,4.138080,4.184576,4.241009
1.625240,4.138080,4.183748,4.241009
1.626062,4.138904,4.184576,4.241009
1.623596,4.138080,4.184576,4.241840
1.623596,4.138904,4.183748,4.240178
1.625240,4.139728,4.185404,4.241009
1.623596,4.138080,4.184576,4.241009
1.624418,4.138904,4.183748,4.241009
1.623596,4.138080,4.185404,4.241009
1.625240,4.132311,4.177951,4.234360
1.625240,4.129838,4.173811,4.231036
1.625240,4.129838,4.175467,4.231036
1.626062,4.129838,4.174639,4.230205
1.627706,4.129838,4.174639,4.230205
1.626062,4.129838,4.175467,4.231036
1.626062,4.129014,4.174639,4.231036
1.628529,4.128190,4.175467,4.231036
1.630995,4.129838,4.177123,4.231036
1.630995,4.129838,4.176295,4.230205
1.631817,4.129014,4.175467,4.230205
1.633461,4.129838,4.174639,4.231036
1.630995,4.131487,4.176295,4.233529
1.626884,4.141377,4.185404,4.244333
1.625240,4.139728,4.186232,4.241840
1.626884,4.138904,4.185404,4.241009
1.626062,4.138080,4.185404,4.241840
1.624418,4.138904,4.185404,4.241840
1.625240,4.139728,4.185404,4.241840
1.626062,4.140553,4.185404,4.242671
1.625240,4.138904,4.185404,4.243502
1.627706,4.138904,4.185404,4.244333
1.626062,4.138904,4.186232,4.242671
1.623596,4.138080,4.185404,4.241840
1.626062,4.138904,4.186232,4.241840
1.626062,4.139728,4.185404,4.241840
1.623596,4.138904,4.184576,4.241009
1.626062,4.139728,4.185404,4.243502
1.625240,4.138904,4.185404,4.241840
1.627706,4.138904,4.185404,4.242671
1.627706,4.138904,4.185404,4.241840
1.627706,4.136432,4.180436,4.240178
1.630995,4.123245,4.168842,4.225219
1.635106,4.119124,4.164702,4.218570
1.633461,4.119949,4.166358,4.220232
1.632639,4.119124,4.167186,4.218570
1.631817,4.119949,4.165530,4.217739
1.633461,4.120773,4.164702,4.221894
1.631817,4.119949,4.166358,4.221063
1.631817,4.119949,4.164702,4.219401
1.631817,4.119124,4.165530,4.218570
1.634284,4.119949,4.164702,4.221063
1.633461,4.112531,4.158077,4.212753
1.635106,4.106762,4.153108,4.206935
1.636750,4.109235,4.155592,4.207766
1.635106,4.108410,4.153108,4.205273
1.635928,4.108410,4.154764,4.206104
1.635928,4.108410,4.153936,4.206104
1.633461,4.108410,4.153936,4.206104
1.633461,4.109235,4.153936,4.206104
1.638394,4.110059,4.155592,4.206935
1.635928,4.110059,4.154764,4.206104
1.635928,4.107586,4.154764,4.206104
1.638394,4.108410,4.153936,4.206935
1.640861,4.097696,4.143171,4.192807
1.640861,4.096048,4.143999,4.193638
1.640038,4.098521,4.144827,4.193638
1.639216,4.096048,4.143999,4.192807
1.640038,4.099345,4.143999,4.193638
1.640861,4.097696,4.144827,4.195300
1.642505,4.097696,4.143999,4.195300
1.643327,4.096872,4.143171,4.196131
1.643327,4.096048,4.142343,4.192807
1.644149,4.084510,4.131577,4.181172
1.644149,4.087807,4.131577,4.182003
1.648260,4.075444,4.122468,4.167875
1.649082,4.077093,4.122468,4.168706
1.645793,4.075444,4.122468,4.169537
1.643327,4.075444,4.123296,4.169537
1.645793,4.072148,4.118327,4.165381
1.649904,4.064730,4.112531,4.156240
1.649082,4.063906,4.111702,4.157071
1.649904,4.066379,4.112531,4.157071
1.654015,4.067203,4.113359,4.157902
1.649904,4.062258,4.110046,4.156240
1.652370,4.053192,4.099281,4.145436
1.654015,4.054016,4.100937,4.143774
1.655659,4.054016,4.101765,4.145436
1.654015,4.052368,4.100937,4.143774
1.654015,4.054840,4.100109,4.145436
1.655659,4.046599,4.095140,4.138787
1.658125,4.040006,4.086859,4.131307
1.658948,4.040830,4.089344,4.132139
1.658948,4.042478,4.086859,4.132970
1.658948,4.040830,4.088515,4.132139
1.659770,4.041654,4.088515,4.132139
1.659770,4.037533,4.086031,4.128814
1.663058,4.028467,4.074438,4.118010
1.663058,4.027643,4.074438,4.118841
1.662236,4.028467,4.075266,4.117179
1.663058,4.028467,4.076094,4.119672
1.663880,4.028467,4.075266,4.118841
1.664703,4.027643,4.075266,4.118841
1.662236,4.028467,4.075266,4.118010
1.667169,4.016929,4.062016,4.104713
1.667991,4.002919,4.049594,4.089754
1.669635,4.000446,4.048766,4.088923
1.671280,4.000446,4.047110,4.088923
1.672924,4.001270,4.045454,4.088923
1.672924,3.993029,4.039657,4.080612
1.677035,3.982315,4.029720,4.066484
1.677035,3.983139,4.029720,4.068146
1.676212,3.982315,4.028063,4.068977
1.677035,3.982315,4.029720,4.068146
1.677857,3.974073,4.019782,4.058173
1.684434,3.961711,4.009845,4.042383
1.682789,3.963359,4.006533,4.044045
1.685256,3.960887,4.007361,4.042383
1.685256,3.960887,4.007361,4.042383
1.686078,3.960063,4.006533,4.043214
1.689367,3.941931,3.988314,4.020775
1.693477,3.937810,3.984174,4.014957
1.692655,3.936986,3.984174,4.014126
1.693477,3.936162,3.983345,4.014957
1.693477,3.936986,3.984174,4.014126
1.692655,3.936162,3.983345,4.014957
1.695122,3.931217,3.978377,4.009971
1.701699,3.911437,3.956018,3.983377
1.700876,3.910613,3.959330,3.983377
1.702521,3.910613,3.957674,3.984208
1.700876,3.909789,3.959330,3.984208
1.700054,3.909789,3.956846,3.985039
1.700054,3.910613,3.957674,3.982545
1.700876,3.910613,3.957674,3.981714
1.702521,3.910613,3.957674,3.985039
1.704165,3.892482,3.939456,3.962600
1.711564,3.883416,3.931174,3.953458
1.709098,3.884240,3.932003,3.952627
1.709920,3.883416,3.932003,3.953458
1.709920,3.884240,3.931174,3.952627
1.709920,3.882592,3.932003,3.952627
1.710742,3.883416,3.931174,3.953458
1.708276,3.882592,3.931174,3.951796
1.708276,3.882592,3.932003,3.951796
1.711564,3.883416,3.930346,3.951796
1.709098,3.882592,3.930346,3.950965
1.709098,3.882592,3.930346,3.951796
1.710742,3.883416,3.930346,3.952627
1.712386,3.864461,3.912128,3.931850
1.715675,3.856219,3.903019,3.921046
1.716497,3.854571,3.903019,3.920215
1.718963,3.855395,3.903847,3.921046
1.718963,3.855395,3.903019,3.921877
1.719786,3.855395,3.903847,3.920215
1.718141,3.855395,3.903019,3.920215
1.717319,3.854571,3.903019,3.920215
1.718141,3.852922,3.903019,3.920215
1.719786,3.853747,3.904675,3.921877
1.717319,3.854571,3.903847,3.918553
1.718141,3.854571,3.904675,3.920215
1.720608,3.853747,3.903847,3.921046
1.718963,3.855395,3.903019,3.919384
1.718963,3.854571,3.903019,3.920215
1.719786,3.856219,3.903019,3.919384
1.719786,3.854571,3.903019,3.919384
1.718141,3.855395,3.903847,3.919384
1.716497,3.866933,3.916269,3.935174
1.711564,3.880944,3.929518,3.951796
1.713208,3.882592,3.930346,3.950134
1.713208,3.881768,3.927034,3.949303
1.709920,3.881768,3.929518,3.948472
1.712386,3.880944,3.929518,3.950134
1.709098,3.881768,3.929518,3.950134
1.709098,3.880944,3.928690,3.949303
1.711564,3.881768,3.928690,3.950134
1.711564,3.881768,3.927862,3.950134
1.711564,3.879295,3.928690,3.950134
1.713208,3.881768,3.927862,3.950134
1.713208,3.880944,3.928690,3.950134
1.708276,3.900723,3.948565,3.974235
1.700876,3.905668,3.953533,3.980052
1.700876,3.906493,3.953533,3.979221
1.700054,3.906493,3.953533,3.979221
1.702521,3.908141,3.954362,3.980052
1.700876,3.907317,3.953533,3.980052
1.700054,3.905668,3.952705,3.980883
1.699232,3.905668,3.954362,3.979221
1.701699,3.905668,3.953533,3.981714
1.698410,3.906493,3.953533,3.981714
1.699232,3.905668,3.954362,3.979221
1.700876,3.905668,3.953533,3.979221
1.702521,3.906493,3.953533,3.980052
1.702521,3.906493,3.952705,3.980052
1.701699,3.906493,3.952705,3.980052
1.701699,3.905668,3.952705,3.980883
1.700876,3.905668,3.953533,3.980052
1.700876,3.905668,3.952705,3.980052
1.700054,3.913086,3.960986,3.985870
1.692655,3.930393,3.979205,4.009971
1.692655,3.930393,3.977549,4.008309
1.692655,3.932041,3.978377,4.010802
1.691833,3.938635,3.986658,4.016619
1.683612,3.955942,4.004048,4.036565
1.682789,3.955942,4.000736,4.035734
1.685256,3.955118,4.001564,4.036565
1.684434,3.955118,4.000736,4.036565
1.683612,3.955942,4.001564,4.036565
1.684434,3.955118,4.002392,4.038227
1.681967,3.955118,4.001564,4.034903
1.682789,3.955118,4.002392,4.036565
1.680323,3.974897,4.022267,4.058173
1.676212,3.975722,4.022267,4.059004
1.679501,3.975722,4.022267,4.059835
1.678679,3.974897,4.021438,4.059835
1.677035,3.974897,4.022267,4.059835
1.677035,3.976546,4.022267,4.059004
1.677035,3.977370,4.021438,4.060666
1.678679,3.977370,4.023095,4.060666
1.680323,3.977370,4.023095,4.062328
1.678679,3.977370,4.022267,4.059835
1.677857,3.975722,4.021438,4.058173
1.677035,3.981491,4.030548,4.068146
1.671280,3.997150,4.042141,4.081443
1.670457,3.994677,4.040485,4.079781
1.671280,3.994677,4.041313,4.079781
1.671280,3.994677,4.041313,4.082274
1.671280,3.995501,4.040485,4.081443
1.669635,3.995501,4.042141,4.081443
1.669635,3.997150,4.043797,4.083936
1.665525,4.009512,4.058703,4.100558
1.667169,4.011984,4.057875,4.098896
1.665525,4.010336,4.057875,4.098896
1.662236,4.021874,4.071125,4.112193
1.662236,4.023523,4.071953,4.115517
1.660592,4.025995,4.071125,4.115517
1.658948,4.025995,4.072781,4.114686
1.660592,4.025171,4.072781,4.114686
1.659770,4.024347,4.071953,4.113855
1.657303,4.038357,4.086031,4.127983
1.657303,4.037533,4.086859,4.129645
1.654837,4.038357,4.085203,4.129645
1.655659,4.039181,4.086859,4.127983
1.655659,4.038357,4.086859,4.127152
1.656481,4.039181,4.087687,4.128814
1.653193,4.045775,4.095968,4.137125
1.650726,4.052368,4.100937,4.142111
1.653193,4.050720,4.100937,4.142111
1.653193,4.050720,4.099281,4.141280
1.652370,4.052368,4.098453,4.142111
1.654015,4.050720,4.099281,4.142111
1.653193,4.050720,4.097625,4.142111
1.652370,4.051544,4.099281,4.142111
1.649904,4.061434,4.110046,4.153746
1.649082,4.063906,4.110874,4.155409
1.648260,4.062258,4.110046,4.154577
1.649082,4.062258,4.110874,4.154577
1.649082,4.063906,4.110046,4.154577
1.646616,4.063082,4.110046,4.154577
1.650726,4.063082,4.111702,4.154577
1.650726,4.063082,4.111702,4.153746
1.648260,4.073796,4.122468,4.167044
1.647438,4.075444,4.122468,4.167875
1.644149,4.082038,4.128265,4.172861
1.640038,4.085334,4.134890,4.180341
1.638394,4.086982,4.132405,4.180341
1.641683,4.086158,4.133233,4.178679
1.643327,4.085334,4.133233,4.180341
1.642505,4.086982,4.134061,4.182003
1.637572,4.097696,4.143999,4.192807
1.640861,4.098521,4.142343,4.191145
1.640038,4.096872,4.143171,4.191976
1.642505,4.098521,4.142343,4.191976
1.640861,4.096872,4.142343,4.191976
1.637572,4.102641,4.148967,4.200286
1.637572,4.108410,4.153936,4.206104
1.638394,4.106762,4.153108,4.204442
1.635928,4.105938,4.153108,4.204442
1.635106,4.107586,4.152280,4.203611
1.636750,4.106762,4.153108,4.204442
1.635928,4.110059,4.156420,4.206935
1.635106,4.119124,4.163873,4.217739
1.630995,4.117476,4.163873,4.217739
1.630995,4.118300,4.163873,4.216908
1.631817,4.116652,4.163045,4.216908
1.630995,4.118300,4.163045,4.217739
1.631817,4.118300,4.162217,4.216077
1.630173,4.117476,4.164702,4.216908
1.630995,4.129014,4.175467,4.229374
1.626884,4.129014,4.174639,4.227712
1.626062,4.127366,4.174639,4.228543
1.629351,4.127366,4.173811,4.228543
1.630173,4.127366,4.174639,4.228543
1.628529,4.127366,4.174639,4.228543
1.626884,4.127366,4.173811,4.228543
1.625240,4.138080,4.184576,4.241840
1.626062,4.136432,4.183748,4.241840
1.625240,4.136432,4.184576,4.241009
1.626062,4.138080,4.183748,4.241840
1.626884,4.137256,4.184576,4.241009
1.624418,4.137256,4.183748,4.239347
1.627706,4.137256,4.183748,4.241009
1.625240,4.138080,4.185404,4.241009
1.625240,4.138080,4.184576,4.241009
1.624418,4.136432,4.184576,4.241009
1.623596,4.136432,4.183748,4.241009
1.625240,4.137256,4.183748,4.241009
1.625240,4.137256,4.184576,4.241840
1.626062,4.137256,4.184576,4.240178
1.623596,4.138080,4.184576,4.242671
1.625240,4.138080,4.184576,4.241009
1.626062,4.137256,4.183748,4.241840
1.626062,4.137256,4.182920,4.241840
1.625240,4.139728,4.183748,4.241009
1.625240,4.137256,4.184576,4.242671
1.624418,4.138080,4.184576,4.242671
1.626062,4.137256,4.184576,4.240178
1.626062,4.137256,4.184576,4.240178
1.627706,4.138080,4.182920,4.242671
1.629351,4.138904,4.184576,4.241009
1.628529,4.138080,4.183748,4.241840
1.625240,4.137256,4.185404,4.241840
1.625240,4.137256,4.184576,4.241840
1.626062,4.132311,4.179607,4.235192
1.627706,4.128190,4.174639,4.229374
1.627706,4.127366,4.175467,4.229374
1.630173,4.128190,4.175467,4.229374
1.630995,4.128190,4.174639,4.231036
1.628529,4.127366,4.174639,4.230205
1.630173,4.126542,4.174639,4.230205
1.630995,4.129014,4.176295,4.231036
1.630173,4.128190,4.174639,4.229374
1.628529,4.127366,4.173811,4.230205
1.628529,4.127366,4.174639,4.228543
1.628529,4.126542,4.173811,4.230205
1.628529,4.129014,4.175467,4.231036
1.627706,4.129838,4.174639,4.230205
1.626884,4.128190,4.175467,4.231867
1.629351,4.127366,4.175467,4.229374
1.629351,4.128190,4.173811,4.231036
1.629351,4.126542,4.175467,4.230205
1.630173,4.128190,4.175467,4.231867
1.629351,4.133135,4.180436,4.236023
1.625240,4.137256,4.184576,4.241840
1.625240,4.138080,4.183748,4.241009
1.626062,4.139728,4.186232,4.241840
1.626062,4.137256,4.185404,4.241840
1.625240,4.136432,4.185404,4.242671
1.626884,4.138080,4.184576,4.242671
1.625240,4.138080,4.184576,4.242671
1.627706,4.138904,4.184576,4.242671
1.627706,4.138080,4.183748,4.243502
1.625240,4.137256,4.185404,4.241009
1.625240,4.138080,4.186232,4.241840
1.626062,4.134783,4.182092,4.239347
1.630995,4.118300,4.166358,4.220232
1.635106,4.117476,4.164702,4.218570
1.633461,4.118300,4.163873,4.219401
1.633461,4.118300,4.165530,4.218570
1.635106,4.119124,4.164702,4.220232
1.635106,4.119124,4.165530,4.218570
1.631817,4.118300,4.163873,4.218570
1.630173,4.119124,4.165530,4.218570
1.632639,4.117476,4.163873,4.218570
1.636750,4.107586,4.153936,4.206935
1.635106,4.105938,4.153936,4.206935
1.635928,4.106762,4.154764,4.207766
1.636750,4.107586,4.154764,4.205273
1.636750,4.106762,4.154764,4.206104
1.635928,4.105938,4.153108,4.206104
1.635928,4.108410,4.153936,4.205273
1.638394,4.107586,4.154764,4.204442
1.635928,4.106762,4.153108,4.204442
1.636750,4.102641,4.148967,4.201118
1.639216,4.096048,4.142343,4.192807
1.640861,4.096872,4.143171,4.192807
1.639216,4.096872,4.143999,4.194469
1.642505,4.097696,4.143999,4.193638
1.640861,4.096872,4.143171,4.195300
1.639216,4.096048,4.143171,4.192807
1.642505,4.097696,4.143171,4.193638
1.638394,4.096048,4.144827,4.193638
1.638394,4.096872,4.143171,4.195300
1.641683,4.096048,4.143999,4.195300
1.641683,4.093576,4.143999,4.194469
1.641683,4.094400,4.143171,4.191976
1.647438,4.073796,4.120812,4.167875
1.649904,4.076268,4.123296,4.168706
1.647438,4.075444,4.123296,4.168706
1.648260,4.075444,4.122468,4.171199
1.648260,4.069675,4.118327,4.163719
1.653193,4.063082,4.110046,4.157071
1.652370,4.063906,4.111702,4.156240
1.651548,4.063906,4.112531,4.157902
1.649904,4.064730,4.112531,4.157071
1.654015,4.054840,4.102593,4.147098
1.655659,4.049895,4.100937,4.142942
1.654837,4.053192,4.100937,4.143774
1.655659,4.052368,4.100109,4.144605
1.655659,4.052368,4.100937,4.146267
1.656481,4.049071,4.093484,4.138787
1.658948,4.040006,4.086031,4.131307
1.660592,4.040006,4.087687,4.131307
1.663880,4.041654,4.087687,4.131307
1.661414,4.042478,4.086859,4.131307
1.659770,4.041654,4.086031,4.132139
1.663058,4.028467,4.076094,4.119672
1.664703,4.027643,4.076094,4.119672
1.664703,4.027643,4.076094,4.118841
1.665525,4.027643,4.075266,4.118841
1.665525,4.027643,4.076922,4.119672
1.665525,4.027643,4.074438,4.118841
1.666347,4.019402,4.064500,4.109700
1.668813,4.013633,4.061188,4.103882
1.668813,4.013633,4.061188,4.103882
1.667169,4.014457,4.062016,4.104713
1.665525,4.013633,4.061188,4.104713
1.667991,4.001270,4.049594,4.089754
1.672102,4.000446,4.048766,4.087261
1.672102,3.998798,4.047110,4.088092
1.674568,3.985611,4.031376,4.071470
1.677035,3.981491,4.029720,4.068977
1.677035,3.982315,4.029720,4.068146
1.681967,3.982315,4.029720,4.069808
1.678679,3.982315,4.030548,4.067315
1.681145,3.963359,4.010673,4.046538
1.685256,3.961711,4.008189,4.042383
1.690189,3.960063,4.007361,4.043214
1.687722,3.960887,4.009845,4.042383
1.685256,3.958414,4.008189,4.042383
1.686078,3.948524,3.997423,4.029917
1.693477,3.936986,3.983345,4.014126
1.692655,3.936162,3.983345,4.014126
1.692655,3.936162,3.984174,4.014126
1.692655,3.935338,3.982517,4.013295
1.692655,3.936162,3.983345,4.014126
1.695122,3.930393,3.977549,4.007478
1.702521,3.909789,3.956846,3.984208
1.703343,3.910613,3.957674,3.984208
1.701699,3.908965,3.957674,3.984208
1.700054,3.910613,3.957674,3.985039
1.702521,3.908965,3.957674,3.985039
1.702521,3.908141,3.958502,3.985039
1.700876,3.908965,3.957674,3.983377
1.700054,3.908965,3.956846,3.984208
1.705809,3.888361,3.936143,3.960107
1.709098,3.882592,3.932003,3.952627
1.710742,3.883416,3.932003,3.951796
1.709098,3.883416,3.931174,3.951796
1.708276,3.882592,3.932003,3.952627
1.709920,3.880944,3.932003,3.953458
1.712386,3.881768,3.930346,3.953458
1.711564,3.881768,3.931174,3.952627
1.711564,3.882592,3.932003,3.950134
1.710742,3.881768,3.931174,3.950965
1.709920,3.882592,3.930346,3.950965
1.710742,3.881768,3.930346,3.950134
1.711564,3.883416,3.931174,3.952627
1.709098,3.881768,3.932003,3.950134
1.713208,3.871054,3.919581,3.938499
1.721430,3.854571,3.903019,3.918553
1.720608,3.853747,3.903847,3.920215
1.719786,3.854571,3.903019,3.920215
1.719786,3.852922,3.904675,3.918553
1.719786,3.854571,3.903847,3.919384
1.719786,3.852922,3.905503,3.919384
1.718141,3.854571,3.902191,3.919384
1.720608,3.855395,3.904675,3.921046
1.718141,3.854571,3.902191,3.918553
1.717319,3.855395,3.903019,3.919384
1.718141,3.853747,3.903847,3.919384
1.716497,3.854571,3.903019,3.920215
1.716497,3.853747,3.901363,3.921046
1.717319,3.852922,3.903019,3.918553
1.714853,3.852098,3.903019,3.919384
1.718141,3.852922,3.902191,3.921877
1.717319,3.853747,3.902191,3.919384
1.718963,3.853747,3.902191,3.918553
1.719786,3.853747,3.902191,3.918553
1.717319,3.861988,3.912956,3.929357
1.711564,3.880944,3.931174,3.950134
1.710742,3.879295,3.929518,3.949303
1.709098,3.880944,3.929518,3.950134
1.709098,3.880944,3.929518,3.948472
1.708276,3.880120,3.928690,3.948472
1.709920,3.879295,3.929518,3.949303
1.712386,3.880944,3.929518,3.948472
1.711564,3.880944,3.928690,3.948472
1.706631,3.897427,3.947737,3.970079
1.699232,3.904844,3.952705,3.979221
1.700054,3.905668,3.953533,3.980052
1.700054,3.905668,3.953533,3.979221
1.700876,3.904844,3.954362,3.978390
1.700054,3.905668,3.951877,3.977559
1.701699,3.905668,3.953533,3.979221
1.702521,3.905668,3.953533,3.979221
1.700876,3.905668,3.953533,3.978390
1.702521,3.906493,3.954362,3.980052
1.700876,3.905668,3.953533,3.980052
1.701699,3.905668,3.954362,3.980052
1.699232,3.905668,3.953533,3.980052
1.701699,3.904844,3.953533,3.979221
1.702521,3.905668,3.951877,3.978390
1.701699,3.906493,3.951877,3.980052
1.701699,3.905668,3.952705,3.978390
1.703343,3.905668,3.952705,3.979221
1.702521,3.906493,3.953533,3.980052
1.703343,3.905668,3.952705,3.980052
1.702521,3.905668,3.952705,3.978390
1.700876,3.905668,3.954362,3.980052
1.700876,3.908965,3.957674,3.983377
1.694299,3.938635,3.985830,4.015788
1.686900,3.954294,4.003220,4.035734
1.684434,3.952645,4.000736,4.035734
1.684434,3.955118,4.001564,4.036565
1.683612,3.953469,4.002392,4.035734
1.686900,3.955118,4.004048,4.035734
1.685256,3.955942,4.002392,4.034903
1.686078,3.954294,4.001564,4.034903
1.680323,3.972425,4.019782,4.054849
1.677035,3.974073,4.022267,4.059835
1.676212,3.975722,4.023923,4.059004
1.672924,3.974897,4.023095,4.058173
1.677035,3.975722,4.023095,4.059835
1.676212,3.976546,4.022267,4.059835
1.677035,3.974897,4.022267,4.059004
1.677035,3.975722,4.023095,4.060666
1.676212,3.977370,4.025579,4.062328
1.674568,3.994677,4.043797,4.081443
1.672924,3.993853,4.042141,4.080612
1.671280,3.995501,4.040485,4.082274
1.671280,3.995501,4.042141,4.081443
1.670457,3.995501,4.039657,4.082274
1.670457,3.995501,4.042141,4.082274
1.672102,3.995501,4.041313,4.081443
1.672102,3.995501,4.042969,4.081443
1.669635,3.994677,4.042969,4.080612
1.672102,3.994677,4.041313,4.082274
1.671280,3.994677,4.041313,4.082274
1.669635,3.994677,4.041313,4.082274
1.670457,3.993853,4.042141,4.081443
1.671280,3.995501,4.042969,4.083105
1.666347,4.022698,4.071125,4.111362
1.662236,4.024347,4.071953,4.114686
1.661414,4.025995,4.071953,4.115517
1.661414,4.025171,4.071953,4.115517
1.661414,4.025171,4.071953,4.116348
1.662236,4.028467,4.075266,4.118841
1.657303,4.039181,4.086031,4.130476
1.656481,4.039181,4.086031,4.130476
1.657303,4.039181,4.086859,4.129645
1.657303,4.038357,4.085203,4.129645
1.654837,4.038357,4.083547,4.127983
1.656481,4.044126,4.088515,4.132970
1.653193,4.053192,4.100109,4.142942
1.652370,4.052368,4.096796,4.142111
1.651548,4.051544,4.097625,4.140449
1.654015,4.051544,4.098453,4.142111
1.654015,4.051544,4.097625,4.140449
1.654015,4.050720,4.097625,4.141280
1.653193,4.059785,4.109218,4.152084
1.648260,4.063082,4.110874,4.154577
1.649904,4.064730,4.110874,4.155409
1.649082,4.063082,4.110874,4.156240
1.649082,4.063906,4.110874,4.153746
1.647438,4.063082,4.110046,4.154577
1.646616,4.063906,4.109218,4.153746
1.646616,4.064730,4.110874,4.154577
1.644971,4.075444,4.122468,4.167875
1.645793,4.075444,4.120812,4.167875
1.644971,4.075444,4.121640,4.167044
1.644149,4.075444,4.122468,4.167875
1.646616,4.076268,4.121640,4.168706
1.644971,4.083686,4.131577,4.179510
1.640861,4.086158,4.133233,4.182003
1.642505,4.086158,4.131577,4.182003
1.640861,4.086982,4.132405,4.180341
1.640861,4.087807,4.134061,4.182834
1.639216,4.098521,4.143171,4.194469
1.637572,4.098521,4.141514,4.192807
1.638394,4.096048,4.142343,4.193638
1.639216,4.096872,4.142343,4.192807
1.639216,4.096048,4.142343,4.191976
1.637572,4.103466,4.149796,4.200286
1.639216,4.108410,4.153108,4.204442
1.637572,4.108410,4.153108,4.203611
1.635106,4.106762,4.150624,4.204442
1.638394,4.108410,4.152280,4.205273
1.638394,4.107586,4.150624,4.203611
1.635928,4.113355,4.159733,4.212753
1.632639,4.117476,4.163045,4.218570
1.634284,4.118300,4.163045,4.217739
1.633461,4.119124,4.163045,4.218570
1.632639,4.118300,4.163873,4.217739
1.632639,4.116652,4.163873,4.216908
1.631817,4.117476,4.162217,4.216908
1.627706,4.125718,4.170498,4.226881
1.628529,4.127366,4.172983,4.227712
1.630173,4.128190,4.172983,4.228543
1.626062,4.129014,4.172983,4.228543
1.624418,4.127366,4.173811,4.228543
1.628529,4.127366,4.172983,4.229374
1.627706,4.127366,4.172983,4.227712
1.629351,4.126542,4.173811,4.229374
1.626884,4.138904,4.185404,4.242671
1.625240,4.138080,4.184576,4.241009
1.626062,4.138080,4.184576,4.241840
1.622774,4.138080,4.184576,4.240178
1.624418,4.137256,4.183748,4.241009
1.621129,4.137256,4.184576,4.241009
1.622774,4.138080,4.182920,4.241009
1.622774,4.139728,4.183748,4.241840
1.624418,4.138904,4.183748,4.240178
1.626884,4.139728,4.185404,4.241840
1.624418,4.138080,4.184576,4.241840
1.625240,4.138080,4.183748,4.242671
1.623596,4.137256,4.183748,4.241840
1.625240,4.137256,4.185404,4.241840
1.623596,4.137256,4.184576,4.241840
1.624418,4.139728,4.183748,4.241840
1.624418,4.139728,4.184576,4.241840
1.626062,4.138080,4.184576,4.241840
1.623596,4.138080,4.185404,4.241840
1.624418,4.138080,4.184576,4.240178
1.626884,4.138904,4.185404,4.241009
1.626884,4.138904,4.185404,4.241009
1.626884,4.138080,4.185404,4.241840
1.628529,4.138904,4.186232,4.241840
1.626062,4.139728,4.184576,4.241840
1.625240,4.138904,4.185404,4.241009
1.626884,4.139728,4.185404,4.241840
1.626884,4.138904,4.184576,4.240178
1.627706,4.138904,4.185404,4.241009
1.630173,4.138080,4.184576,4.241009
1.626884,4.139728,4.184576,4.241009
1.626062,4.136432,4.182092,4.237685
1.626884,4.129014,4.172983,4.231036
1.630173,4.129838,4.174639,4.231867
1.631817,4.129838,4.173811,4.228543
1.630995,4.129838,4.174639,4.231036
1.626884,4.129838,4.174639,4.231036
1.627706,4.130663,4.173811,4.231036
1.627706,4.129838,4.174639,4.231036
1.628529,4.130663,4.174639,4.229374
1.629351,4.131487,4.174639,4.230205
1.629351,4.130663,4.175467,4.231036
1.627706,4.129838,4.175467,4.230205
1.629351,4.129014,4.175467,4.231036
1.628529,4.129014,4.173811,4.229374
1.626062,4.129838,4.172983,4.230205
1.627706,4.129838,4.175467,4.231036
1.627706,4.129014,4.172983,4.231036
1.630995,4.129014,4.173811,4.231867
1.630173,4.129838,4.174639,4.231036
1.630995,4.129838,4.173811,4.231036
1.628529,4.129838,4.173811,4.230205
1.630173,4.130663,4.175467,4.231036
1.628529,4.128190,4.175467,4.231036
1.628529,4.128190,4.174639,4.231036
1.630995,4.129838,4.174639,4.231036
1.628529,4.129014,4.174639,4.231036
1.630995,4.128190,4.174639,4.229374
1.635106,4.130663,4.175467,4.231867
1.630995,4.128190,4.174639,4.230205
1.630173,4.129838,4.173811,4.231036
1.634284,4.129838,4.174639,4.232698
1.631817,4.129838,4.174639,4.230205
1.635106,4.120773,4.164702,4.219401
1.635928,4.119949,4.161389,4.217739
1.635928,4.120773,4.163045,4.218570
1.632639,4.119949,4.163045,4.218570
1.633461,4.119949,4.163045,4.218570
1.634284,4.119949,4.164702,4.218570
1.635106,4.118300,4.164702,4.218570
1.635928,4.117476,4.163045,4.217739
1.635928,4.108410,4.152280,4.206104
1.636750,4.107586,4.151452,4.205273
1.635928,4.107586,4.153108,4.205273
1.637572,4.108410,4.153108,4.205273
1.637572,4.109235,4.152280,4.205273
1.638394,4.108410,4.153108,4.206935
1.636750,4.109235,4.153936,4.205273
1.635106,4.110059,4.153108,4.205273
1.636750,4.104290,4.148967,4.201118
1.640038,4.099345,4.143171,4.193638
1.640038,4.097696,4.142343,4.192807
1.640038,4.097696,4.142343,4.192807
1.639216,4.098521,4.141514,4.193638
1.640861,4.100169,4.142343,4.193638
1.640038,4.097696,4.143171,4.192807
1.639216,4.099345,4.142343,4.193638
1.639216,4.098521,4.143171,4.194469
1.640861,4.099345,4.143171,4.194469
1.640038,4.092752,4.136546,4.186989
1.641683,4.086158,4.131577,4.181172
1.644149,4.086982,4.133233,4.182003
1.641683,4.086158,4.133233,4.181172
1.642505,4.086982,4.133233,4.182834
1.647438,4.075444,4.122468,4.167875
1.648260,4.075444,4.123296,4.168706
1.649904,4.073796,4.120812,4.167044
1.648260,4.064730,4.109218,4.155409
1.649082,4.064730,4.111702,4.157071
1.649904,4.065554,4.110046,4.156240
1.652370,4.065554,4.109218,4.157071
1.653193,4.058137,4.104249,4.149591
1.654837,4.053192,4.099281,4.143774
1.654015,4.054016,4.099281,4.144605
1.653193,4.054840,4.099281,4.143774
1.652370,4.053192,4.098453,4.143774
1.656481,4.042478,4.088515,4.132970
1.658948,4.042478,4.087687,4.130476
1.658948,4.041654,4.086859,4.132139
1.659770,4.042478,4.086859,4.131307
1.657303,4.043302,4.088515,4.131307
1.658125,4.034237,4.078578,4.122997
1.662236,4.029292,4.075266,4.118010
1.663058,4.028467,4.075266,4.118010
1.659770,4.027643,4.072781,4.118841
1.661414,4.028467,4.074438,4.118841
1.662236,4.027643,4.073609,4.118841
1.663880,4.015281,4.061188,4.103882
1.666347,4.013633,4.061188,4.104713
1.664703,4.014457,4.060360,4.103882
1.665525,4.016105,4.063672,4.103882
1.667169,4.014457,4.061188,4.103882
1.667169,4.014457,4.061188,4.103882
1.669635,4.009512,4.055391,4.098065
1.669635,3.999622,4.045454,4.083936
1.672924,3.999622,4.046282,4.086430
1.674568,3.983963,4.030548,4.070639
1.677035,3.983139,4.028891,4.066484
1.681145,3.983139,4.029720,4.067315
1.678679,3.981491,4.028891,4.066484
1.679501,3.979018,4.024751,4.063160
1.684434,3.961711,4.006533,4.042383
1.686078,3.961711,4.007361,4.042383
1.686900,3.960887,4.008189,4.043214
1.686900,3.961711,4.007361,4.041552
1.685256,3.960063,4.007361,4.041552
1.691833,3.940283,3.986658,4.019944
1.691833,3.937810,3.984174,4.015788
1.693477,3.936162,3.982517,4.014957
1.694299,3.935338,3.982517,4.014126
1.693477,3.935338,3.983345,4.014126
1.692655,3.936162,3.982517,4.014126
1.699232,3.913086,3.958502,3.987532
1.704165,3.913086,3.957674,3.985039
1.702521,3.911437,3.956846,3.984208
1.703343,3.910613,3.955190,3.983377
1.704165,3.910613,3.957674,3.983377
1.700054,3.909789,3.956846,3.983377
1.700876,3.910613,3.956018,3.984208
1.700876,3.910613,3.955190,3.984208
1.708276,3.890009,3.934487,3.957613
1.710742,3.885064,3.931174,3.952627
1.711564,3.883416,3.931174,3.953458
1.711564,3.884240,3.932003,3.953458
1.711564,3.884240,3.931174,3.953458
1.713208,3.884240,3.931174,3.952627
1.712386,3.881768,3.930346,3.953458
1.711564,3.882592,3.931174,3.952627
1.713208,3.883416,3.930346,3.952627
1.709920,3.883416,3.930346,3.953458
1.712386,3.882592,3.930346,3.952627
1.710742,3.882592,3.930346,3.950965
1.711564,3.883416,3.930346,3.952627
1.709920,3.882592,3.929518,3.952627
1.707454,3.881768,3.931174,3.951796
1.709920,3.884240,3.931174,3.951796
1.715675,3.860340,3.906331,3.923539
1.718963,3.856219,3.903847,3.920215
1.716497,3.857043,3.903019,3.921877
1.718141,3.856219,3.903847,3.920215
1.716497,3.854571,3.903847,3.921046
1.716497,3.856219,3.903019,3.920215
1.718141,3.856219,3.904675,3.921877
1.719786,3.855395,3.904675,3.921046
1.718963,3.854571,3.903847,3.920215
1.717319,3.854571,3.903019,3.919384
1.718141,3.854571,3.903019,3.919384
1.718141,3.856219,3.903019,3.920215
1.716497,3.853747,3.903019,3.918553
1.718963,3.856219,3.901363,3.921046
1.718141,3.855395,3.901363,3.919384
1.717319,3.855395,3.902191,3.920215
1.718963,3.855395,3.903019,3.919384
1.721430,3.856219,3.902191,3.919384
1.721430,3.855395,3.901363,3.917722
1.721430,3.854571,3.901363,3.917722
1.721430,3.855395,3.903019,3.917722
1.717319,3.860340,3.910472,3.925201
1.709920,3.881768,3.929518,3.949303
1.710742,3.882592,3.930346,3.949303
1.709098,3.881768,3.929518,3.949303
1.709920,3.880944,3.928690,3.950965
1.709920,3.881768,3.928690,3.950134
1.703343,3.899899,3.947737,3.971742
1.697588,3.906493,3.953533,3.980052
1.697588,3.905668,3.953533,3.980052
1.700054,3.907317,3.954362,3.979221
1.701699,3.907317,3.954362,3.982545
1.695944,3.906493,3.954362,3.980052
1.700054,3.907317,3.953533,3.978390
1.700054,3.908965,3.954362,3.980883
1.700054,3.907317,3.953533,3.981714
1.699232,3.906493,3.955190,3.980052
1.700054,3.906493,3.953533,3.980883
1.702521,3.908141,3.953533,3.980052
1.700876,3.904844,3.952705,3.979221
1.700054,3.905668,3.953533,3.979221
1.700876,3.906493,3.953533,3.979221
1.697588,3.925448,3.972580,4.001660
1.692655,3.932041,3.977549,4.008309
1.692655,3.931217,3.975892,4.008309
1.692655,3.930393,3.978377,4.008309
1.690189,3.931217,3.978377,4.008309
1.692655,3.931217,3.978377,4.008309
1.694299,3.932041,3.978377,4.008309
1.693477,3.931217,3.977549,4.008309
1.694299,3.931217,3.978377,4.009140
1.694299,3.932865,3.977549,4.009971
1.692655,3.936162,3.982517,4.011633
1.686900,3.956766,4.003220,4.036565
1.686078,3.955942,4.001564,4.035734
1.684434,3.954294,4.001564,4.036565
1.686078,3.955942,4.003220,4.036565
1.685256,3.955118,4.001564,4.036565
1.683612,3.955942,4.000736,4.035734
1.680323,3.968304,4.014814,4.051525
1.678679,3.977370,4.022267,4.060666
1.677035,3.976546,4.022267,4.059004
1.678679,3.975722,4.021438,4.059835
1.679501,3.977370,4.023095,4.059004
1.677857,3.977370,4.023095,4.061497
1.677035,3.977370,4.022267,4.061497
1.677035,3.975722,4.023095,4.059835
1.677035,3.976546,4.023095,4.059835
1.675390,3.988084,4.034688,4.072301
1.671280,3.993853,4.040485,4.080612
1.670457,3.995501,4.040485,4.082274
1.672924,3.997150,4.041313,4.081443
1.670457,3.995501,4.040485,4.082274
1.672102,3.996325,4.041313,4.081443
1.672102,3.994677,4.041313,4.081443
1.668813,3.993029,4.042141,4.083105
1.670457,3.994677,4.041313,4.081443
1.669635,3.996325,4.041313,4.083105
1.669635,3.996325,4.041313,4.081443
1.672102,3.993853,4.041313,4.082274
1.667169,3.994677,4.040485,4.081443
1.667169,3.997150,4.045454,4.083936
1.664703,4.011160,4.058703,4.100558
1.665525,4.009512,4.057875,4.099727
1.663058,4.009512,4.057047,4.099727
1.663058,4.009512,4.057047,4.100558
1.663058,4.011160,4.057875,4.102220
1.663058,4.010336,4.057047,4.099727
1.667169,4.010336,4.057047,4.101389
1.666347,4.011984,4.057047,4.100558
1.663880,4.011160,4.057875,4.101389
1.665525,4.011984,4.057047,4.100558
1.667991,4.010336,4.057875,4.100558
1.666347,4.011160,4.057047,4.100558
1.665525,4.011160,4.057875,4.099727
1.666347,4.011984,4.059532,4.101389
1.662236,4.010336,4.057047,4.099727
1.666347,4.010336,4.058703,4.099727
1.665525,4.011160,4.058703,4.101389
1.667169,4.010336,4.057875,4.101389
1.665525,4.011160,4.057875,4.099727
1.667169,4.011160,4.058703,4.099727
1.667169,4.011160,4.058703,4.100558
1.666347,4.011160,4.057875,4.100558
1.665525,4.011984,4.059532,4.099727
1.665525,4.011160,4.057875,4.100558
1.667169,4.011160,4.057875,4.099727
1.667169,4.010336,4.058703,4.099727
1.665525,4.009512,4.057875,4.100558
1.667169,4.011984,4.057875,4.101389
1.666347,4.011984,4.058703,4.100558
1.667169,4.023523,4.070297,4.114686
1.663880,4.026819,4.071953,4.117179
1.662236,4.025995,4.073609,4.118010
1.661414,4.026819,4.073609,4.116348
1.661414,4.025171,4.073609,4.116348
1.661414,4.023523,4.071953,4.116348
1.662236,4.023523,4.072781,4.116348
1.664703,4.025171,4.072781,4.116348
1.662236,4.025995,4.071953,4.115517
1.662236,4.025995,4.073609,4.116348
1.663058,4.025171,4.071953,4.115517
1.663058,4.026819,4.073609,4.117179
1.661414,4.025171,4.072781,4.117179
1.660592,4.025171,4.072781,4.114686
1.660592,4.026819,4.073609,4.116348
1.659770,4.026819,4.072781,4.116348
1.660592,4.025171,4.072781,4.115517
1.658948,4.026819,4.071953,4.116348
1.661414,4.026819,4.071953,4.116348
1.661414,4.025995,4.072781,4.114686
1.661414,4.025995,4.071953,4.115517
1.663058,4.027643,4.071953,4.118010
1.658948,4.026819,4.072781,4.116348
1.661414,4.024347,4.072781,4.116348
1.663880,4.025171,4.072781,4.114686
1.663058,4.025995,4.073609,4.114686
1.663058,4.026819,4.074438,4.115517
1.662236,4.025995,4.071953,4.116348
1.661414,4.026819,4.071953,4.115517
1.662236,4.027643,4.072781,4.115517
1.661414,4.025171,4.072781,4.115517
1.662236,4.025171,4.071953,4.114686
1.661414,4.025995,4.072781,4.116348
1.663880,4.028467,4.072781,4.116348
1.663058,4.025171,4.073609,4.116348
1.663880,4.025995,4.072781,4.116348
1.663880,4.025995,4.072781,4.115517
1.661414,4.026819,4.072781,4.115517
1.662236,4.025995,4.074438,4.116348
1.661414,4.025995,4.073609,4.117179
1.661414,4.027643,4.072781,4.117179
1.661414,4.025171,4.071953,4.116348
1.662236,4.025171,4.071953,4.117179
1.664703,4.026819,4.071953,4.117179
1.664703,4.028467,4.072781,4.117179
1.663880,4.025995,4.072781,4.117179
1.662236,4.025995,4.071953,4.116348
1.661414,4.026819,4.071953,4.114686
1.661414,4.026819,4.074438,4.117179
1.660592,4.027643,4.072781,4.116348
1.661414,4.026819,4.072781,4.115517
1.663058,4.025995,4.073609,4.117179
1.664703,4.026819,4.073609,4.117179
1.664703,4.025171,4.072781,4.116348
1.661414,4.026819,4.072781,4.118010
1.658948,4.026819,4.072781,4.116348
1.662236,4.025995,4.073609,4.115517
1.663880,4.026819,4.073609,4.116348
1.662236,4.026819,4.073609,4.116348
1.662236,4.026819,4.072781,4.115517
1.662236,4.025995,4.073609,4.116348
1.662236,4.025995,4.073609,4.117179
1.662236,4.026819,4.075266,4.117179
1.659770,4.026819,4.071953,4.116348
1.661414,4.026819,4.071125,4.116348
1.659770,4.026819,4.072781,4.115517
1.660592,4.025995,4.074438,4.117179
1.660592,4.026819,4.072781,4.115517
1.661414,4.025171,4.072781,4.115517
1.659770,4.025171,4.071953,4.117179
1.663058,4.027643,4.072781,4.117179
1.661414,4.026819,4.071125,4.116348
1.663880,4.026819,4.072781,4.116348
1.663880,4.027643,4.074438,4.117179
1.662236,4.026819,4.073609,4.118010
1.662236,4.025995,4.072781,4.115517
1.661414,4.025171,4.073609,4.116348
1.661414,4.025995,4.073609,4.116348
1.661414,4.025171,4.072781,4.116348
1.663058,4.025171,4.073609,4.116348
1.664703,4.026819,4.072781,4.117179
1.662236,4.026819,4.073609,4.115517
1.662236,4.025995,4.072781,4.117179
1.659770,4.027643,4.073609,4.114686
1.662236,4.027643,4.072781,4.115517
1.663058,4.026819,4.073609,4.116348
1.659770,4.026819,4.072781,4.116348
1.663058,4.027643,4.075266,4.117179
1.662236,4.026819,4.073609,4.116348
1.663880,4.025995,4.073609,4.117179
1.665525,4.026819,4.071953,4.118010
1.665525,4.026819,4.072781,4.118010
1.665525,4.027643,4.073609,4.116348
1.663880,4.026819,4.071953,4.118010
1.664703,4.026819,4.073609,4.115517
1.663058,4.026819,4.073609,4.115517
1.663058,4.027643,4.072781,4.116348
1.661414,4.025995,4.073609,4.115517
1.662236,4.026819,4.074438,4.116348
1.661414,4.026819,4.074438,4.114686
1.662236,4.027643,4.073609,4.116348
1.663058,4.026819,4.072781,4.116348
1.660592,4.026819,4.073609,4.117179
1.659770,4.027643,4.073609,4.116348
1.658125,4.027643,4.072781,4.118010
1.658948,4.026819,4.073609,4.117179
1.659770,4.027643,4.072781,4.116348
1.658948,4.029292,4.075266,4.117179
1.656481,4.041654,4.088515,4.131307
1.654837,4.040830,4.086859,4.130476
1.657303,4.041654,4.086859,4.130476
1.656481,4.040006,4.086859,4.130476
1.658125,4.041654,4.086859,4.130476
1.658125,4.040006,4.086859,4.131307
1.658948,4.042478,4.086031,4.130476
1.660592,4.042478,4.086859,4.130476
1.658948,4.040830,4.086859,4.129645
1.656481,4.039181,4.085203,4.130476
1.658948,4.040006,4.086031,4.130476
1.660592,4.040006,4.087687,4.130476
1.658125,4.040006,4.087687,4.130476
1.657303,4.040006,4.086859,4.130476
1.657303,4.040830,4.086859,4.132139
1.658125,4.040006,4.087687,4.131307
1.656481,4.040830,4.086859,4.130476
1.661414,4.030116,4.076094,4.121335
1.666347,4.026819,4.072781,4.116348
1.663058,4.025171,4.071953,4.117179
1.663058,4.027643,4.073609,4.117179
1.662236,4.026819,4.072781,4.117179
1.661414,4.027643,4.074438,4.115517
1.663880,4.026819,4.074438,4.116348
1.663058,4.025171,4.074438,4.117179
1.662236,4.026819,4.073609,4.115517
1.663058,4.028467,4.074438,4.116348
1.663880,4.026819,4.073609,4.116348
1.664703,4.026819,4.074438,4.117179
1.663880,4.027643,4.072781,4.116348
1.664703,4.028467,4.073609,4.117179
1.665525,4.026819,4.073609,4.115517
1.663880,4.028467,4.074438,4.118010
1.663058,4.026819,4.073609,4.116348
1.663880,4.026819,4.072781,4.116348
1.663058,4.028467,4.074438,4.115517
1.661414,4.028467,4.075266,4.117179
1.662236,4.028467,4.075266,4.118010
1.659770,4.043302,4.089344,4.130476
1.659770,4.040830,4.087687,4.130476
1.658125,4.041654,4.086859,4.128814
1.658125,4.040830,4.086859,4.130476
1.659770,4.040830,4.087687,4.129645
1.657303,4.040006,4.086859,4.130476
1.658125,4.040006,4.086031,4.129645
1.656481,4.042478,4.086859,4.130476
1.656481,4.040830,4.086031,4.130476
1.657303,4.039181,4.087687,4.129645
1.659770,4.040006,4.086859,4.130476
1.658125,4.040006,4.086859,4.130476
1.656481,4.040830,4.086031,4.130476
1.657303,4.041654,4.086031,4.129645
1.658125,4.041654,4.086859,4.130476
1.654837,4.040006,4.086031,4.129645
1.656481,4.040006,4.086031,4.129645
1.658125,4.037533,4.084375,4.127152
1.660592,4.026819,4.072781,4.114686
1.662236,4.027643,4.074438,4.115517
1.660592,4.025995,4.074438,4.116348
1.661414,4.025995,4.073609,4.117179
1.662236,4.026819,4.074438,4.117179
1.661414,4.027643,4.073609,4.115517
1.662236,4.025995,4.074438,4.117179
1.661414,4.027643,4.075266,4.115517
1.661414,4.026819,4.073609,4.116348
1.663880,4.028467,4.074438,4.117179
1.661414,4.026819,4.074438,4.117179
1.663058,4.027643,4.072781,4.117179
1.661414,4.028467,4.074438,4.116348
1.662236,4.027643,4.075266,4.116348
1.662236,4.028467,4.074438,4.118010
1.660592,4.026819,4.074438,4.116348
1.662236,4.026819,4.073609,4.116348
1.663058,4.025995,4.073609,4.117179
1.663058,4.025995,4.074438,4.117179
1.662236,4.025995,4.074438,4.116348
1.658948,4.041654,4.088515,4.130476
1.658125,4.040006,4.086859,4.130476
1.657303,4.040830,4.086859,4.129645
1.657303,4.041654,4.087687,4.129645
1.657303,4.040830,4.086859,4.131307
1.657303,4.040006,4.086031,4.130476
1.658125,4.040830,4.086859,4.130476
1.659770,4.040830,4.086859,4.130476
1.658948,4.040830,4.087687,4.129645
1.659770,4.040006,4.086031,4.130476
1.658125,4.040830,4.086859,4.129645
1.659770,4.040006,4.087687,4.129645
1.660592,4.040006,4.086859,4.129645
1.658125,4.039181,4.086031,4.130476
1.658125,4.039181,4.085203,4.130476
1.657303,4.039181,4.086859,4.130476
1.658948,4.040006,4.086859,4.130476
1.658948,4.039181,4.086859,4.130476
1.658948,4.037533,4.083547,4.127152
1.664703,4.027643,4.071953,4.116348
1.664703,4.028467,4.072781,4.117179
1.660592,4.026819,4.072781,4.114686
1.661414,4.026819,4.074438,4.116348
1.662236,4.026819,4.073609,4.117179
1.661414,4.026819,4.074438,4.116348
1.661414,4.027643,4.073609,4.117179
1.660592,4.025995,4.073609,4.117179
1.663880,4.026819,4.076094,4.115517
1.663058,4.025995,4.076094,4.116348
1.663058,4.026819,4.074438,4.116348
1.663880,4.028467,4.075266,4.116348
1.661414,4.026819,4.073609,4.117179
1.662236,4.027643,4.074438,4.116348
1.662236,4.028467,4.075266,4.117179
1.664703,4.027643,4.075266,4.117179
1.663058,4.027643,4.074438,4.116348
1.664703,4.026819,4.072781,4.115517
1.663880,4.027643,4.074438,4.117179
1.662236,4.026819,4.074438,4.115517
1.660592,4.026819,4.073609,4.115517
1.662236,4.031764,4.080234,4.122166
1.656481,4.042478,4.087687,4.131307
1.658948,4.040830,4.087687,4.131307
1.656481,4.040830,4.086859,4.129645
1.656481,4.041654,4.086859,4.130476
1.657303,4.041654,4.086859,4.130476
1.658948,4.040830,4.086859,4.128814
1.658125,4.041654,4.086859,4.130476
1.660592,4.040006,4.086859,4.130476
1.658948,4.040830,4.087687,4.131307
1.659770,4.040830,4.087687,4.130476
1.659770,4.040830,4.087687,4.129645
1.658948,4.040006,4.085203,4.130476
1.657303,4.040830,4.086859,4.131307
1.654837,4.039181,4.085203,4.129645
1.655659,4.040006,4.085203,4.129645
1.658125,4.040830,4.086031,4.131307
1.657303,4.040830,4.086859,4.130476
1.658125,4.040830,4.086859,4.129645
1.660592,4.031764,4.076094,4.118841
1.662236,4.026819,4.071953,4.116348
1.662236,4.026819,4.072781,4.115517
1.662236,4.027643,4.071953,4.116348
1.664703,4.026819,4.072781,4.116348
1.665525,4.027643,4.074438,4.117179
1.664703,4.028467,4.074438,4.115517
1.663058,4.025995,4.072781,4.115517
1.663880,4.026819,4.073609,4.116348
1.663880,4.027643,4.072781,4.117179
1.661414,4.026819,4.072781,4.116348
1.661414,4.025995,4.073609,4.114686
1.664703,4.026819,4.072781,4.114686
1.664703,4.027643,4.074438,4.117179
1.662236,4.025995,4.073609,4.117179
1.663880,4.026819,4.072781,4.117179
1.665525,4.026819,4.074438,4.116348
1.663058,4.026819,4.073609,4.117179
1.661414,4.026819,4.074438,4.116348
1.661414,4.028467,4.074438,4.115517
1.663058,4.032588,4.079406,4.122166
1.656481,4.040006,4.087687,4.129645
1.656481,4.040006,4.086859,4.130476
1.656481,4.040006,4.087687,4.130476
1.655659,4.040830,4.086859,4.131307
1.656481,4.040006,4.086859,4.130476
1.656481,4.040006,4.087687,4.130476
1.655659,4.039181,4.085203,4.129645
1.658948,4.039181,4.086859,4.130476
1.658948,4.040830,4.086031,4.130476
1.655659,4.039181,4.086031,4.128814
1.654837,4.039181,4.087687,4.129645
1.656481,4.039181,4.088515,4.130476
1.655659,4.039181,4.086859,4.128814
1.658125,4.040006,4.086859,4.130476
1.656481,4.038357,4.086859,4.130476
1.656481,4.041654,4.087687,4.130476
1.658948,4.038357,4.086859,4.129645
1.656481,4.039181,4.086859,4.130476
1.658125,4.039181,4.086859,4.130476
1.660592,4.026819,4.073609,4.116348
1.659770,4.026819,4.074438,4.116348
1.661414,4.027643,4.074438,4.118010
1.662236,4.026819,4.074438,4.117179
1.659770,4.026819,4.073609,4.117179
1.661414,4.028467,4.073609,4.116348
1.661414,4.026819,4.072781,4.116348
1.663058,4.027643,4.074438,4.117179
1.663058,4.025995,4.073609,4.116348
1.661414,4.026819,4.074438,4.118841
1.662236,4.026819,4.076094,4.117179
1.664703,4.025171,4.073609,4.117179
1.663880,4.026819,4.074438,4.117179
1.664703,4.025995,4.073609,4.118010
1.662236,4.025171,4.074438,4.117179
1.663880,4.027643,4.074438,4.118010
1.661414,4.027643,4.071953,4.117179
1.663058,4.025995,4.072781,4.116348
1.663880,4.026819,4.074438,4.117179
1.663880,4.027643,4.074438,4.117179
1.662236,4.026819,4.073609,4.116348
1.660592,4.038357,4.086859,4.127983
1.656481,4.040006,4.088515,4.130476
1.657303,4.039181,4.086859,4.131307
1.656481,4.040006,4.086031,4.130476
1.658125,4.040006,4.086859,4.131307
1.655659,4.040006,4.088515,4.130476
1.657303,4.040006,4.086859,4.130476
1.658125,4.039181,4.087687,4.130476
1.657303,4.040830,4.086859,4.131307
1.658125,4.040006,4.085203,4.129645
1.656481,4.039181,4.086859,4.130476
1.657303,4.039181,4.087687,4.130476
1.654837,4.040006,4.086859,4.131307
1.657303,4.040006,4.086031,4.130476
1.657303,4.040006,4.086859,4.131307
1.657303,4.040006,4.087687,4.132139
1.655659,4.040006,4.086859,4.132970
1.658125,4.040006,4.086859,4.130476
1.658125,4.039181,4.085203,4.129645
1.659770,4.040830,4.086859,4.131307
1.661414,4.028467,4.076922,4.119672
1.661414,4.025995,4.072781,4.116348
1.661414,4.025995,4.075266,4.118010
1.662236,4.027643,4.075266,4.118010
1.661414,4.026819,4.073609,4.118010
1.662236,4.026819,4.073609,4.116348
1.662236,4.025171,4.073609,4.117179
1.665525,4.025995,4.074438,4.117179
1.666347,4.025171,4.075266,4.116348
1.663058,4.026819,4.073609,4.115517
1.662236,4.026819,4.073609,4.116348
1.664703,4.026819,4.071953,4.116348
1.664703,4.027643,4.074438,4.116348
1.664703,4.025995,4.072781,4.117179
1.663058,4.025995,4.075266,4.118010
1.665525,4.025995,4.074438,4.117179
1.666347,4.026819,4.076094,4.117179
1.666347,4.026819,4.073609,4.118010
1.663058,4.027643,4.073609,4.115517
1.663880,4.027643,4.073609,4.117179
1.661414,4.025995,4.073609,4.118010
1.661414,4.034237,4.081891,4.124659
1.657303,4.039181,4.087687,4.131307
1.657303,4.040006,4.084375,4.132139
1.658948,4.040006,4.086859,4.131307
1.656481,4.040006,4.087687,4.131307
1.656481,4.040006,4.087687,4.130476
1.653193,4.040830,4.087687,4.131307
1.653193,4.041654,4.086859,4.130476
1.657303,4.040006,4.086031,4.130476
1.658948,4.040006,4.086859,4.130476
1.656481,4.040006,4.087687,4.131307
1.658948,4.039181,4.087687,4.130476
1.655659,4.038357,4.086859,4.132139
1.658125,4.040830,4.089344,4.131307
1.658948,4.039181,4.086859,4.131307
1.661414,4.040006,4.085203,4.131307
1.660592,4.040006,4.086031,4.130476
1.660592,4.039181,4.086859,4.130476
1.659770,4.039181,4.086031,4.131307
1.659770,4.031764,4.080234,4.123828
1.663058,4.025171,4.072781,4.115517
1.664703,4.025995,4.074438,4.118010
1.663058,4.026819,4.074438,4.118841
1.663058,4.025171,4.074438,4.116348
1.665525,4.027643,4.074438,4.118010
1.663880,4.025171,4.075266,4.117179
1.661414,4.024347,4.075266,4.117179
1.662236,4.025171,4.074438,4.118010
1.663058,4.027643,4.074438,4.117179
1.661414,4.025995,4.074438,4.118010
1.663058,4.026819,4.073609,4.117179
1.664703,4.026819,4.074438,4.117179
1.661414,4.026819,4.074438,4.116348
1.661414,4.025995,4.075266,4.116348
1.663058,4.025995,4.075266,4.118010
1.662236,4.025171,4.074438,4.118010
1.661414,4.025171,4.073609,4.116348
1.663058,4.025995,4.074438,4.118841
1.663058,4.025995,4.074438,4.117179
1.662236,4.025171,4.074438,4.118010
1.659770,4.040830,4.090172,4.132139
1.656481,4.038357,4.087687,4.130476
1.658125,4.039181,4.088515,4.131307
1.660592,4.040006,4.087687,4.130476
1.658948,4.039181,4.086859,4.130476
1.658948,4.039181,4.087687,4.130476
1.660592,4.039181,4.088515,4.130476
1.661414,4.039181,4.087687,4.130476
1.660592,4.039181,4.087687,4.131307
1.658125,4.039181,4.086859,4.132139
1.655659,4.040006,4.087687,4.132139
1.657303,4.040006,4.086859,4.130476
1.658948,4.040006,4.086859,4.130476
1.658125,4.039181,4.087687,4.131307
1.658125,4.040830,4.086859,4.130476
1.657303,4.039181,4.086859,4.130476
1.658125,4.040006,4.087687,4.130476
1.660592,4.039181,4.087687,4.131307
1.660592,4.031764,4.081062,4.122166
1.660592,4.025995,4.073609,4.117179
1.660592,4.027643,4.073609,4.116348
1.661414,4.025995,4.073609,4.116348
1.663880,4.028467,4.075266,4.117179
1.660592,4.026819,4.074438,4.117179
1.660592,4.026819,4.073609,4.117179
1.660592,4.026819,4.073609,4.117179
1.661414,4.026819,4.074438,4.116348
1.661414,4.028467,4.074438,4.117179
1.661414,4.025995,4.073609,4.116348
1.663058,4.025995,4.074438,4.118010
1.662236,4.025995,4.076094,4.118010
1.664703,4.027643,4.075266,4.117179
1.662236,4.026819,4.072781,4.118010
1.663058,4.028467,4.075266,4.117179
1.661414,4.030116,4.074438,4.118010
1.663058,4.026819,4.073609,4.117179
1.663058,4.026819,4.075266,4.117179
1.663058,4.028467,4.074438,4.118010
1.663880,4.026819,4.076094,4.118010
1.663058,4.030940,4.080234,4.122166
1.658125,4.040830,4.090172,4.131307
1.657303,4.040830,4.087687,4.132139
1.658125,4.040006,4.086859,4.130476
1.655659,4.039181,4.088515,4.130476
1.656481,4.041654,4.086859,4.130476
1.659770,4.040830,4.088515,4.131307
1.657303,4.040006,4.086031,4.130476
1.658948,4.039181,4.085203,4.131307
1.660592,4.040006,4.086859,4.130476
1.656481,4.039181,4.086031,4.130476
1.657303,4.040830,4.087687,4.131307
1.658125,4.040006,4.086859,4.132139
1.657303,4.040006,4.086859,4.131307
1.657303,4.040006,4.087687,4.130476
1.658125,4.039181,4.088515,4.130476
1.657303,4.040830,4.087687,4.130476
1.656481,4.040006,4.087687,4.130476
1.657303,4.039181,4.086859,4.131307
1.656481,4.040830,4.087687,4.131307
1.660592,4.030940,4.078578,4.121335
1.659770,4.025995,4.075266,4.118010
1.663058,4.023523,4.074438,4.117179
1.661414,4.026819,4.075266,4.117179
1.663058,4.026819,4.075266,4.117179
1.663880,4.025171,4.075266,4.117179
1.666347,4.024347,4.073609,4.117179
1.662236,4.024347,4.074438,4.118010
1.661414,4.026819,4.075266,4.117179
1.660592,4.027643,4.076094,4.117179
1.661414,4.026819,4.074438,4.116348
1.661414,4.026819,4.073609,4.117179
1.664703,4.026819,4.075266,4.119672
1.662236,4.026819,4.073609,4.119672
1.663058,4.027643,4.073609,4.118841
1.662236,4.027643,4.074438,4.118010
1.661414,4.027643,4.073609,4.118841
1.663058,4.026819,4.074438,4.118010
1.661414,4.027643,4.073609,4.118010
1.661414,4.027643,4.074438,4.117179
1.662236,4.027643,4.074438,4.117179
1.659770,4.037533,4.086031,4.127983
1.656481,4.039181,4.086859,4.131307
1.655659,4.040006,4.087687,4.131307
1.654837,4.040830,4.086031,4.131307
1.655659,4.041654,4.086031,4.131307
1.658125,4.041654,4.086031,4.132139
1.657303,4.040830,4.087687,4.131307
1.655659,4.040830,4.086859,4.130476
1.655659,4.040830,4.086031,4.129645
1.657303,4.041654,4.086031,4.132139
1.657303,4.040830,4.088515,4.130476
1.657303,4.040830,4.086859,4.130476
1.655659,4.040006,4.086859,4.131307
1.655659,4.040006,4.086859,4.130476
1.657303,4.040006,4.087687,4.131307
1.658948,4.042478,4.086031,4.131307
1.660592,4.041654,4.086859,4.131307
1.658948,4.039181,4.086859,4.131307
1.660592,4.037533,4.082719,4.127983
1.663058,4.028467,4.072781,4.117179
1.664703,4.029292,4.073609,4.118010
1.662236,4.028467,4.072781,4.118010
1.662236,4.026819,4.072781,4.118841
1.663058,4.028467,4.074438,4.118841
1.661414,4.028467,4.072781,4.118841
1.661414,4.026819,4.073609,4.118010
1.661414,4.027643,4.073609,4.118841
1.662236,4.026819,4.074438,4.118010
1.662236,4.027643,4.073609,4.118010
1.662236,4.028467,4.073609,4.117179
1.660592,4.028467,4.073609,4.118010
1.658948,4.027643,4.073609,4.116348
1.662236,4.028467,4.073609,4.118010
1.662236,4.027643,4.073609,4.118010
1.661414,4.025995,4.074438,4.117179
1.661414,4.028467,4.074438,4.117179
1.663058,4.028467,4.075266,4.118841
1.660592,4.027643,4.073609,4.116348
1.659770,4.026819,4.073609,4.117179
1.661414,4.037533,4.084375,4.128814
1.657303,4.040006,4.087687,4.132139
1.656481,4.040006,4.086859,4.131307
1.656481,4.040830,4.087687,4.131307
1.657303,4.040830,4.086859,4.131307
1.654837,4.040830,4.086859,4.131307
1.658125,4.040830,4.085203,4.132139
1.658125,4.041654,4.086859,4.131307
1.658125,4.041654,4.087687,4.130476
1.656481,4.042478,4.086859,4.131307
1.658125,4.041654,4.086859,4.131307
1.658948,4.041654,4.086031,4.131307
1.654837,4.040830,4.086031,4.131307
1.654837,4.042478,4.086031,4.131307
1.654015,4.042478,4.086859,4.131307
1.653193,4.040830,4.086859,4.129645
1.656481,4.041654,4.086031,4.129645
1.656481,4.041654,4.088515,4.130476
1.658948,4.040830,4.086859,4.130476
1.661414,4.026819,4.073609,4.116348
1.662236,4.027643,4.074438,4.116348
1.663058,4.028467,4.076094,4.117179
1.661414,4.028467,4.073609,4.116348
1.660592,4.026819,4.074438,4.117179
1.661414,4.027643,4.074438,4.116348
1.658948,4.026819,4.073609,4.117179
1.661414,4.026819,4.074438,4.116348
1.664703,4.026819,4.074438,4.118010
1.664703,4.027643,4.075266,4.116348
1.665525,4.027643,4.074438,4.117179
1.661414,4.027643,4.076094,4.116348
1.658948,4.027643,4.076094,4.118010
1.663058,4.026819,4.072781,4.116348
1.663058,4.027643,4.074438,4.118010
1.663880,4.028467,4.074438,4.118010
1.662236,4.025995,4.073609,4.116348
1.663058,4.028467,4.073609,4.118010
1.661414,4.028467,4.073609,4.117179
1.662236,4.028467,4.073609,4.117179
1.661414,4.035061,4.081062,4.122997
1.655659,4.041654,4.087687,4.131307
1.657303,4.042478,4.087687,4.131307
1.657303,4.040830,4.087687,4.130476
1.658125,4.041654,4.088515,4.131307
1.658125,4.040830,4.086859,4.130476
1.655659,4.040830,4.086859,4.131307
1.654837,4.040006,4.087687,4.132139
1.655659,4.040830,4.086859,4.131307
1.655659,4.042478,4.087687,4.131307
1.656481,4.042478,4.087687,4.132139
1.655659,4.042478,4.087687,4.131307
1.658125,4.041654,4.087687,4.132139
1.658125,4.040006,4.086859,4.131307
1.658948,4.040830,4.087687,4.131307
1.658948,4.040830,4.086859,4.131307
1.656481,4.041654,4.089344,4.132970
1.657303,4.040830,4.088515,4.132139
1.656481,4.040830,4.086859,4.131307
1.658948,4.040006,4.088515,4.131307
1.660592,4.033412,4.081891,4.123828
1.664703,4.027643,4.074438,4.116348
1.662236,4.028467,4.074438,4.116348
1.665525,4.027643,4.074438,4.117179
1.663058,4.027643,4.075266,4.117179
1.664703,4.027643,4.075266,4.116348
1.665525,4.027643,4.074438,4.117179
1.664703,4.028467,4.076094,4.117179
1.663058,4.027643,4.073609,4.116348
1.660592,4.028467,4.073609,4.118010
1.661414,4.028467,4.075266,4.117179
1.660592,4.027643,4.073609,4.117179
1.660592,4.026819,4.076094,4.117179
1.660592,4.029292,4.074438,4.117179
1.661414,4.028467,4.073609,4.117179
1.662236,4.027643,4.074438,4.118010
1.661414,4.027643,4.074438,4.117179
1.663058,4.027643,4.074438,4.117179
1.663058,4.028467,4.074438,4.117179
1.662236,4.027643,4.074438,4.118010
1.660592,4.027643,4.074438,4.116348
1.661414,4.030940,4.077750,4.119672
1.658948,4.042478,4.090172,4.131307
1.654837,4.040830,4.088515,4.132970
1.655659,4.040830,4.088515,4.131307
1.656481,4.040830,4.087687,4.132139
1.656481,4.041654,4.087687,4.132139
1.652370,4.039181,4.086859,4.130476
1.653193,4.041654,4.087687,4.130476
1.655659,4.040006,4.086859,4.131307
1.658125,4.040006,4.087687,4.131307
1.657303,4.040830,4.088515,4.129645
1.657303,4.041654,4.086859,4.130476
1.658125,4.040830,4.088515,4.131307
1.658948,4.040006,4.087687,4.131307
1.661414,4.039181,4.086859,4.130476
1.661414,4.040830,4.086859,4.130476
1.658948,4.040830,4.086859,4.130476
1.658125,4.039181,4.086031,4.130476
1.659770,4.041654,4.086859,4.131307
1.658948,4.038357,4.085203,4.128814
1.662236,4.027643,4.072781,4.116348
1.662236,4.026819,4.074438,4.117179
1.663880,4.028467,4.074438,4.117179
1.659770,4.029292,4.073609,4.117179
1.661414,4.027643,4.074438,4.117179
1.663058,4.028467,4.075266,4.117179
1.664703,4.027643,4.074438,4.118841
1.660592,4.027643,4.074438,4.117179
1.663058,4.026819,4.075266,4.118010
1.661414,4.026819,4.075266,4.117179
1.661414,4.028467,4.075266,4.118010
1.661414,4.027643,4.072781,4.118010
1.660592,4.028467,4.073609,4.118010
1.661414,4.026819,4.072781,4.117179
1.663880,4.027643,4.074438,4.117179
1.663880,4.028467,4.072781,4.117179
1.663058,4.028467,4.072781,4.117179
1.663880,4.026819,4.072781,4.118010
1.663058,4.025995,4.073609,4.117179
1.663880,4.026819,4.075266,4.118010
1.663880,4.030940,4.077750,4.121335
1.661414,4.041654,4.090172,4.131307
1.658125,4.040006,4.086859,4.130476
1.657303,4.039181,4.086859,4.130476
1.656481,4.040006,4.087687,4.130476
1.656481,4.039181,4.087687,4.131307
1.658125,4.039181,4.087687,4.130476
1.657303,4.039181,4.087687,4.131307
1.655659,4.039181,4.087687,4.130476
1.658125,4.040006,4.088515,4.131307
1.656481,4.039181,4.086859,4.130476
1.657303,4.040006,4.086031,4.131307
1.659770,4.040006,4.087687,4.130476
1.657303,4.040006,4.087687,4.130476
1.658948,4.041654,4.089344,4.131307
1.658948,4.040006,4.086859,4.130476
1.656481,4.040006,4.086859,4.130476
1.658125,4.040006,4.086859,4.130476
1.656481,4.040006,4.086859,4.131307
1.658125,4.038357,4.083547,4.127152
1.661414,4.026819,4.073609,4.116348
1.661414,4.026819,4.072781,4.117179
1.659770,4.028467,4.073609,4.117179
1.660592,4.028467,4.072781,4.116348
1.661414,4.027643,4.075266,4.117179
1.662236,4.026819,4.073609,4.117179
1.663058,4.029292,4.075266,4.118010
1.662236,4.027643,4.074438,4.118010
1.664703,4.027643,4.074438,4.118841
1.662236,4.026819,4.073609,4.117179
1.660592,4.027643,4.073609,4.118010
1.661414,4.027643,4.074438,4.116348
1.661414,4.027643,4.075266,4.118010
1.661414,4.028467,4.076094,4.118010
1.662236,4.028467,4.074438,4.117179
1.661414,4.026819,4.072781,4.116348
1.661414,4.026819,4.074438,4.117179
1.660592,4.026819,4.073609,4.116348
1.660592,4.026819,4.073609,4.116348
1.658948,4.031764,4.078578,4.120504
1.655659,4.040830,4.087687,4.132139
1.656481,4.041654,4.086859,4.131307
1.656481,4.041654,4.086031,4.130476
1.658948,4.041654,4.087687,4.131307
1.661414,4.040830,4.087687,4.130476
1.658125,4.041654,4.086859,4.130476
1.657303,4.040006,4.086859,4.129645
1.657303,4.040006,4.086859,4.130476
1.657303,4.042478,4.087687,4.130476
1.658125,4.042478,4.086859,4.131307
1.655659,4.040006,4.086031,4.129645
1.656481,4.039181,4.086859,4.130476
1.655659,4.039181,4.086859,4.130476
1.656481,4.040006,4.086859,4.130476
1.655659,4.039181,4.086859,4.130476
1.655659,4.040006,4.086859,4.131307
1.656481,4.041654,4.089344,4.131307
1.656481,4.041654,4.086031,4.130476
1.657303,4.040830,4.087687,4.130476
1.658948,4.029292,4.073609,4.117179
1.658948,4.027643,4.073609,4.117179
1.658948,4.025995,4.073609,4.115517
1.660592,4.028467,4.073609,4.116348
1.662236,4.026819,4.073609,4.115517
1.663058,4.027643,4.073609,4.116348
1.663058,4.026819,4.074438,4.114686
1.662236,4.028467,4.073609,4.116348
1.663058,4.027643,4.072781,4.117179
1.661414,4.026819,4.072781,4.116348
1.660592,4.028467,4.074438,4.116348
1.661414,4.028467,4.071953,4.117179
1.662236,4.028467,4.072781,4.117179
1.659770,4.028467,4.073609,4.116348
1.658948,4.028467,4.072781,4.117179
1.660592,4.028467,4.074438,4.118010
1.662236,4.027643,4.072781,4.118010
1.664703,4.027643,4.073609,4.118010
1.665525,4.028467,4.074438,4.117179
1.663058,4.026819,4.074438,4.116348
1.661414,4.026819,4.073609,4.117179
1.660592,4.037533,4.084375,4.126321
1.657303,4.040830,4.088515,4.130476
1.658948,4.040830,4.086031,4.132139
1.657303,4.040830,4.086859,4.130476
1.660592,4.040830,4.086859,4.131307
1.659770,4.040830,4.086859,4.130476
1.657303,4.042478,4.086859,4.131307
1.661414,4.040830,4.086859,4.130476
1.658948,4.040830,4.086031,4.131307
1.658948,4.041654,4.086031,4.131307
1.657303,4.040006,4.084375,4.129645
1.658125,4.042478,4.086859,4.130476
1.659770,4.042478,4.085203,4.132139
1.660592,4.040006,4.086859,4.131307
1.658948,4.040830,4.086031,4.130476
1.661414,4.040830,4.087687,4.132139
1.658125,4.041654,4.086859,4.130476
1.657303,4.042478,4.086031,4.130476
1.657303,4.040830,4.086859,4.131307
1.656481,4.040006,4.086031,4.129645
1.661414,4.027643,4.072781,4.117179
1.660592,4.028467,4.074438,4.118010
1.662236,4.027643,4.072781,4.118010
1.662236,4.025171,4.073609,4.118010
1.664703,4.027643,4.073609,4.118010
1.666347,4.025995,4.073609,4.117179
1.664703,4.026819,4.071953,4.117179
1.663880,4.027643,4.073609,4.118010
1.663880,4.026819,4.073609,4.117179
1.663058,4.029292,4.074438,4.118010
1.663058,4.028467,4.074438,4.118010
1.662236,4.028467,4.075266,4.117179
1.665525,4.029292,4.074438,4.118841
1.663058,4.028467,4.074438,4.117179
1.665525,4.028467,4.073609,4.118010
1.664703,4.028467,4.073609,4.116348
1.663880,4.027643,4.074438,4.117179
1.663058,4.027643,4.075266,4.116348
1.661414,4.027643,4.073609,4.117179
1.660592,4.026819,4.072781,4.118841
1.662236,4.027643,4.073609,4.118010
1.661414,4.033412,4.081062,4.123828
1.660592,4.042478,4.087687,4.132139
1.659770,4.041654,4.086859,4.130476
1.658948,4.040006,4.086859,4.131307
1.658125,4.041654,4.086859,4.130476
1.659770,4.040830,4.086859,4.131307
1.658125,4.040830,4.086859,4.131307
1.655659,4.040830,4.086859,4.131307
1.656481,4.041654,4.088515,4.132139
1.654015,4.040830,4.086859,4.130476
1.658125,4.040830,4.086859,4.130476
1.658948,4.041654,4.087687,4.130476
1.654837,4.040830,4.086859,4.129645
1.655659,4.040830,4.086859,4.130476
1.654015,4.042478,4.086859,4.131307
1.657303,4.040830,4.086859,4.131307
1.658125,4.042478,4.087687,4.131307
1.655659,4.040830,4.086859,4.130476
1.656481,4.041654,4.086859,4.131307
1.660592,4.030940,4.076094,4.119672
1.664703,4.026819,4.074438,4.116348
1.664703,4.029292,4.074438,4.116348
1.660592,4.027643,4.075266,4.115517
1.661414,4.027643,4.074438,4.118010
1.661414,4.028467,4.072781,4.117179
1.660592,4.028467,4.075266,4.116348
1.659770,4.025995,4.074438,4.117179
1.659770,4.027643,4.074438,4.116348
1.663058,4.027643,4.074438,4.118841
1.664703,4.028467,4.073609,4.118841
1.666347,4.028467,4.075266,4.118010
1.662236,4.026819,4.075266,4.118841
1.661414,4.026819,4.073609,4.117179
1.662236,4.027643,4.072781,4.117179
1.662236,4.027643,4.074438,4.118010
1.659770,4.026819,4.076094,4.118010
1.660592,4.028467,4.075266,4.117179
1.662236,4.026819,4.075266,4.118010
1.660592,4.025995,4.075266,4.118010
1.660592,4.028467,4.074438,4.118841
1.658125,4.039181,4.086859,4.129645
1.655659,4.040830,4.087687,4.130476
1.656481,4.040006,4.086859,4.132970
1.655659,4.040006,4.087687,4.130476
1.657303,4.040006,4.086031,4.131307
1.659770,4.040006,4.086031,4.131307
1.658125,4.039181,4.087687,4.130476
1.658948,4.040006,4.086859,4.132139
1.660592,4.039181,4.086859,4.131307
1.658948,4.040830,4.087687,4.130476
1.658125,4.040006,4.086859,4.132139
1.658125,4.040006,4.086859,4.131307
1.659770,4.040006,4.086859,4.130476
1.660592,4.040006,4.088515,4.130476
1.658948,4.039181,4.086859,4.130476
1.657303,4.040006,4.086859,4.131307
1.658125,4.040830,4.088515,4.132139
1.655659,4.040830,4.086859,4.131307
1.658125,4.041654,4.088515,4.130476
1.657303,4.034237,4.080234,4.124659
1.661414,4.026819,4.072781,4.117179
1.660592,4.027643,4.072781,4.118010
1.664703,4.028467,4.073609,4.117179
1.661414,4.026819,4.073609,4.117179
1.661414,4.028467,4.073609,4.116348
1.660592,4.026819,4.076094,4.117179
1.661414,4.025995,4.073609,4.116348
1.662236,4.027643,4.075266,4.117179
1.664703,4.026819,4.075266,4.118010
1.659770,4.026819,4.073609,4.116348
1.660592,4.027643,4.075266,4.118010
1.663880,4.028467,4.076922,4.117179
1.662236,4.025995,4.074438,4.116348
1.662236,4.026819,4.075266,4.117179
1.661414,4.026819,4.074438,4.117179
1.662236,4.026819,4.073609,4.117179
1.661414,4.028467,4.074438,4.118010
1.662236,4.028467,4.073609,4.118010
1.663058,4.026819,4.072781,4.117179
1.663880,4.026819,4.075266,4.118841
1.661414,4.039181,4.086859,4.129645
1.657303,4.039181,4.087687,4.131307
1.656481,4.040006,4.086859,4.132139
1.656481,4.040006,4.088515,4.131307
1.655659,4.040830,4.087687,4.132139
1.655659,4.040006,4.086859,4.131307
1.653193,4.040006,4.087687,4.132139
1.655659,4.042478,4.087687,4.130476
1.656481,4.040006,4.086031,4.130476
1.656481,4.039181,4.088515,4.130476
1.657303,4.040006,4.087687,4.130476
1.658948,4.040830,4.088515,4.131307
1.658948,4.040006,4.086859,4.131307
1.657303,4.040006,4.086859,4.132970
1.658948,4.040006,4.086859,4.131307
1.658948,4.040006,4.086859,4.130476
1.657303,4.042478,4.087687,4.131307
1.654015,4.039181,4.086031,4.128814
1.657303,4.038357,4.086031,4.128814
1.662236,4.027643,4.073609,4.116348
1.659770,4.026819,4.072781,4.117179
1.659770,4.027643,4.075266,4.118010
1.661414,4.026819,4.074438,4.116348
1.662236,4.027643,4.073609,4.117179
1.663058,4.027643,4.073609,4.118010
1.662236,4.027643,4.074438,4.118010
1.658125,4.028467,4.075266,4.117179
1.658948,4.028467,4.074438,4.117179
1.660592,4.026819,4.074438,4.117179
1.660592,4.026819,4.073609,4.116348
1.662236,4.027643,4.074438,4.117179
1.661414,4.027643,4.072781,4.117179
1.661414,4.026819,4.072781,4.118010
1.661414,4.028467,4.073609,4.118841
1.661414,4.026819,4.072781,4.115517
1.663058,4.027643,4.074438,4.116348
1.662236,4.027643,4.073609,4.118841
1.659770,4.026819,4.072781,4.117179
1.661414,4.026819,4.072781,4.118010
1.663058,4.027643,4.073609,4.117179
1.660592,4.035885,4.084375,4.126321
1.657303,4.040006,4.086859,4.131307
1.660592,4.039181,4.088515,4.131307
1.660592,4.040006,4.086859,4.131307
1.659770,4.039181,4.087687,4.130476
1.657303,4.039181,4.086859,4.132139
1.656481,4.040006,4.087687,4.130476
1.656481,4.040006,4.087687,4.130476
1.655659,4.040830,4.086859,4.131307
1.657303,4.040006,4.086859,4.131307
1.658125,4.041654,4.087687,4.130476
1.659770,4.040830,4.086859,4.131307
1.658948,4.040006,4.086859,4.131307
1.659770,4.040830,4.088515,4.132970
1.659770,4.040830,4.087687,4.132139
1.657303,4.040830,4.087687,4.130476
1.658948,4.041654,4.087687,4.132139
1.656481,4.041654,4.087687,4.130476
1.659770,4.040830,4.088515,4.131307
1.654837,4.038357,4.083547,4.125490
1.660592,4.027643,4.072781,4.116348
1.661414,4.027643,4.074438,4.117179
1.661414,4.028467,4.073609,4.115517
1.660592,4.028467,4.073609,4.117179
1.658948,4.027643,4.075266,4.117179
1.662236,4.027643,4.074438,4.118841
1.663058,4.026819,4.075266,4.117179
1.663880,4.027643,4.073609,4.116348
1.664703,4.025995,4.073609,4.117179
1.663058,4.026819,4.074438,4.117179
1.663058,4.027643,4.075266,4.117179
1.660592,4.025171,4.073609,4.117179
1.661414,4.026819,4.073609,4.118010
1.663058,4.025995,4.074438,4.117179
1.663058,4.027643,4.075266,4.116348
1.662236,4.025995,4.074438,4.118010
1.662236,4.026819,4.074438,4.118010
1.661414,4.027643,4.075266,4.118010
1.659770,4.026819,4.073609,4.116348
1.660592,4.027643,4.073609,4.118010
1.660592,4.026819,4.074438,4.117179
1.658948,4.040830,4.087687,4.131307
1.654015,4.040830,4.086859,4.132139
1.655659,4.040006,4.086859,4.131307
1.655659,4.040006,4.086859,4.131307
1.657303,4.039181,4.086031,4.130476
1.658125,4.040830,4.087687,4.130476
1.655659,4.041654,4.086859,4.130476
1.656481,4.038357,4.086031,4.131307
1.656481,4.040006,4.086859,4.131307
1.655659,4.040006,4.087687,4.130476
1.657303,4.040830,4.087687,4.130476
1.654837,4.039181,4.086859,4.130476
1.654015,4.039181,4.087687,4.130476
1.657303,4.040006,4.088515,4.131307
1.656481,4.039181,4.086859,4.130476
1.658948,4.040006,4.087687,4.130476
1.658125,4.039181,4.086859,4.130476
1.654015,4.039181,4.086859,4.130476
1.655659,4.040830,4.088515,4.130476
1.658125,4.031764,4.076922,4.120504
1.661414,4.025995,4.073609,4.116348
1.661414,4.026819,4.074438,4.117179
1.661414,4.025995,4.073609,4.116348
1.661414,4.025995,4.073609,4.116348
1.663058,4.026819,4.075266,4.116348
1.663058,4.025995,4.075266,4.117179
1.661414,4.026819,4.074438,4.115517
1.662236,4.025995,4.075266,4.116348
1.661414,4.025995,4.073609,4.116348
1.662236,4.026819,4.073609,4.117179
1.663058,4.025995,4.073609,4.115517
1.662236,4.026819,4.073609,4.116348
1.660592,4.025995,4.073609,4.116348
1.665525,4.026819,4.072781,4.117179
1.666347,4.025995,4.074438,4.118010
1.663880,4.025171,4.074438,4.116348
1.664703,4.027643,4.075266,4.116348
1.663058,4.027643,4.074438,4.117179
1.662236,4.031764,4.080234,4.120504
1.660592,4.040830,4.089344,4.132139
1.659770,4.040830,4.087687,4.131307
1.658125,4.040006,4.087687,4.132139
1.656481,4.040006,4.087687,4.131307
1.659770,4.041654,4.087687,4.131307
1.660592,4.039181,4.088515,4.131307
1.659770,4.040006,4.086859,4.132139
1.658948,4.039181,4.086859,4.131307
1.657303,4.039181,4.086859,4.131307
1.657303,4.039181,4.086859,4.129645
1.656481,4.040006,4.087687,4.130476
1.657303,4.040006,4.087687,4.131307
1.656481,4.039181,4.086859,4.130476
1.656481,4.040006,4.086859,4.130476
1.657303,4.039181,4.086031,4.130476
1.657303,4.040006,4.086859,4.129645
1.654015,4.040830,4.086859,4.131307
1.657303,4.039181,4.086859,4.130476
1.655659,4.036709,4.082719,4.125490
1.658948,4.025995,4.072781,4.115517
1.662236,4.026819,4.074438,4.116348
1.661414,4.026819,4.073609,4.118010
1.662236,4.025171,4.073609,4.117179
1.663058,4.025995,4.075266,4.118841
1.662236,4.026819,4.074438,4.117179
1.661414,4.025171,4.073609,4.117179
1.662236,4.026819,4.072781,4.116348
1.662236,4.026819,4.074438,4.118841
1.661414,4.025995,4.074438,4.118010
1.660592,4.026819,4.073609,4.116348
1.661414,4.025171,4.072781,4.116348
1.660592,4.027643,4.073609,4.116348
1.658948,4.027643,4.072781,4.118010
1.658948,4.025995,4.072781,4.116348
1.658948,4.025995,4.074438,4.117179
1.658948,4.027643,4.076094,4.118010
1.658125,4.027643,4.073609,4.118010
1.659770,4.027643,4.074438,4.118010
1.660592,4.028467,4.073609,4.118010
1.658125,4.041654,4.089344,4.131307
1.657303,4.040006,4.088515,4.130476
1.655659,4.040006,4.088515,4.132139
1.654837,4.039181,4.087687,4.131307
1.656481,4.040006,4.087687,4.131307
1.654837,4.039181,4.088515,4.131307
1.654015,4.040006,4.087687,4.132139
1.655659,4.040006,4.086859,4.132139
1.654015,4.039181,4.086859,4.131307
1.655659,4.040830,4.088515,4.131307
1.654837,4.038357,4.087687,4.131307
1.654015,4.039181,4.087687,4.131307
1.657303,4.038357,4.087687,4.131307
1.655659,4.040830,4.086859,4.130476
1.654015,4.038357,4.086031,4.130476
1.657303,4.040006,4.087687,4.130476
1.656481,4.039181,4.087687,4.130476
1.655659,4.040006,4.086859,4.132139
1.655659,4.038357,4.086859,4.130476
1.656481,4.037533,4.086031,4.129645
1.662236,4.026819,4.072781,4.116348
1.663880,4.026819,4.073609,4.117179
1.661414,4.025995,4.073609,4.118010
1.664703,4.025171,4.073609,4.118010
1.664703,4.026819,4.073609,4.117179
1.663058,4.025995,4.074438,4.118010
1.662236,4.026819,4.072781,4.117179
1.661414,4.025995,4.074438,4.117179
1.663058,4.026819,4.075266,4.118010
1.661414,4.025995,4.074438,4.115517
1.661414,4.025995,4.073609,4.117179
1.662236,4.025171,4.072781,4.116348
1.663058,4.026819,4.074438,4.117179
1.661414,4.026819,4.073609,4.117179
1.661414,4.026819,4.072781,4.118010
1.663880,4.026819,4.074438,4.118010
1.663880,4.026819,4.074438,4.116348
1.661414,4.025995,4.074438,4.117179
1.659770,4.026819,4.074438,4.118010
1.661414,4.026819,4.073609,4.117179
1.660592,4.025995,4.073609,4.116348
1.658948,4.037533,4.086859,4.128814
1.656481,4.040006,4.088515,4.132139
1.657303,4.039181,4.086859,4.130476
1.655659,4.040830,4.087687,4.130476
1.655659,4.038357,4.086859,4.129645
1.655659,4.040006,4.087687,4.130476
1.656481,4.040006,4.086859,4.131307
1.658125,4.040830,4.087687,4.132139
1.658125,4.040006,4.086859,4.131307
1.657303,4.040006,4.086859,4.130476
1.659770,4.040006,4.086859,4.131307
1.658948,4.040830,4.087687,4.131307
1.660592,4.040830,4.086859,4.131307
1.656481,4.039181,4.085203,4.130476
1.656481,4.040006,4.088515,4.131307
1.658948,4.040006,4.088515,4.131307
1.659770,4.039181,4.087687,4.130476
1.659770,4.040006,4.087687,4.131307
1.660592,4.038357,4.086859,4.130476
1.663058,4.025171,4.072781,4.116348
1.663058,4.026819,4.075266,4.118010
1.662236,4.025995,4.075266,4.117179
1.663058,4.027643,4.074438,4.118841
1.663880,4.026819,4.073609,4.118010
1.663058,4.025995,4.073609,4.118841
1.660592,4.025995,4.074438,4.118010
1.659770,4.026819,4.074438,4.117179
1.658948,4.025995,4.072781,4.117179
1.658125,4.026819,4.074438,4.117179
1.659770,4.026819,4.072781,4.118010
1.660592,4.026819,4.073609,4.118010
1.661414,4.025995,4.072781,4.118010
1.661414,4.027643,4.074438,4.116348
1.659770,4.025995,4.072781,4.117179
1.661414,4.024347,4.073609,4.118010
1.662236,4.027643,4.074438,4.117179
1.663880,4.028467,4.074438,4.118010
1.663058,4.026819,4.073609,4.118010
1.660592,4.025995,4.073609,4.117179
1.658948,4.027643,4.076922,4.119672
1.654837,4.040006,4.089344,4.133801
1.657303,4.040006,4.087687,4.130476
1.657303,4.040006,4.087687,4.132139
1.657303,4.038357,4.086859,4.131307
1.655659,4.037533,4.086859,4.130476
1.654837,4.040006,4.086031,4.130476
1.657303,4.039181,4.086859,4.131307
1.656481,4.039181,4.086031,4.130476
1.657303,4.040006,4.088515,4.131307
1.658948,4.038357,4.086859,4.130476
1.658125,4.039181,4.087687,4.130476
1.656481,4.039181,4.088515,4.131307
1.657303,4.040006,4.087687,4.131307
1.657303,4.039181,4.087687,4.130476
1.657303,4.039181,4.086859,4.131307
1.657303,4.039181,4.086859,4.130476
1.658948,4.040006,4.086859,4.131307
1.657303,4.039181,4.086031,4.130476
1.658125,4.039181,4.086859,4.131307
1.658125,4.033412,4.078578,4.123828
1.659770,4.025995,4.071953,4.117179
1.661414,4.027643,4.072781,4.118010
1.663058,4.027643,4.073609,4.117179
1.662236,4.026819,4.073609,4.117179
1.663880,4.027643,4.072781,4.117179
1.663880,4.025995,4.072781,4.117179
1.661414,4.025995,4.074438,4.118010
1.663058,4.025171,4.074438,4.118841
1.661414,4.025171,4.072781,4.117179
1.663058,4.026819,4.074438,4.117179
1.663058,4.025171,4.073609,4.117179
1.659770,4.026819,4.073609,4.117179
1.659770,4.025171,4.074438,4.118010
1.661414,4.025995,4.075266,4.118841
1.660592,4.028467,4.072781,4.118010
1.661414,4.026819,4.072781,4.117179
1.659770,4.026819,4.072781,4.118010
1.661414,4.025995,4.072781,4.118010
1.662236,4.027643,4.074438,4.118010
1.663058,4.028467,4.076922,4.120504
1.657303,4.041654,4.089344,4.132139
1.657303,4.040830,4.086859,4.130476
1.655659,4.038357,4.089344,4.131307
1.657303,4.040006,4.086859,4.132139
1.657303,4.039181,4.087687,4.131307
1.654837,4.039181,4.086859,4.131307
1.657303,4.040006,4.086859,4.130476
1.657303,4.040006,4.088515,4.131307
1.655659,4.038357,4.087687,4.131307
1.656481,4.039181,4.086859,4.132139
1.657303,4.040006,4.086859,4.130476
1.657303,4.040830,4.086859,4.130476
1.657303,4.039181,4.087687,4.131307
1.657303,4.040830,4.087687,4.132139
1.658948,4.040830,4.086859,4.130476
1.657303,4.039181,4.086859,4.130476
1.659770,4.039181,4.088515,4.131307
1.657303,4.040006,4.088515,4.131307
1.657303,4.037533,4.085203,4.128814
1.658948,4.026819,4.072781,4.115517
1.658125,4.027643,4.074438,4.116348
1.661414,4.026819,4.074438,4.117179
1.659770,4.027643,4.074438,4.118010
1.661414,4.028467,4.075266,4.117179
1.661414,4.027643,4.073609,4.117179
1.660592,4.026819,4.075266,4.117179
1.661414,4.027643,4.075266,4.117179
1.662236,4.025995,4.075266,4.117179
1.661414,4.025995,4.071953,4.116348
1.661414,4.027643,4.073609,4.116348
1.663058,4.025995,4.073609,4.117179
1.662236,4.028467,4.072781,4.116348
1.661414,4.026819,4.074438,4.117179
1.660592,4.027643,4.072781,4.118010
1.660592,4.026819,4.074438,4.117179
1.659770,4.025171,4.073609,4.117179
1.661414,4.027643,4.075266,4.116348
1.660592,4.026819,4.075266,4.116348
1.663058,4.027643,4.073609,4.116348
1.660592,4.032588,4.079406,4.120504
1.655659,4.041654,4.088515,4.130476
1.655659,4.040830,4.087687,4.130476
1.658125,4.040830,4.088515,4.130476
1.658125,4.041654,4.086859,4.130476
1.657303,4.040830,4.087687,4.131307
1.658948,4.041654,4.086859,4.131307
1.657303,4.040006,4.086859,4.131307
1.655659,4.040830,4.087687,4.131307
1.654837,4.040830,4.087687,4.132139
1.655659,4.042478,4.086031,4.132139
1.656481,4.040830,4.086859,4.132139
1.654837,4.040006,4.086859,4.130476
1.654837,4.040006,4.087687,4.130476
1.656481,4.039181,4.086859,4.132139
1.656481,4.039181,4.086859,4.131307
1.656481,4.040830,4.086859,4.132970
1.657303,4.040006,4.085203,4.130476
1.658948,4.040006,4.088515,4.130476
1.657303,4.037533,4.082719,4.127152
1.661414,4.026819,4.071953,4.116348
1.661414,4.027643,4.074438,4.117179
1.659770,4.025171,4.071953,4.117179
1.658948,4.026819,4.074438,4.117179
1.660592,4.027643,4.074438,4.117179
1.662236,4.025995,4.073609,4.117179
1.661414,4.028467,4.072781,4.116348
1.663058,4.027643,4.072781,4.117179
1.663880,4.028467,4.072781,4.116348
1.661414,4.027643,4.073609,4.117179
1.661414,4.027643,4.073609,4.116348
1.663058,4.027643,4.072781,4.117179
1.661414,4.027643,4.072781,4.117179
1.661414,4.025995,4.072781,4.118010
1.661414,4.028467,4.072781,4.117179
1.659770,4.028467,4.073609,4.118010
1.659770,4.028467,4.073609,4.117179
1.662236,4.027643,4.071953,4.117179
1.661414,4.027643,4.072781,4.117179
1.660592,4.030940,4.077750,4.121335
1.657303,4.043302,4.088515,4.131307
1.658125,4.042478,4.086859,4.131307
1.656481,4.041654,4.086859,4.130476
1.658125,4.040006,4.085203,4.131307
1.658948,4.041654,4.086859,4.131307
1.657303,4.040006,4.086031,4.130476
1.658948,4.041654,4.086859,4.130476
1.658125,4.041654,4.086859,4.130476
1.656481,4.040006,4.086859,4.130476
1.659770,4.041654,4.086031,4.132139
1.658125,4.040830,4.086859,4.131307
1.658125,4.040006,4.086859,4.130476
1.659770,4.041654,4.086859,4.131307
1.658125,4.041654,4.086031,4.132970
1.655659,4.041654,4.085203,4.130476
1.658125,4.041654,4.086859,4.131307
1.657303,4.041654,4.087687,4.132139
1.657303,4.040830,4.087687,4.131307
1.657303,4.040006,4.086859,4.130476
1.657303,4.033412,4.078578,4.122166
1.658948,4.029292,4.074438,4.118010
1.660592,4.029292,4.075266,4.117179
1.661414,4.026819,4.074438,4.116348
1.660592,4.028467,4.074438,4.118010
1.663058,4.026819,4.071953,4.116348
1.662236,4.028467,4.073609,4.117179
1.659770,4.028467,4.073609,4.117179
1.661414,4.028467,4.073609,4.117179
1.660592,4.027643,4.074438,4.117179
1.659770,4.027643,4.072781,4.117179
1.659770,4.028467,4.071953,4.117179
1.662236,4.028467,4.073609,4.119672
1.661414,4.027643,4.073609,4.118010
1.660592,4.027643,4.072781,4.118010
1.662236,4.027643,4.074438,4.118010
1.661414,4.026819,4.073609,4.117179
1.662236,4.029292,4.075266,4.118010
1.660592,4.027643,4.073609,4.117179
1.661414,4.027643,4.073609,4.118010
1.661414,4.029292,4.075266,4.118841
1.658948,4.041654,4.087687,4.132139
1.657303,4.040830,4.086859,4.131307
1.658125,4.040830,4.087687,4.132970
1.658125,4.040830,4.088515,4.131307
1.655659,4.040830,4.086859,4.132139
1.657303,4.040830,4.086859,4.131307
1.654837,4.040006,4.087687,4.132139
1.656481,4.040006,4.086859,4.130476
1.657303,4.040006,4.086859,4.131307
1.656481,4.040006,4.086859,4.132139
1.656481,4.041654,4.086859,4.130476
1.658948,4.041654,4.086859,4.131307
1.658948,4.042478,4.086859,4.131307
1.658125,4.042478,4.086859,4.131307
1.657303,4.040006,4.086859,4.131307
1.658948,4.041654,4.087687,4.131307
1.658125,4.040006,4.086859,4.131307
1.660592,4.040006,4.087687,4.131307
1.659770,4.031764,4.077750,4.122997
1.661414,4.028467,4.073609,4.118010
1.662236,4.025995,4.072781,4.116348
1.663058,4.027643,4.073609,4.117179
1.663880,4.027643,4.074438,4.117179
1.661414,4.027643,4.072781,4.117179
1.663058,4.026819,4.073609,4.118010
1.661414,4.026819,4.075266,4.118841
1.661414,4.026819,4.073609,4.116348
1.663058,4.027643,4.074438,4.118841
1.661414,4.027643,4.072781,4.116348
1.661414,4.026819,4.073609,4.116348
1.661414,4.028467,4.074438,4.118010
1.661414,4.026819,4.073609,4.116348
1.661414,4.027643,4.073609,4.117179
1.662236,4.028467,4.072781,4.117179
1.663058,4.026819,4.073609,4.116348
1.662236,4.027643,4.072781,4.117179
1.662236,4.028467,4.073609,4.115517
1.659770,4.025171,4.072781,4.116348
1.659770,4.027643,4.073609,4.116348
1.661414,4.028467,4.075266,4.118841
1.659770,4.040830,4.088515,4.132139
1.657303,4.040830,4.087687,4.131307
1.657303,4.040830,4.087687,4.130476
1.655659,4.040830,4.086859,4.130476
1.655659,4.040006,4.087687,4.130476
1.656481,4.040830,4.088515,4.130476
1.657303,4.041654,4.088515,4.131307
1.656481,4.040830,4.086859,4.130476
1.656481,4.040830,4.086859,4.131307
1.657303,4.040830,4.087687,4.130476
1.654015,4.039181,4.086859,4.130476
1.657303,4.040830,4.087687,4.129645
1.658125,4.041654,4.087687,4.130476
1.658125,4.040830,4.089344,4.131307
1.656481,4.039181,4.086859,4.130476
1.658948,4.041654,4.089344,4.131307
1.658125,4.040830,4.087687,4.132139
1.657303,4.040006,4.087687,4.131307
1.657303,4.040830,4.086859,4.130476
1.661414,4.034237,4.081062,4.125490
1.661414,4.026819,4.071953,4.116348
1.661414,4.025995,4.074438,4.116348
1.659770,4.026819,4.072781,4.117179
1.659770,4.027643,4.073609,4.117179
1.658948,4.027643,4.071953,4.117179
1.661414,4.028467,4.074438,4.116348
1.660592,4.027643,4.072781,4.118010
1.661414,4.027643,4.073609,4.116348
1.660592,4.026819,4.073609,4.116348
1.658948,4.028467,4.073609,4.118010
1.658125,4.026819,4.073609,4.116348
1.658125,4.025995,4.072781,4.117179
1.660592,4.028467,4.073609,4.117179
1.664703,4.025995,4.073609,4.117179
1.662236,4.026819,4.074438,4.118841
1.662236,4.025171,4.074438,4.116348
1.663058,4.026819,4.074438,4.118010
1.663058,4.026819,4.072781,4.118010
1.661414,4.025995,4.074438,4.117179
1.657303,4.036709,4.084375,4.128814
1.656481,4.040830,4.087687,4.132139
1.658948,4.039181,4.088515,4.131307
1.658125,4.041654,4.089344,4.132139
1.660592,4.040830,4.087687,4.132139
1.657303,4.040830,4.087687,4.131307
1.655659,4.039181,4.087687,4.130476
1.654015,4.039181,4.087687,4.131307
1.653193,4.038357,4.087687,4.130476
1.654837,4.040006,4.086859,4.131307
1.654015,4.039181,4.087687,4.130476
1.654837,4.039181,4.086859,4.130476
1.657303,4.040006,4.087687,4.131307
1.658125,4.040006,4.086859,4.130476
1.657303,4.039181,4.088515,4.130476
1.654837,4.039181,4.087687,4.130476
1.655659,4.039181,4.086859,4.130476
1.658125,4.040006,4.086859,4.130476
1.658125,4.039181,4.087687,4.131307
1.658125,4.039181,4.086031,4.130476
1.661414,4.024347,4.072781,4.116348
1.658125,4.025171,4.072781,4.116348
1.660592,4.027643,4.073609,4.117179
1.659770,4.025171,4.073609,4.115517
1.659770,4.026819,4.072781,4.115517
1.658948,4.026819,4.075266,4.117179
1.661414,4.026819,4.073609,4.116348
1.660592,4.026819,4.073609,4.116348
1.659770,4.027643,4.071953,4.117179
1.659770,4.028467,4.075266,4.116348
1.658948,4.027643,4.075266,4.117179
1.662236,4.027643,4.074438,4.116348
1.662236,4.026819,4.073609,4.116348
1.661414,4.026819,4.073609,4.117179
1.660592,4.028467,4.073609,4.118010
1.662236,4.026819,4.074438,4.117179
1.663880,4.027643,4.072781,4.116348
1.664703,4.026819,4.074438,4.117179
1.665525,4.026819,4.074438,4.118010
1.662236,4.026819,4.072781,4.117179
1.661414,4.027643,4.073609,4.116348
1.661414,4.027643,4.074438,4.117179
1.657303,4.040830,4.086859,4.130476
1.655659,4.040830,4.088515,4.131307
1.657303,4.040006,4.087687,4.130476
1.659770,4.041654,4.086859,4.132139
1.656481,4.040830,4.087687,4.130476
1.657303,4.041654,4.088515,4.132139
1.655659,4.040830,4.086859,4.130476
1.657303,4.039181,4.087687,4.130476
1.657303,4.041654,4.088515,4.130476
1.658125,4.042478,4.088515,4.129645
1.658125,4.040006,4.087687,4.130476
1.658125,4.040830,4.087687,4.130476
1.658125,4.040830,4.086859,4.129645
1.659770,4.040830,4.087687,4.129645
1.658948,4.040006,4.086859,4.130476
1.658125,4.041654,4.087687,4.130476
1.655659,4.040830,4.086859,4.130476
1.656481,4.040830,4.087687,4.129645
1.654837,4.040006,4.086859,4.130476
1.656481,4.036709,4.084375,4.126321
1.660592,4.026819,4.071953,4.116348
1.660592,4.026819,4.073609,4.116348
1.661414,4.027643,4.073609,4.117179
1.660592,4.025995,4.073609,4.116348
1.662236,4.026819,4.072781,4.118010
1.661414,4.027643,4.074438,4.118010
1.659770,4.027643,4.073609,4.117179
1.661414,4.027643,4.073609,4.118010
1.662236,4.027643,4.074438,4.117179
1.663880,4.028467,4.076094,4.117179
1.663880,4.027643,4.073609,4.116348
1.662236,4.025171,4.074438,4.117179
1.662236,4.025995,4.074438,4.117179
1.659770,4.026819,4.073609,4.118010
1.661414,4.027643,4.072781,4.117179
1.661414,4.027643,4.074438,4.117179
1.660592,4.026819,4.073609,4.115517
1.663058,4.028467,4.074438,4.116348
1.661414,4.025171,4.074438,4.116348
1.661414,4.027643,4.076094,4.116348
1.657303,4.037533,4.083547,4.125490
1.657303,4.039181,4.087687,4.130476
1.656481,4.040830,4.087687,4.130476
1.654837,4.040830,4.086859,4.131307
1.656481,4.040006,4.086859,4.131307
1.654015,4.039181,4.086859,4.130476
1.657303,4.040006,4.086859,4.131307
1.658948,4.040006,4.086859,4.130476
1.657303,4.042478,4.086859,4.129645
1.658125,4.040006,4.086859,4.131307
1.657303,4.040830,4.088515,4.131307
1.654837,4.040830,4.086859,4.129645
1.658948,4.040830,4.086859,4.131307
1.656481,4.040830,4.087687,4.130476
1.655659,4.040006,4.086859,4.129645
1.656481,4.040830,4.087687,4.132139
1.656481,4.040830,4.086859,4.132970
1.655659,4.039181,4.086031,4.131307
1.657303,4.040830,4.087687,4.131307
1.660592,4.028467,4.072781,4.118841
1.661414,4.027643,4.073609,4.116348
1.658948,4.026819,4.072781,4.117179
1.658948,4.027643,4.072781,4.118010
1.659770,4.027643,4.074438,4.116348
1.660592,4.025995,4.073609,4.117179
1.660592,4.027643,4.074438,4.117179
1.661414,4.026819,4.073609,4.118010
1.660592,4.026819,4.074438,4.117179
1.658948,4.026819,4.074438,4.117179
1.662236,4.026819,4.074438,4.118010
1.659770,4.026819,4.071953,4.114686
1.659770,4.026819,4.072781,4.117179
1.660592,4.026819,4.073609,4.118841
1.661414,4.027643,4.071953,4.118010
1.660592,4.025995,4.071953,4.117179
1.659770,4.026819,4.073609,4.118010
1.662236,4.028467,4.073609,4.118010
1.661414,4.028467,4.074438,4.117179
1.662236,4.028467,4.073609,4.117179
1.660592,4.026819,4.073609,4.116348
1.658125,4.037533,4.084375,4.127983
1.657303,4.041654,4.086859,4.131307
1.655659,4.041654,4.086859,4.131307
1.655659,4.040006,4.086859,4.130476
1.657303,4.040006,4.086859,4.130476
1.658948,4.041654,4.086859,4.131307
1.656481,4.038357,4.086859,4.131307
1.657303,4.040006,4.087687,4.132139
1.658948,4.040830,4.086859,4.131307
1.659770,4.040830,4.086031,4.132970
1.658125,4.039181,4.086859,4.131307
1.658125,4.040006,4.086031,4.130476
1.658125,4.040830,4.086859,4.131307
1.658125,4.040830,4.087687,4.130476
1.658948,4.040830,4.086859,4.129645
1.657303,4.040830,4.088515,4.130476
1.658125,4.039181,4.086031,4.130476
1.660592,4.039181,4.086859,4.132139
1.661414,4.040830,4.087687,4.130476
1.658125,4.040006,4.086031,4.131307
1.659770,4.028467,4.076094,4.119672
1.660592,4.026819,4.073609,4.118010
1.663058,4.025995,4.073609,4.118010
1.661414,4.025995,4.072781,4.117179
1.663880,4.026819,4.073609,4.117179
1.663880,4.026819,4.073609,4.117179
1.662236,4.026819,4.071953,4.116348
1.663880,4.026819,4.072781,4.118010
1.662236,4.026819,4.072781,4.118010
1.658125,4.026819,4.074438,4.118010
1.661414,4.025995,4.073609,4.118841
1.660592,4.028467,4.073609,4.118010
1.661414,4.027643,4.074438,4.118010
1.662236,4.025995,4.073609,4.118010
1.661414,4.026819,4.074438,4.118010
1.660592,4.025995,4.075266,4.118841
1.659770,4.027643,4.075266,4.118010
1.657303,4.027643,4.072781,4.116348
1.659770,4.025995,4.074438,4.117179
1.661414,4.025995,4.074438,4.118010
1.661414,4.025995,4.075266,4.118010
1.662236,4.034237,4.081891,4.124659
1.657303,4.040830,4.088515,4.131307
1.657303,4.040006,4.086859,4.130476
1.657303,4.039181,4.086859,4.130476
1.658948,4.040006,4.086859,4.131307
1.658948,4.040006,4.086859,4.132139
1.658125,4.040006,4.086859,4.131307
1.657303,4.038357,4.087687,4.130476
1.656481,4.040006,4.087687,4.130476
1.657303,4.040830,4.086859,4.130476
1.658948,4.040006,4.086031,4.131307
1.656481,4.040006,4.086859,4.130476
1.654837,4.040830,4.086859,4.132139
1.656481,4.039181,4.086859,4.130476
1.656481,4.040006,4.086031,4.131307
1.657303,4.040006,4.086859,4.130476
1.657303,4.041654,4.086859,4.130476
1.656481,4.039181,4.086859,4.129645
1.657303,4.040006,4.086031,4.132139
1.657303,4.038357,4.083547,4.128814
1.659770,4.025995,4.071953,4.116348
1.662236,4.026819,4.073609,4.118010
1.663058,4.027643,4.072781,4.118010
1.663058,4.028467,4.072781,4.118010
1.660592,4.027643,4.073609,4.118010
1.659770,4.026819,4.073609,4.115517
1.660592,4.026819,4.071953,4.118010
1.661414,4.027643,4.073609,4.117179
1.660592,4.027643,4.073609,4.116348
1.660592,4.027643,4.074438,4.118010
1.659770,4.026819,4.072781,4.117179
1.660592,4.025995,4.073609,4.117179
1.662236,4.026819,4.074438,4.118010
1.660592,4.025995,4.073609,4.118010
1.659770,4.026819,4.075266,4.118010
1.662236,4.026819,4.073609,4.118010
1.660592,4.025995,4.074438,4.117179
1.660592,4.027643,4.074438,4.118841
1.660592,4.026819,4.074438,4.116348
1.661414,4.027643,4.074438,4.118841
1.658948,4.034237,4.082719,4.125490
1.657303,4.040830,4.089344,4.132139
1.658948,4.040006,4.086859,4.130476
1.657303,4.040830,4.087687,4.131307
1.656481,4.039181,4.087687,4.130476
1.658948,4.040006,4.086859,4.130476
1.660592,4.040006,4.086859,4.130476
1.657303,4.040830,4.086859,4.131307
1.657303,4.040006,4.086859,4.129645
1.656481,4.039181,4.086859,4.130476
1.657303,4.040006,4.087687,4.131307
1.656481,4.040830,4.086859,4.131307
1.656481,4.039181,4.086859,4.130476
1.658948,4.040006,4.086859,4.131307
1.655659,4.040830,4.088515,4.130476
1.655659,4.040830,4.087687,4.130476
1.658125,4.041654,4.087687,4.132139
1.657303,4.040830,4.091000,4.132139
1.655659,4.040006,4.087687,4.131307
1.656481,4.039181,4.086859,4.131307
1.660592,4.031764,4.079406,4.122997
1.661414,4.025995,4.074438,4.117179
1.663880,4.026819,4.074438,4.118010
1.663058,4.027643,4.076094,4.117179
1.661414,4.027643,4.074438,4.118010
1.659770,4.026819,4.074438,4.118841
1.660592,4.027643,4.075266,4.118010
1.662236,4.025171,4.075266,4.117179
1.663880,4.026819,4.076094,4.118841
1.663058,4.027643,4.073609,4.118010
1.660592,4.026819,4.074438,4.117179
1.663880,4.027643,4.075266,4.118010
1.663058,4.025995,4.073609,4.117179
1.663058,4.027643,4.074438,4.118841
1.662236,4.027643,4.074438,4.118841
1.661414,4.026819,4.072781,4.117179
1.662236,4.027643,4.073609,4.118010
1.662236,4.027643,4.073609,4.118010
1.661414,4.027643,4.072781,4.118841
1.661414,4.025171,4.073609,4.118010
1.661414,4.026819,4.073609,4.118841
1.656481,4.039181,4.087687,4.131307
1.655659,4.040006,4.085203,4.132139
1.658125,4.040830,4.086859,4.131307
1.656481,4.038357,4.086859,4.130476
1.656481,4.039181,4.086031,4.132139
1.655659,4.039181,4.086031,4.132139
1.653193,4.040830,4.086859,4.132139
1.655659,4.039181,4.086859,4.131307
1.654015,4.039181,4.086031,4.131307
1.656481,4.039181,4.086031,4.132970
1.656481,4.040006,4.087687,4.132970
1.658948,4.040830,4.086859,4.131307
1.658948,4.040006,4.084375,4.130476
1.660592,4.040006,4.086859,4.132139
1.656481,4.040006,4.086859,4.132139
1.654837,4.040006,4.085203,4.131307
1.657303,4.039181,4.086031,4.132139
1.655659,4.039181,4.086031,4.131307
1.656481,4.040006,4.086859,4.131307
1.658948,4.040006,4.087687,4.132139
1.659770,4.031764,4.076922,4.122166
1.663058,4.026819,4.072781,4.118010
1.666347,4.028467,4.071953,4.116348
1.665525,4.025995,4.071953,4.118010
1.663880,4.027643,4.073609,4.118010
1.662236,4.027643,4.073609,4.118010
1.661414,4.026819,4.073609,4.118841
1.661414,4.026819,4.074438,4.118841
1.661414,4.027643,4.074438,4.117179
1.661414,4.028467,4.074438,4.118010
1.660592,4.026819,4.075266,4.117179
1.661414,4.027643,4.074438,4.118010
1.662236,4.027643,4.074438,4.118010
1.660592,4.027643,4.075266,4.117179
1.659770,4.027643,4.076094,4.118010
1.658948,4.027643,4.074438,4.118010
1.662236,4.027643,4.075266,4.118010
1.661414,4.027643,4.074438,4.117179
1.663058,4.027643,4.073609,4.118010
1.662236,4.026819,4.072781,4.117179
1.661414,4.028467,4.074438,4.118010
1.659770,4.033412,4.081062,4.124659
1.658125,4.040006,4.089344,4.132139
1.657303,4.041654,4.088515,4.131307
1.656481,4.040830,4.087687,4.131307
1.657303,4.039181,4.086859,4.130476
1.658125,4.040830,4.086859,4.131307
1.657303,4.041654,4.086859,4.131307
1.656481,4.041654,4.086859,4.131307
